{"index": 0, "costs": [0.0, 0.6003971434871482, 0.6692494580265538, 1.0929440972918838, 1.693341240779032, 1.727767398048735, 2.151462037314065, 2.7518591808012136, 2.8207114953406194, 3.2444061346059496, 3.8448032780930976, 3.896442513997652, 4.320137153262982, 4.92053429675013, 4.989386611289536, 5.413081250554866, 6.013478394042014, 6.437173033307344], "totalCost": 6.437173033307344, "GlobalIdPath": [242065, 288675, 237098, 241423, 288279, 236855, 241683, 288549, 237058, 241109, 285861, 236774, 240457, 283543, 236673, 239435, 236592, 235678]}