{"index": 0, "costs": [0.0, 0.6003971434871482, 0.6692494580265538, 1.0929440972918838, 1.693341240779032, 1.7621935553184376, 2.1858881945837676, 2.7862853380709156, 2.8207114953406185, 3.2444061346059483, 3.8448032780930967, 3.896442513997651, 4.320137153262981, 4.920534296750129, 4.989386611289535, 5.413081250554865, 6.013478394042013, 6.0263882030181515, 6.450082842283481], "totalCost": 6.450082842283481, "GlobalIdPath": [242065, 288675, 237118, 241931, 288549, 237058, 241423, 288279, 236855, 241109, 285861, 236734, 240457, 283543, 236632, 239435, 271060, 236511, 235678]}