source,target,attributes,relation_type
235262,237314,"{'time': 2.3601903525000005, 'inv_time': 0.4236946392653301}",RELATED_TO
235262,237395,"{'time': 2.3601903525000005, 'inv_time': 0.4236946392653301}",RELATED_TO
235262,237355,"{'time': 2.3601903525000005, 'inv_time': 0.4236946392653301}",RELATED_TO
235262,237416,"{'time': 2.3601903525000005, 'inv_time': 0.4236946392653301}",RELATED_TO
235262,237334,"{'time': 2.3601903525000005, 'inv_time': 0.4236946392653301}",RELATED_TO
235262,237375,"{'time': 2.3601903525000005, 'inv_time': 0.4236946392653301}",RELATED_TO
235262,237740,"{'time': 2.3601903525000005, 'inv_time': 0.4236946392653301}",RELATED_TO
235262,237679,"{'time': 2.3601903525000005, 'inv_time': 0.4236946392653301}",RELATED_TO
235262,237719,"{'time': 2.3601903525000005, 'inv_time': 0.4236946392653301}",RELATED_TO
235262,237780,"{'time': 2.3601903525000005, 'inv_time': 0.4236946392653301}",RELATED_TO
235262,237760,"{'time': 2.3601903525000005, 'inv_time': 0.4236946392653301}",RELATED_TO
235262,237699,"{'time': 2.3601903525000005, 'inv_time': 0.4236946392653301}",RELATED_TO
235323,237314,"{'time': 2.3601903525000005, 'inv_time': 0.4236946392653301}",RELATED_TO
235323,237395,"{'time': 2.3601903525000005, 'inv_time': 0.4236946392653301}",RELATED_TO
235323,237355,"{'time': 2.3601903525000005, 'inv_time': 0.4236946392653301}",RELATED_TO
235323,237416,"{'time': 2.3601903525000005, 'inv_time': 0.4236946392653301}",RELATED_TO
235323,237334,"{'time': 2.3601903525000005, 'inv_time': 0.4236946392653301}",RELATED_TO
235323,237375,"{'time': 2.3601903525000005, 'inv_time': 0.4236946392653301}",RELATED_TO
235323,237740,"{'time': 2.3601903525000005, 'inv_time': 0.4236946392653301}",RELATED_TO
235323,237679,"{'time': 2.3601903525000005, 'inv_time': 0.4236946392653301}",RELATED_TO
235323,237719,"{'time': 2.3601903525000005, 'inv_time': 0.4236946392653301}",RELATED_TO
235323,237780,"{'time': 2.3601903525000005, 'inv_time': 0.4236946392653301}",RELATED_TO
235323,237760,"{'time': 2.3601903525000005, 'inv_time': 0.4236946392653301}",RELATED_TO
235323,237699,"{'time': 2.3601903525000005, 'inv_time': 0.4236946392653301}",RELATED_TO
235303,237314,"{'time': 2.3601903525000005, 'inv_time': 0.4236946392653301}",RELATED_TO
235303,237395,"{'time': 2.3601903525000005, 'inv_time': 0.4236946392653301}",RELATED_TO
235303,237355,"{'time': 2.3601903525000005, 'inv_time': 0.4236946392653301}",RELATED_TO
235303,237416,"{'time': 2.3601903525000005, 'inv_time': 0.4236946392653301}",RELATED_TO
235303,237334,"{'time': 2.3601903525000005, 'inv_time': 0.4236946392653301}",RELATED_TO
235303,237375,"{'time': 2.3601903525000005, 'inv_time': 0.4236946392653301}",RELATED_TO
235303,237740,"{'time': 2.3601903525000005, 'inv_time': 0.4236946392653301}",RELATED_TO
235303,237679,"{'time': 2.3601903525000005, 'inv_time': 0.4236946392653301}",RELATED_TO
235303,237719,"{'time': 2.3601903525000005, 'inv_time': 0.4236946392653301}",RELATED_TO
235303,237780,"{'time': 2.3601903525000005, 'inv_time': 0.4236946392653301}",RELATED_TO
235303,237760,"{'time': 2.3601903525000005, 'inv_time': 0.4236946392653301}",RELATED_TO
235303,237699,"{'time': 2.3601903525000005, 'inv_time': 0.4236946392653301}",RELATED_TO
235282,237314,"{'time': 2.3601903525000005, 'inv_time': 0.4236946392653301}",RELATED_TO
235282,237395,"{'time': 2.3601903525000005, 'inv_time': 0.4236946392653301}",RELATED_TO
235282,237355,"{'time': 2.3601903525000005, 'inv_time': 0.4236946392653301}",RELATED_TO
235282,237416,"{'time': 2.3601903525000005, 'inv_time': 0.4236946392653301}",RELATED_TO
235282,237334,"{'time': 2.3601903525000005, 'inv_time': 0.4236946392653301}",RELATED_TO
235282,237375,"{'time': 2.3601903525000005, 'inv_time': 0.4236946392653301}",RELATED_TO
235282,237740,"{'time': 2.3601903525000005, 'inv_time': 0.4236946392653301}",RELATED_TO
235282,237679,"{'time': 2.3601903525000005, 'inv_time': 0.4236946392653301}",RELATED_TO
235282,237719,"{'time': 2.3601903525000005, 'inv_time': 0.4236946392653301}",RELATED_TO
235282,237780,"{'time': 2.3601903525000005, 'inv_time': 0.4236946392653301}",RELATED_TO
235282,237760,"{'time': 2.3601903525000005, 'inv_time': 0.4236946392653301}",RELATED_TO
235282,237699,"{'time': 2.3601903525000005, 'inv_time': 0.4236946392653301}",RELATED_TO
235242,237314,"{'time': 2.3601903525000005, 'inv_time': 0.4236946392653301}",RELATED_TO
235242,237395,"{'time': 2.3601903525000005, 'inv_time': 0.4236946392653301}",RELATED_TO
235242,237355,"{'time': 2.3601903525000005, 'inv_time': 0.4236946392653301}",RELATED_TO
235242,237416,"{'time': 2.3601903525000005, 'inv_time': 0.4236946392653301}",RELATED_TO
235242,237334,"{'time': 2.3601903525000005, 'inv_time': 0.4236946392653301}",RELATED_TO
235242,237375,"{'time': 2.3601903525000005, 'inv_time': 0.4236946392653301}",RELATED_TO
235242,237740,"{'time': 2.3601903525000005, 'inv_time': 0.4236946392653301}",RELATED_TO
235242,237679,"{'time': 2.3601903525000005, 'inv_time': 0.4236946392653301}",RELATED_TO
235242,237719,"{'time': 2.3601903525000005, 'inv_time': 0.4236946392653301}",RELATED_TO
235242,237780,"{'time': 2.3601903525000005, 'inv_time': 0.4236946392653301}",RELATED_TO
235242,237760,"{'time': 2.3601903525000005, 'inv_time': 0.4236946392653301}",RELATED_TO
235242,237699,"{'time': 2.3601903525000005, 'inv_time': 0.4236946392653301}",RELATED_TO
235222,237314,"{'time': 2.3601903525000005, 'inv_time': 0.4236946392653301}",RELATED_TO
235222,237395,"{'time': 2.3601903525000005, 'inv_time': 0.4236946392653301}",RELATED_TO
235222,237355,"{'time': 2.3601903525000005, 'inv_time': 0.4236946392653301}",RELATED_TO
235222,237416,"{'time': 2.3601903525000005, 'inv_time': 0.4236946392653301}",RELATED_TO
235222,237334,"{'time': 2.3601903525000005, 'inv_time': 0.4236946392653301}",RELATED_TO
235222,237375,"{'time': 2.3601903525000005, 'inv_time': 0.4236946392653301}",RELATED_TO
235222,237740,"{'time': 2.3601903525000005, 'inv_time': 0.4236946392653301}",RELATED_TO
235222,237679,"{'time': 2.3601903525000005, 'inv_time': 0.4236946392653301}",RELATED_TO
235222,237719,"{'time': 2.3601903525000005, 'inv_time': 0.4236946392653301}",RELATED_TO
235222,237780,"{'time': 2.3601903525000005, 'inv_time': 0.4236946392653301}",RELATED_TO
235222,237760,"{'time': 2.3601903525000005, 'inv_time': 0.4236946392653301}",RELATED_TO
235222,237699,"{'time': 2.3601903525000005, 'inv_time': 0.4236946392653301}",RELATED_TO
235202,237314,"{'time': 2.3601903525000005, 'inv_time': 0.4236946392653301}",RELATED_TO
235202,237395,"{'time': 2.3601903525000005, 'inv_time': 0.4236946392653301}",RELATED_TO
235202,237355,"{'time': 2.3601903525000005, 'inv_time': 0.4236946392653301}",RELATED_TO
235202,237416,"{'time': 2.3601903525000005, 'inv_time': 0.4236946392653301}",RELATED_TO
235202,237334,"{'time': 2.3601903525000005, 'inv_time': 0.4236946392653301}",RELATED_TO
235202,237375,"{'time': 2.3601903525000005, 'inv_time': 0.4236946392653301}",RELATED_TO
235202,237740,"{'time': 2.3601903525000005, 'inv_time': 0.4236946392653301}",RELATED_TO
235202,237679,"{'time': 2.3601903525000005, 'inv_time': 0.4236946392653301}",RELATED_TO
235202,237719,"{'time': 2.3601903525000005, 'inv_time': 0.4236946392653301}",RELATED_TO
235202,237780,"{'time': 2.3601903525000005, 'inv_time': 0.4236946392653301}",RELATED_TO
235202,237760,"{'time': 2.3601903525000005, 'inv_time': 0.4236946392653301}",RELATED_TO
235202,237699,"{'time': 2.3601903525000005, 'inv_time': 0.4236946392653301}",RELATED_TO
235343,237314,"{'time': 2.3601903525000005, 'inv_time': 0.4236946392653301}",RELATED_TO
235343,237395,"{'time': 2.3601903525000005, 'inv_time': 0.4236946392653301}",RELATED_TO
235343,237355,"{'time': 2.3601903525000005, 'inv_time': 0.4236946392653301}",RELATED_TO
235343,237416,"{'time': 2.3601903525000005, 'inv_time': 0.4236946392653301}",RELATED_TO
235343,237334,"{'time': 2.3601903525000005, 'inv_time': 0.4236946392653301}",RELATED_TO
235343,237375,"{'time': 2.3601903525000005, 'inv_time': 0.4236946392653301}",RELATED_TO
235343,237740,"{'time': 2.3601903525000005, 'inv_time': 0.4236946392653301}",RELATED_TO
235343,237679,"{'time': 2.3601903525000005, 'inv_time': 0.4236946392653301}",RELATED_TO
235343,237719,"{'time': 2.3601903525000005, 'inv_time': 0.4236946392653301}",RELATED_TO
235343,237780,"{'time': 2.3601903525000005, 'inv_time': 0.4236946392653301}",RELATED_TO
235343,237760,"{'time': 2.3601903525000005, 'inv_time': 0.4236946392653301}",RELATED_TO
235343,237699,"{'time': 2.3601903525000005, 'inv_time': 0.4236946392653301}",RELATED_TO
237314,270892,"{'time': 4.841279999999999, 'inv_time': 0.2065569436182167}",RELATED_TO
237314,270700,"{'time': 62.93663999999999, 'inv_time': 0.015888995662939748}",RELATED_TO
237314,271832,"{'time': 29.04768, 'inv_time': 0.03442615726970278}",RELATED_TO
237314,270334,"{'time': 4.841279999999999, 'inv_time': 0.2065569436182167}",RELATED_TO
237395,270892,"{'time': 4.841279999999999, 'inv_time': 0.2065569436182167}",RELATED_TO
237395,270700,"{'time': 62.93663999999999, 'inv_time': 0.015888995662939748}",RELATED_TO
237395,271832,"{'time': 29.04768, 'inv_time': 0.03442615726970278}",RELATED_TO
237395,270334,"{'time': 4.841279999999999, 'inv_time': 0.2065569436182167}",RELATED_TO
237355,270892,"{'time': 4.841279999999999, 'inv_time': 0.2065569436182167}",RELATED_TO
237355,270700,"{'time': 62.93663999999999, 'inv_time': 0.015888995662939748}",RELATED_TO
237355,271832,"{'time': 29.04768, 'inv_time': 0.03442615726970278}",RELATED_TO
237355,270334,"{'time': 4.841279999999999, 'inv_time': 0.2065569436182167}",RELATED_TO
237416,270892,"{'time': 4.841279999999999, 'inv_time': 0.2065569436182167}",RELATED_TO
237416,270700,"{'time': 62.93663999999999, 'inv_time': 0.015888995662939748}",RELATED_TO
237416,271832,"{'time': 29.04768, 'inv_time': 0.03442615726970278}",RELATED_TO
237416,270334,"{'time': 4.841279999999999, 'inv_time': 0.2065569436182167}",RELATED_TO
237334,270892,"{'time': 4.841279999999999, 'inv_time': 0.2065569436182167}",RELATED_TO
237334,270700,"{'time': 62.93663999999999, 'inv_time': 0.015888995662939748}",RELATED_TO
237334,271832,"{'time': 29.04768, 'inv_time': 0.03442615726970278}",RELATED_TO
237334,270334,"{'time': 4.841279999999999, 'inv_time': 0.2065569436182167}",RELATED_TO
237375,270892,"{'time': 4.841279999999999, 'inv_time': 0.2065569436182167}",RELATED_TO
237375,270700,"{'time': 62.93663999999999, 'inv_time': 0.015888995662939748}",RELATED_TO
237375,271832,"{'time': 29.04768, 'inv_time': 0.03442615726970278}",RELATED_TO
237375,270334,"{'time': 4.841279999999999, 'inv_time': 0.2065569436182167}",RELATED_TO
237740,270892,"{'time': 4.841279999999999, 'inv_time': 0.2065569436182167}",RELATED_TO
237740,270700,"{'time': 62.93663999999999, 'inv_time': 0.015888995662939748}",RELATED_TO
237740,271832,"{'time': 29.04768, 'inv_time': 0.03442615726970278}",RELATED_TO
237740,270334,"{'time': 4.841279999999999, 'inv_time': 0.2065569436182167}",RELATED_TO
237679,270892,"{'time': 4.841279999999999, 'inv_time': 0.2065569436182167}",RELATED_TO
237679,270700,"{'time': 62.93663999999999, 'inv_time': 0.015888995662939748}",RELATED_TO
237679,271832,"{'time': 29.04768, 'inv_time': 0.03442615726970278}",RELATED_TO
237679,270334,"{'time': 4.841279999999999, 'inv_time': 0.2065569436182167}",RELATED_TO
237719,270892,"{'time': 4.841279999999999, 'inv_time': 0.2065569436182167}",RELATED_TO
237719,270700,"{'time': 62.93663999999999, 'inv_time': 0.015888995662939748}",RELATED_TO
237719,271832,"{'time': 29.04768, 'inv_time': 0.03442615726970278}",RELATED_TO
237719,270334,"{'time': 4.841279999999999, 'inv_time': 0.2065569436182167}",RELATED_TO
237780,270892,"{'time': 4.841279999999999, 'inv_time': 0.2065569436182167}",RELATED_TO
237780,270700,"{'time': 62.93663999999999, 'inv_time': 0.015888995662939748}",RELATED_TO
237780,271832,"{'time': 29.04768, 'inv_time': 0.03442615726970278}",RELATED_TO
237780,270334,"{'time': 4.841279999999999, 'inv_time': 0.2065569436182167}",RELATED_TO
237760,270892,"{'time': 4.841279999999999, 'inv_time': 0.2065569436182167}",RELATED_TO
237760,270700,"{'time': 62.93663999999999, 'inv_time': 0.015888995662939748}",RELATED_TO
237760,271832,"{'time': 29.04768, 'inv_time': 0.03442615726970278}",RELATED_TO
237760,270334,"{'time': 4.841279999999999, 'inv_time': 0.2065569436182167}",RELATED_TO
237699,270892,"{'time': 4.841279999999999, 'inv_time': 0.2065569436182167}",RELATED_TO
237699,270700,"{'time': 62.93663999999999, 'inv_time': 0.015888995662939748}",RELATED_TO
237699,271832,"{'time': 29.04768, 'inv_time': 0.03442615726970278}",RELATED_TO
237699,270334,"{'time': 4.841279999999999, 'inv_time': 0.2065569436182167}",RELATED_TO
270892,239143,"{'time': 1.6655642200293137, 'inv_time': 0.6003971434871482}",RELATED_TO
270892,239154,"{'time': 1.6655642200293137, 'inv_time': 0.6003971434871482}",RELATED_TO
270892,239075,"{'time': 1.6655642200293137, 'inv_time': 0.6003971434871482}",RELATED_TO
270892,239176,"{'time': 1.6655642200293137, 'inv_time': 0.6003971434871482}",RELATED_TO
270892,239199,"{'time': 1.6655642200293137, 'inv_time': 0.6003971434871482}",RELATED_TO
270892,239501,"{'time': 1.6655642200293137, 'inv_time': 0.6003971434871482}",RELATED_TO
270892,239533,"{'time': 1.6655642200293137, 'inv_time': 0.6003971434871482}",RELATED_TO
270892,239446,"{'time': 1.6655642200293137, 'inv_time': 0.6003971434871482}",RELATED_TO
270892,239511,"{'time': 1.6655642200293137, 'inv_time': 0.6003971434871482}",RELATED_TO
270892,239567,"{'time': 1.6655642200293137, 'inv_time': 0.6003971434871482}",RELATED_TO
270892,239557,"{'time': 1.6655642200293137, 'inv_time': 0.6003971434871482}",RELATED_TO
270892,239468,"{'time': 1.6655642200293137, 'inv_time': 0.6003971434871482}",RELATED_TO
270892,239457,"{'time': 1.6655642200293137, 'inv_time': 0.6003971434871482}",RELATED_TO
270892,239479,"{'time': 1.6655642200293137, 'inv_time': 0.6003971434871482}",RELATED_TO
270892,239647,"{'time': 1.6655642200293137, 'inv_time': 0.6003971434871482}",RELATED_TO
270892,239849,"{'time': 1.6655642200293137, 'inv_time': 0.6003971434871482}",RELATED_TO
270700,239143,"{'time': 1.6655642200293137, 'inv_time': 0.6003971434871482}",RELATED_TO
270700,239154,"{'time': 1.6655642200293137, 'inv_time': 0.6003971434871482}",RELATED_TO
270700,239075,"{'time': 1.6655642200293137, 'inv_time': 0.6003971434871482}",RELATED_TO
270700,239176,"{'time': 1.6655642200293137, 'inv_time': 0.6003971434871482}",RELATED_TO
270700,239199,"{'time': 1.6655642200293137, 'inv_time': 0.6003971434871482}",RELATED_TO
270700,239501,"{'time': 1.6655642200293137, 'inv_time': 0.6003971434871482}",RELATED_TO
270700,239533,"{'time': 1.6655642200293137, 'inv_time': 0.6003971434871482}",RELATED_TO
270700,239446,"{'time': 1.6655642200293137, 'inv_time': 0.6003971434871482}",RELATED_TO
270700,239511,"{'time': 1.6655642200293137, 'inv_time': 0.6003971434871482}",RELATED_TO
270700,239567,"{'time': 1.6655642200293137, 'inv_time': 0.6003971434871482}",RELATED_TO
270700,239557,"{'time': 1.6655642200293137, 'inv_time': 0.6003971434871482}",RELATED_TO
270700,239468,"{'time': 1.6655642200293137, 'inv_time': 0.6003971434871482}",RELATED_TO
270700,239457,"{'time': 1.6655642200293137, 'inv_time': 0.6003971434871482}",RELATED_TO
270700,239479,"{'time': 1.6655642200293137, 'inv_time': 0.6003971434871482}",RELATED_TO
270700,239647,"{'time': 1.6655642200293137, 'inv_time': 0.6003971434871482}",RELATED_TO
270700,239849,"{'time': 1.6655642200293137, 'inv_time': 0.6003971434871482}",RELATED_TO
271832,239143,"{'time': 1.6655642200293137, 'inv_time': 0.6003971434871482}",RELATED_TO
271832,239154,"{'time': 1.6655642200293137, 'inv_time': 0.6003971434871482}",RELATED_TO
271832,239075,"{'time': 1.6655642200293137, 'inv_time': 0.6003971434871482}",RELATED_TO
271832,239176,"{'time': 1.6655642200293137, 'inv_time': 0.6003971434871482}",RELATED_TO
271832,239199,"{'time': 1.6655642200293137, 'inv_time': 0.6003971434871482}",RELATED_TO
271832,239501,"{'time': 1.6655642200293137, 'inv_time': 0.6003971434871482}",RELATED_TO
271832,239533,"{'time': 1.6655642200293137, 'inv_time': 0.6003971434871482}",RELATED_TO
271832,239446,"{'time': 1.6655642200293137, 'inv_time': 0.6003971434871482}",RELATED_TO
271832,239511,"{'time': 1.6655642200293137, 'inv_time': 0.6003971434871482}",RELATED_TO
271832,239567,"{'time': 1.6655642200293137, 'inv_time': 0.6003971434871482}",RELATED_TO
271832,239557,"{'time': 1.6655642200293137, 'inv_time': 0.6003971434871482}",RELATED_TO
271832,239468,"{'time': 1.6655642200293137, 'inv_time': 0.6003971434871482}",RELATED_TO
271832,239457,"{'time': 1.6655642200293137, 'inv_time': 0.6003971434871482}",RELATED_TO
271832,239479,"{'time': 1.6655642200293137, 'inv_time': 0.6003971434871482}",RELATED_TO
271832,239647,"{'time': 1.6655642200293137, 'inv_time': 0.6003971434871482}",RELATED_TO
271832,239849,"{'time': 1.6655642200293137, 'inv_time': 0.6003971434871482}",RELATED_TO
270334,239143,"{'time': 1.6655642200293137, 'inv_time': 0.6003971434871482}",RELATED_TO
270334,239154,"{'time': 1.6655642200293137, 'inv_time': 0.6003971434871482}",RELATED_TO
270334,239075,"{'time': 1.6655642200293137, 'inv_time': 0.6003971434871482}",RELATED_TO
270334,239176,"{'time': 1.6655642200293137, 'inv_time': 0.6003971434871482}",RELATED_TO
270334,239199,"{'time': 1.6655642200293137, 'inv_time': 0.6003971434871482}",RELATED_TO
270334,239501,"{'time': 1.6655642200293137, 'inv_time': 0.6003971434871482}",RELATED_TO
270334,239533,"{'time': 1.6655642200293137, 'inv_time': 0.6003971434871482}",RELATED_TO
270334,239446,"{'time': 1.6655642200293137, 'inv_time': 0.6003971434871482}",RELATED_TO
270334,239511,"{'time': 1.6655642200293137, 'inv_time': 0.6003971434871482}",RELATED_TO
270334,239567,"{'time': 1.6655642200293137, 'inv_time': 0.6003971434871482}",RELATED_TO
270334,239557,"{'time': 1.6655642200293137, 'inv_time': 0.6003971434871482}",RELATED_TO
270334,239468,"{'time': 1.6655642200293137, 'inv_time': 0.6003971434871482}",RELATED_TO
270334,239457,"{'time': 1.6655642200293137, 'inv_time': 0.6003971434871482}",RELATED_TO
270334,239479,"{'time': 1.6655642200293137, 'inv_time': 0.6003971434871482}",RELATED_TO
270334,239647,"{'time': 1.6655642200293137, 'inv_time': 0.6003971434871482}",RELATED_TO
270334,239849,"{'time': 1.6655642200293137, 'inv_time': 0.6003971434871482}",RELATED_TO
239143,237476,"{'time': 2.3601903525000005, 'inv_time': 0.4236946392653301}",RELATED_TO
239143,237456,"{'time': 2.3601903525000005, 'inv_time': 0.4236946392653301}",RELATED_TO
239143,237517,"{'time': 2.3601903525000005, 'inv_time': 0.4236946392653301}",RELATED_TO
239143,237436,"{'time': 2.3601903525000005, 'inv_time': 0.4236946392653301}",RELATED_TO
239143,237496,"{'time': 2.3601903525000005, 'inv_time': 0.4236946392653301}",RELATED_TO
239143,237537,"{'time': 2.3601903525000005, 'inv_time': 0.4236946392653301}",RELATED_TO
239143,237820,"{'time': 2.3601903525000005, 'inv_time': 0.4236946392653301}",RELATED_TO
239143,237800,"{'time': 2.3601903525000005, 'inv_time': 0.4236946392653301}",RELATED_TO
239143,237841,"{'time': 2.3601903525000005, 'inv_time': 0.4236946392653301}",RELATED_TO
239143,237902,"{'time': 2.3601903525000005, 'inv_time': 0.4236946392653301}",RELATED_TO
239143,237861,"{'time': 2.3601903525000005, 'inv_time': 0.4236946392653301}",RELATED_TO
239143,237881,"{'time': 2.3601903525000005, 'inv_time': 0.4236946392653301}",RELATED_TO
239154,237476,"{'time': 2.3601903525000005, 'inv_time': 0.4236946392653301}",RELATED_TO
239154,237456,"{'time': 2.3601903525000005, 'inv_time': 0.4236946392653301}",RELATED_TO
239154,237517,"{'time': 2.3601903525000005, 'inv_time': 0.4236946392653301}",RELATED_TO
239154,237436,"{'time': 2.3601903525000005, 'inv_time': 0.4236946392653301}",RELATED_TO
239154,237496,"{'time': 2.3601903525000005, 'inv_time': 0.4236946392653301}",RELATED_TO
239154,237537,"{'time': 2.3601903525000005, 'inv_time': 0.4236946392653301}",RELATED_TO
239154,237820,"{'time': 2.3601903525000005, 'inv_time': 0.4236946392653301}",RELATED_TO
239154,237800,"{'time': 2.3601903525000005, 'inv_time': 0.4236946392653301}",RELATED_TO
239154,237841,"{'time': 2.3601903525000005, 'inv_time': 0.4236946392653301}",RELATED_TO
239154,237902,"{'time': 2.3601903525000005, 'inv_time': 0.4236946392653301}",RELATED_TO
239154,237861,"{'time': 2.3601903525000005, 'inv_time': 0.4236946392653301}",RELATED_TO
239154,237881,"{'time': 2.3601903525000005, 'inv_time': 0.4236946392653301}",RELATED_TO
239075,237476,"{'time': 2.3601903525000005, 'inv_time': 0.4236946392653301}",RELATED_TO
239075,237456,"{'time': 2.3601903525000005, 'inv_time': 0.4236946392653301}",RELATED_TO
239075,237517,"{'time': 2.3601903525000005, 'inv_time': 0.4236946392653301}",RELATED_TO
239075,237436,"{'time': 2.3601903525000005, 'inv_time': 0.4236946392653301}",RELATED_TO
239075,237496,"{'time': 2.3601903525000005, 'inv_time': 0.4236946392653301}",RELATED_TO
239075,237537,"{'time': 2.3601903525000005, 'inv_time': 0.4236946392653301}",RELATED_TO
239075,237820,"{'time': 2.3601903525000005, 'inv_time': 0.4236946392653301}",RELATED_TO
239075,237800,"{'time': 2.3601903525000005, 'inv_time': 0.4236946392653301}",RELATED_TO
239075,237841,"{'time': 2.3601903525000005, 'inv_time': 0.4236946392653301}",RELATED_TO
239075,237902,"{'time': 2.3601903525000005, 'inv_time': 0.4236946392653301}",RELATED_TO
239075,237861,"{'time': 2.3601903525000005, 'inv_time': 0.4236946392653301}",RELATED_TO
239075,237881,"{'time': 2.3601903525000005, 'inv_time': 0.4236946392653301}",RELATED_TO
239176,237476,"{'time': 2.3601903525000005, 'inv_time': 0.4236946392653301}",RELATED_TO
239176,237456,"{'time': 2.3601903525000005, 'inv_time': 0.4236946392653301}",RELATED_TO
239176,237517,"{'time': 2.3601903525000005, 'inv_time': 0.4236946392653301}",RELATED_TO
239176,237436,"{'time': 2.3601903525000005, 'inv_time': 0.4236946392653301}",RELATED_TO
239176,237496,"{'time': 2.3601903525000005, 'inv_time': 0.4236946392653301}",RELATED_TO
239176,237537,"{'time': 2.3601903525000005, 'inv_time': 0.4236946392653301}",RELATED_TO
239176,237820,"{'time': 2.3601903525000005, 'inv_time': 0.4236946392653301}",RELATED_TO
239176,237800,"{'time': 2.3601903525000005, 'inv_time': 0.4236946392653301}",RELATED_TO
239176,237841,"{'time': 2.3601903525000005, 'inv_time': 0.4236946392653301}",RELATED_TO
239176,237902,"{'time': 2.3601903525000005, 'inv_time': 0.4236946392653301}",RELATED_TO
239176,237861,"{'time': 2.3601903525000005, 'inv_time': 0.4236946392653301}",RELATED_TO
239176,237881,"{'time': 2.3601903525000005, 'inv_time': 0.4236946392653301}",RELATED_TO
239199,237476,"{'time': 2.3601903525000005, 'inv_time': 0.4236946392653301}",RELATED_TO
239199,237456,"{'time': 2.3601903525000005, 'inv_time': 0.4236946392653301}",RELATED_TO
239199,237517,"{'time': 2.3601903525000005, 'inv_time': 0.4236946392653301}",RELATED_TO
239199,237436,"{'time': 2.3601903525000005, 'inv_time': 0.4236946392653301}",RELATED_TO
239199,237496,"{'time': 2.3601903525000005, 'inv_time': 0.4236946392653301}",RELATED_TO
239199,237537,"{'time': 2.3601903525000005, 'inv_time': 0.4236946392653301}",RELATED_TO
239199,237820,"{'time': 2.3601903525000005, 'inv_time': 0.4236946392653301}",RELATED_TO
239199,237800,"{'time': 2.3601903525000005, 'inv_time': 0.4236946392653301}",RELATED_TO
239199,237841,"{'time': 2.3601903525000005, 'inv_time': 0.4236946392653301}",RELATED_TO
239199,237902,"{'time': 2.3601903525000005, 'inv_time': 0.4236946392653301}",RELATED_TO
239199,237861,"{'time': 2.3601903525000005, 'inv_time': 0.4236946392653301}",RELATED_TO
239199,237881,"{'time': 2.3601903525000005, 'inv_time': 0.4236946392653301}",RELATED_TO
239501,237476,"{'time': 2.3601903525000005, 'inv_time': 0.4236946392653301}",RELATED_TO
239501,237456,"{'time': 2.3601903525000005, 'inv_time': 0.4236946392653301}",RELATED_TO
239501,237517,"{'time': 2.3601903525000005, 'inv_time': 0.4236946392653301}",RELATED_TO
239501,237436,"{'time': 2.3601903525000005, 'inv_time': 0.4236946392653301}",RELATED_TO
239501,237496,"{'time': 2.3601903525000005, 'inv_time': 0.4236946392653301}",RELATED_TO
239501,237537,"{'time': 2.3601903525000005, 'inv_time': 0.4236946392653301}",RELATED_TO
239501,237820,"{'time': 2.3601903525000005, 'inv_time': 0.4236946392653301}",RELATED_TO
239501,237800,"{'time': 2.3601903525000005, 'inv_time': 0.4236946392653301}",RELATED_TO
239501,237841,"{'time': 2.3601903525000005, 'inv_time': 0.4236946392653301}",RELATED_TO
239501,237902,"{'time': 2.3601903525000005, 'inv_time': 0.4236946392653301}",RELATED_TO
239501,237861,"{'time': 2.3601903525000005, 'inv_time': 0.4236946392653301}",RELATED_TO
239501,237881,"{'time': 2.3601903525000005, 'inv_time': 0.4236946392653301}",RELATED_TO
239533,237476,"{'time': 2.3601903525000005, 'inv_time': 0.4236946392653301}",RELATED_TO
239533,237456,"{'time': 2.3601903525000005, 'inv_time': 0.4236946392653301}",RELATED_TO
239533,237517,"{'time': 2.3601903525000005, 'inv_time': 0.4236946392653301}",RELATED_TO
239533,237436,"{'time': 2.3601903525000005, 'inv_time': 0.4236946392653301}",RELATED_TO
239533,237496,"{'time': 2.3601903525000005, 'inv_time': 0.4236946392653301}",RELATED_TO
239533,237537,"{'time': 2.3601903525000005, 'inv_time': 0.4236946392653301}",RELATED_TO
239533,237820,"{'time': 2.3601903525000005, 'inv_time': 0.4236946392653301}",RELATED_TO
239533,237800,"{'time': 2.3601903525000005, 'inv_time': 0.4236946392653301}",RELATED_TO
239533,237841,"{'time': 2.3601903525000005, 'inv_time': 0.4236946392653301}",RELATED_TO
239533,237902,"{'time': 2.3601903525000005, 'inv_time': 0.4236946392653301}",RELATED_TO
239533,237861,"{'time': 2.3601903525000005, 'inv_time': 0.4236946392653301}",RELATED_TO
239533,237881,"{'time': 2.3601903525000005, 'inv_time': 0.4236946392653301}",RELATED_TO
239446,237476,"{'time': 2.3601903525000005, 'inv_time': 0.4236946392653301}",RELATED_TO
239446,237456,"{'time': 2.3601903525000005, 'inv_time': 0.4236946392653301}",RELATED_TO
239446,237517,"{'time': 2.3601903525000005, 'inv_time': 0.4236946392653301}",RELATED_TO
239446,237436,"{'time': 2.3601903525000005, 'inv_time': 0.4236946392653301}",RELATED_TO
239446,237496,"{'time': 2.3601903525000005, 'inv_time': 0.4236946392653301}",RELATED_TO
239446,237537,"{'time': 2.3601903525000005, 'inv_time': 0.4236946392653301}",RELATED_TO
239446,237820,"{'time': 2.3601903525000005, 'inv_time': 0.4236946392653301}",RELATED_TO
239446,237800,"{'time': 2.3601903525000005, 'inv_time': 0.4236946392653301}",RELATED_TO
239446,237841,"{'time': 2.3601903525000005, 'inv_time': 0.4236946392653301}",RELATED_TO
239446,237902,"{'time': 2.3601903525000005, 'inv_time': 0.4236946392653301}",RELATED_TO
239446,237861,"{'time': 2.3601903525000005, 'inv_time': 0.4236946392653301}",RELATED_TO
239446,237881,"{'time': 2.3601903525000005, 'inv_time': 0.4236946392653301}",RELATED_TO
239511,237476,"{'time': 2.3601903525000005, 'inv_time': 0.4236946392653301}",RELATED_TO
239511,237456,"{'time': 2.3601903525000005, 'inv_time': 0.4236946392653301}",RELATED_TO
239511,237517,"{'time': 2.3601903525000005, 'inv_time': 0.4236946392653301}",RELATED_TO
239511,237436,"{'time': 2.3601903525000005, 'inv_time': 0.4236946392653301}",RELATED_TO
239511,237496,"{'time': 2.3601903525000005, 'inv_time': 0.4236946392653301}",RELATED_TO
239511,237537,"{'time': 2.3601903525000005, 'inv_time': 0.4236946392653301}",RELATED_TO
239511,237820,"{'time': 2.3601903525000005, 'inv_time': 0.4236946392653301}",RELATED_TO
239511,237800,"{'time': 2.3601903525000005, 'inv_time': 0.4236946392653301}",RELATED_TO
239511,237841,"{'time': 2.3601903525000005, 'inv_time': 0.4236946392653301}",RELATED_TO
239511,237902,"{'time': 2.3601903525000005, 'inv_time': 0.4236946392653301}",RELATED_TO
239511,237861,"{'time': 2.3601903525000005, 'inv_time': 0.4236946392653301}",RELATED_TO
239511,237881,"{'time': 2.3601903525000005, 'inv_time': 0.4236946392653301}",RELATED_TO
239567,237476,"{'time': 2.3601903525000005, 'inv_time': 0.4236946392653301}",RELATED_TO
239567,237456,"{'time': 2.3601903525000005, 'inv_time': 0.4236946392653301}",RELATED_TO
239567,237517,"{'time': 2.3601903525000005, 'inv_time': 0.4236946392653301}",RELATED_TO
239567,237436,"{'time': 2.3601903525000005, 'inv_time': 0.4236946392653301}",RELATED_TO
239567,237496,"{'time': 2.3601903525000005, 'inv_time': 0.4236946392653301}",RELATED_TO
239567,237537,"{'time': 2.3601903525000005, 'inv_time': 0.4236946392653301}",RELATED_TO
239567,237820,"{'time': 2.3601903525000005, 'inv_time': 0.4236946392653301}",RELATED_TO
239567,237800,"{'time': 2.3601903525000005, 'inv_time': 0.4236946392653301}",RELATED_TO
239567,237841,"{'time': 2.3601903525000005, 'inv_time': 0.4236946392653301}",RELATED_TO
239567,237902,"{'time': 2.3601903525000005, 'inv_time': 0.4236946392653301}",RELATED_TO
239567,237861,"{'time': 2.3601903525000005, 'inv_time': 0.4236946392653301}",RELATED_TO
239567,237881,"{'time': 2.3601903525000005, 'inv_time': 0.4236946392653301}",RELATED_TO
239557,237476,"{'time': 2.3601903525000005, 'inv_time': 0.4236946392653301}",RELATED_TO
239557,237456,"{'time': 2.3601903525000005, 'inv_time': 0.4236946392653301}",RELATED_TO
239557,237517,"{'time': 2.3601903525000005, 'inv_time': 0.4236946392653301}",RELATED_TO
239557,237436,"{'time': 2.3601903525000005, 'inv_time': 0.4236946392653301}",RELATED_TO
239557,237496,"{'time': 2.3601903525000005, 'inv_time': 0.4236946392653301}",RELATED_TO
239557,237537,"{'time': 2.3601903525000005, 'inv_time': 0.4236946392653301}",RELATED_TO
239557,237820,"{'time': 2.3601903525000005, 'inv_time': 0.4236946392653301}",RELATED_TO
239557,237800,"{'time': 2.3601903525000005, 'inv_time': 0.4236946392653301}",RELATED_TO
239557,237841,"{'time': 2.3601903525000005, 'inv_time': 0.4236946392653301}",RELATED_TO
239557,237902,"{'time': 2.3601903525000005, 'inv_time': 0.4236946392653301}",RELATED_TO
239557,237861,"{'time': 2.3601903525000005, 'inv_time': 0.4236946392653301}",RELATED_TO
239557,237881,"{'time': 2.3601903525000005, 'inv_time': 0.4236946392653301}",RELATED_TO
239468,237476,"{'time': 2.3601903525000005, 'inv_time': 0.4236946392653301}",RELATED_TO
239468,237456,"{'time': 2.3601903525000005, 'inv_time': 0.4236946392653301}",RELATED_TO
239468,237517,"{'time': 2.3601903525000005, 'inv_time': 0.4236946392653301}",RELATED_TO
239468,237436,"{'time': 2.3601903525000005, 'inv_time': 0.4236946392653301}",RELATED_TO
239468,237496,"{'time': 2.3601903525000005, 'inv_time': 0.4236946392653301}",RELATED_TO
239468,237537,"{'time': 2.3601903525000005, 'inv_time': 0.4236946392653301}",RELATED_TO
239468,237820,"{'time': 2.3601903525000005, 'inv_time': 0.4236946392653301}",RELATED_TO
239468,237800,"{'time': 2.3601903525000005, 'inv_time': 0.4236946392653301}",RELATED_TO
239468,237841,"{'time': 2.3601903525000005, 'inv_time': 0.4236946392653301}",RELATED_TO
239468,237902,"{'time': 2.3601903525000005, 'inv_time': 0.4236946392653301}",RELATED_TO
239468,237861,"{'time': 2.3601903525000005, 'inv_time': 0.4236946392653301}",RELATED_TO
239468,237881,"{'time': 2.3601903525000005, 'inv_time': 0.4236946392653301}",RELATED_TO
239457,237476,"{'time': 2.3601903525000005, 'inv_time': 0.4236946392653301}",RELATED_TO
239457,237456,"{'time': 2.3601903525000005, 'inv_time': 0.4236946392653301}",RELATED_TO
239457,237517,"{'time': 2.3601903525000005, 'inv_time': 0.4236946392653301}",RELATED_TO
239457,237436,"{'time': 2.3601903525000005, 'inv_time': 0.4236946392653301}",RELATED_TO
239457,237496,"{'time': 2.3601903525000005, 'inv_time': 0.4236946392653301}",RELATED_TO
239457,237537,"{'time': 2.3601903525000005, 'inv_time': 0.4236946392653301}",RELATED_TO
239457,237820,"{'time': 2.3601903525000005, 'inv_time': 0.4236946392653301}",RELATED_TO
239457,237800,"{'time': 2.3601903525000005, 'inv_time': 0.4236946392653301}",RELATED_TO
239457,237841,"{'time': 2.3601903525000005, 'inv_time': 0.4236946392653301}",RELATED_TO
239457,237902,"{'time': 2.3601903525000005, 'inv_time': 0.4236946392653301}",RELATED_TO
239457,237861,"{'time': 2.3601903525000005, 'inv_time': 0.4236946392653301}",RELATED_TO
239457,237881,"{'time': 2.3601903525000005, 'inv_time': 0.4236946392653301}",RELATED_TO
239479,237476,"{'time': 2.3601903525000005, 'inv_time': 0.4236946392653301}",RELATED_TO
239479,237456,"{'time': 2.3601903525000005, 'inv_time': 0.4236946392653301}",RELATED_TO
239479,237517,"{'time': 2.3601903525000005, 'inv_time': 0.4236946392653301}",RELATED_TO
239479,237436,"{'time': 2.3601903525000005, 'inv_time': 0.4236946392653301}",RELATED_TO
239479,237496,"{'time': 2.3601903525000005, 'inv_time': 0.4236946392653301}",RELATED_TO
239479,237537,"{'time': 2.3601903525000005, 'inv_time': 0.4236946392653301}",RELATED_TO
239479,237820,"{'time': 2.3601903525000005, 'inv_time': 0.4236946392653301}",RELATED_TO
239479,237800,"{'time': 2.3601903525000005, 'inv_time': 0.4236946392653301}",RELATED_TO
239479,237841,"{'time': 2.3601903525000005, 'inv_time': 0.4236946392653301}",RELATED_TO
239479,237902,"{'time': 2.3601903525000005, 'inv_time': 0.4236946392653301}",RELATED_TO
239479,237861,"{'time': 2.3601903525000005, 'inv_time': 0.4236946392653301}",RELATED_TO
239479,237881,"{'time': 2.3601903525000005, 'inv_time': 0.4236946392653301}",RELATED_TO
239647,237476,"{'time': 2.3601903525000005, 'inv_time': 0.4236946392653301}",RELATED_TO
239647,237456,"{'time': 2.3601903525000005, 'inv_time': 0.4236946392653301}",RELATED_TO
239647,237517,"{'time': 2.3601903525000005, 'inv_time': 0.4236946392653301}",RELATED_TO
239647,237436,"{'time': 2.3601903525000005, 'inv_time': 0.4236946392653301}",RELATED_TO
239647,237496,"{'time': 2.3601903525000005, 'inv_time': 0.4236946392653301}",RELATED_TO
239647,237537,"{'time': 2.3601903525000005, 'inv_time': 0.4236946392653301}",RELATED_TO
239647,237820,"{'time': 2.3601903525000005, 'inv_time': 0.4236946392653301}",RELATED_TO
239647,237800,"{'time': 2.3601903525000005, 'inv_time': 0.4236946392653301}",RELATED_TO
239647,237841,"{'time': 2.3601903525000005, 'inv_time': 0.4236946392653301}",RELATED_TO
239647,237902,"{'time': 2.3601903525000005, 'inv_time': 0.4236946392653301}",RELATED_TO
239647,237861,"{'time': 2.3601903525000005, 'inv_time': 0.4236946392653301}",RELATED_TO
239647,237881,"{'time': 2.3601903525000005, 'inv_time': 0.4236946392653301}",RELATED_TO
239849,237476,"{'time': 2.3601903525000005, 'inv_time': 0.4236946392653301}",RELATED_TO
239849,237456,"{'time': 2.3601903525000005, 'inv_time': 0.4236946392653301}",RELATED_TO
239849,237517,"{'time': 2.3601903525000005, 'inv_time': 0.4236946392653301}",RELATED_TO
239849,237436,"{'time': 2.3601903525000005, 'inv_time': 0.4236946392653301}",RELATED_TO
239849,237496,"{'time': 2.3601903525000005, 'inv_time': 0.4236946392653301}",RELATED_TO
239849,237537,"{'time': 2.3601903525000005, 'inv_time': 0.4236946392653301}",RELATED_TO
239849,237820,"{'time': 2.3601903525000005, 'inv_time': 0.4236946392653301}",RELATED_TO
239849,237800,"{'time': 2.3601903525000005, 'inv_time': 0.4236946392653301}",RELATED_TO
239849,237841,"{'time': 2.3601903525000005, 'inv_time': 0.4236946392653301}",RELATED_TO
239849,237902,"{'time': 2.3601903525000005, 'inv_time': 0.4236946392653301}",RELATED_TO
239849,237861,"{'time': 2.3601903525000005, 'inv_time': 0.4236946392653301}",RELATED_TO
239849,237881,"{'time': 2.3601903525000005, 'inv_time': 0.4236946392653301}",RELATED_TO
237476,276884,"{'time': 9.682559999999999, 'inv_time': 0.10327847180910835}",RELATED_TO
237476,278592,"{'time': 4.841279999999999, 'inv_time': 0.2065569436182167}",RELATED_TO
237476,280636,"{'time': 4.841279999999999, 'inv_time': 0.2065569436182167}",RELATED_TO
237476,279631,"{'time': 9.682559999999999, 'inv_time': 0.10327847180910835}",RELATED_TO
237476,281064,"{'time': 9.682559999999999, 'inv_time': 0.10327847180910835}",RELATED_TO
237476,280706,"{'time': 4.841279999999999, 'inv_time': 0.2065569436182167}",RELATED_TO
237476,281540,"{'time': 4.841279999999999, 'inv_time': 0.2065569436182167}",RELATED_TO
237476,281592,"{'time': 4.841279999999999, 'inv_time': 0.2065569436182167}",RELATED_TO
237476,281327,"{'time': 4.841279999999999, 'inv_time': 0.2065569436182167}",RELATED_TO
237476,281654,"{'time': 4.841279999999999, 'inv_time': 0.2065569436182167}",RELATED_TO
237476,281458,"{'time': 4.841279999999999, 'inv_time': 0.2065569436182167}",RELATED_TO
237476,281393,"{'time': 4.841279999999999, 'inv_time': 0.2065569436182167}",RELATED_TO
237476,281945,"{'time': 4.841279999999999, 'inv_time': 0.2065569436182167}",RELATED_TO
237476,282200,"{'time': 9.682559999999999, 'inv_time': 0.10327847180910835}",RELATED_TO
237476,281890,"{'time': 4.841279999999999, 'inv_time': 0.2065569436182167}",RELATED_TO
237476,282004,"{'time': 4.841279999999999, 'inv_time': 0.2065569436182167}",RELATED_TO
237476,282764,"{'time': 4.841279999999999, 'inv_time': 0.2065569436182167}",RELATED_TO
237476,282062,"{'time': 4.841279999999999, 'inv_time': 0.2065569436182167}",RELATED_TO
237476,282720,"{'time': 4.841279999999999, 'inv_time': 0.2065569436182167}",RELATED_TO
237476,282124,"{'time': 4.841279999999999, 'inv_time': 0.2065569436182167}",RELATED_TO
237476,283069,"{'time': 4.841279999999999, 'inv_time': 0.2065569436182167}",RELATED_TO
237476,283022,"{'time': 4.841279999999999, 'inv_time': 0.2065569436182167}",RELATED_TO
237476,282981,"{'time': 4.841279999999999, 'inv_time': 0.2065569436182167}",RELATED_TO
237476,282247,"{'time': 9.682559999999999, 'inv_time': 0.10327847180910835}",RELATED_TO
237476,283440,"{'time': 4.841279999999999, 'inv_time': 0.2065569436182167}",RELATED_TO
237456,276884,"{'time': 9.682559999999999, 'inv_time': 0.10327847180910835}",RELATED_TO
237456,278592,"{'time': 4.841279999999999, 'inv_time': 0.2065569436182167}",RELATED_TO
237456,280636,"{'time': 4.841279999999999, 'inv_time': 0.2065569436182167}",RELATED_TO
237456,279631,"{'time': 9.682559999999999, 'inv_time': 0.10327847180910835}",RELATED_TO
237456,281064,"{'time': 9.682559999999999, 'inv_time': 0.10327847180910835}",RELATED_TO
237456,280706,"{'time': 4.841279999999999, 'inv_time': 0.2065569436182167}",RELATED_TO
237456,281540,"{'time': 4.841279999999999, 'inv_time': 0.2065569436182167}",RELATED_TO
237456,281592,"{'time': 4.841279999999999, 'inv_time': 0.2065569436182167}",RELATED_TO
237456,281327,"{'time': 4.841279999999999, 'inv_time': 0.2065569436182167}",RELATED_TO
237456,281654,"{'time': 4.841279999999999, 'inv_time': 0.2065569436182167}",RELATED_TO
237456,281458,"{'time': 4.841279999999999, 'inv_time': 0.2065569436182167}",RELATED_TO
237456,281393,"{'time': 4.841279999999999, 'inv_time': 0.2065569436182167}",RELATED_TO
237456,281945,"{'time': 4.841279999999999, 'inv_time': 0.2065569436182167}",RELATED_TO
237456,282200,"{'time': 9.682559999999999, 'inv_time': 0.10327847180910835}",RELATED_TO
237456,281890,"{'time': 4.841279999999999, 'inv_time': 0.2065569436182167}",RELATED_TO
237456,282004,"{'time': 4.841279999999999, 'inv_time': 0.2065569436182167}",RELATED_TO
237456,282764,"{'time': 4.841279999999999, 'inv_time': 0.2065569436182167}",RELATED_TO
237456,282062,"{'time': 4.841279999999999, 'inv_time': 0.2065569436182167}",RELATED_TO
237456,282720,"{'time': 4.841279999999999, 'inv_time': 0.2065569436182167}",RELATED_TO
237456,282124,"{'time': 4.841279999999999, 'inv_time': 0.2065569436182167}",RELATED_TO
237456,283069,"{'time': 4.841279999999999, 'inv_time': 0.2065569436182167}",RELATED_TO
237456,283022,"{'time': 4.841279999999999, 'inv_time': 0.2065569436182167}",RELATED_TO
237456,282981,"{'time': 4.841279999999999, 'inv_time': 0.2065569436182167}",RELATED_TO
237456,282247,"{'time': 9.682559999999999, 'inv_time': 0.10327847180910835}",RELATED_TO
237456,283440,"{'time': 4.841279999999999, 'inv_time': 0.2065569436182167}",RELATED_TO
237517,276884,"{'time': 9.682559999999999, 'inv_time': 0.10327847180910835}",RELATED_TO
237517,278592,"{'time': 4.841279999999999, 'inv_time': 0.2065569436182167}",RELATED_TO
237517,280636,"{'time': 4.841279999999999, 'inv_time': 0.2065569436182167}",RELATED_TO
237517,279631,"{'time': 9.682559999999999, 'inv_time': 0.10327847180910835}",RELATED_TO
237517,281064,"{'time': 9.682559999999999, 'inv_time': 0.10327847180910835}",RELATED_TO
237517,280706,"{'time': 4.841279999999999, 'inv_time': 0.2065569436182167}",RELATED_TO
237517,281540,"{'time': 4.841279999999999, 'inv_time': 0.2065569436182167}",RELATED_TO
237517,281592,"{'time': 4.841279999999999, 'inv_time': 0.2065569436182167}",RELATED_TO
237517,281327,"{'time': 4.841279999999999, 'inv_time': 0.2065569436182167}",RELATED_TO
237517,281654,"{'time': 4.841279999999999, 'inv_time': 0.2065569436182167}",RELATED_TO
237517,281458,"{'time': 4.841279999999999, 'inv_time': 0.2065569436182167}",RELATED_TO
237517,281393,"{'time': 4.841279999999999, 'inv_time': 0.2065569436182167}",RELATED_TO
237517,281945,"{'time': 4.841279999999999, 'inv_time': 0.2065569436182167}",RELATED_TO
237517,282200,"{'time': 9.682559999999999, 'inv_time': 0.10327847180910835}",RELATED_TO
237517,281890,"{'time': 4.841279999999999, 'inv_time': 0.2065569436182167}",RELATED_TO
237517,282004,"{'time': 4.841279999999999, 'inv_time': 0.2065569436182167}",RELATED_TO
237517,282764,"{'time': 4.841279999999999, 'inv_time': 0.2065569436182167}",RELATED_TO
237517,282062,"{'time': 4.841279999999999, 'inv_time': 0.2065569436182167}",RELATED_TO
237517,282720,"{'time': 4.841279999999999, 'inv_time': 0.2065569436182167}",RELATED_TO
237517,282124,"{'time': 4.841279999999999, 'inv_time': 0.2065569436182167}",RELATED_TO
237517,283069,"{'time': 4.841279999999999, 'inv_time': 0.2065569436182167}",RELATED_TO
237517,283022,"{'time': 4.841279999999999, 'inv_time': 0.2065569436182167}",RELATED_TO
237517,282981,"{'time': 4.841279999999999, 'inv_time': 0.2065569436182167}",RELATED_TO
237517,282247,"{'time': 9.682559999999999, 'inv_time': 0.10327847180910835}",RELATED_TO
237517,283440,"{'time': 4.841279999999999, 'inv_time': 0.2065569436182167}",RELATED_TO
237436,276884,"{'time': 9.682559999999999, 'inv_time': 0.10327847180910835}",RELATED_TO
237436,278592,"{'time': 4.841279999999999, 'inv_time': 0.2065569436182167}",RELATED_TO
237436,280636,"{'time': 4.841279999999999, 'inv_time': 0.2065569436182167}",RELATED_TO
237436,279631,"{'time': 9.682559999999999, 'inv_time': 0.10327847180910835}",RELATED_TO
237436,281064,"{'time': 9.682559999999999, 'inv_time': 0.10327847180910835}",RELATED_TO
237436,280706,"{'time': 4.841279999999999, 'inv_time': 0.2065569436182167}",RELATED_TO
237436,281540,"{'time': 4.841279999999999, 'inv_time': 0.2065569436182167}",RELATED_TO
237436,281592,"{'time': 4.841279999999999, 'inv_time': 0.2065569436182167}",RELATED_TO
237436,281327,"{'time': 4.841279999999999, 'inv_time': 0.2065569436182167}",RELATED_TO
237436,281654,"{'time': 4.841279999999999, 'inv_time': 0.2065569436182167}",RELATED_TO
237436,281458,"{'time': 4.841279999999999, 'inv_time': 0.2065569436182167}",RELATED_TO
237436,281393,"{'time': 4.841279999999999, 'inv_time': 0.2065569436182167}",RELATED_TO
237436,281945,"{'time': 4.841279999999999, 'inv_time': 0.2065569436182167}",RELATED_TO
237436,282200,"{'time': 9.682559999999999, 'inv_time': 0.10327847180910835}",RELATED_TO
237436,281890,"{'time': 4.841279999999999, 'inv_time': 0.2065569436182167}",RELATED_TO
237436,282004,"{'time': 4.841279999999999, 'inv_time': 0.2065569436182167}",RELATED_TO
237436,282764,"{'time': 4.841279999999999, 'inv_time': 0.2065569436182167}",RELATED_TO
237436,282062,"{'time': 4.841279999999999, 'inv_time': 0.2065569436182167}",RELATED_TO
237436,282720,"{'time': 4.841279999999999, 'inv_time': 0.2065569436182167}",RELATED_TO
237436,282124,"{'time': 4.841279999999999, 'inv_time': 0.2065569436182167}",RELATED_TO
237436,283069,"{'time': 4.841279999999999, 'inv_time': 0.2065569436182167}",RELATED_TO
237436,283022,"{'time': 4.841279999999999, 'inv_time': 0.2065569436182167}",RELATED_TO
237436,282981,"{'time': 4.841279999999999, 'inv_time': 0.2065569436182167}",RELATED_TO
237436,282247,"{'time': 9.682559999999999, 'inv_time': 0.10327847180910835}",RELATED_TO
237436,283440,"{'time': 4.841279999999999, 'inv_time': 0.2065569436182167}",RELATED_TO
237496,276884,"{'time': 9.682559999999999, 'inv_time': 0.10327847180910835}",RELATED_TO
237496,278592,"{'time': 4.841279999999999, 'inv_time': 0.2065569436182167}",RELATED_TO
237496,280636,"{'time': 4.841279999999999, 'inv_time': 0.2065569436182167}",RELATED_TO
237496,279631,"{'time': 9.682559999999999, 'inv_time': 0.10327847180910835}",RELATED_TO
237496,281064,"{'time': 9.682559999999999, 'inv_time': 0.10327847180910835}",RELATED_TO
237496,280706,"{'time': 4.841279999999999, 'inv_time': 0.2065569436182167}",RELATED_TO
237496,281540,"{'time': 4.841279999999999, 'inv_time': 0.2065569436182167}",RELATED_TO
237496,281592,"{'time': 4.841279999999999, 'inv_time': 0.2065569436182167}",RELATED_TO
237496,281327,"{'time': 4.841279999999999, 'inv_time': 0.2065569436182167}",RELATED_TO
237496,281654,"{'time': 4.841279999999999, 'inv_time': 0.2065569436182167}",RELATED_TO
237496,281458,"{'time': 4.841279999999999, 'inv_time': 0.2065569436182167}",RELATED_TO
237496,281393,"{'time': 4.841279999999999, 'inv_time': 0.2065569436182167}",RELATED_TO
237496,281945,"{'time': 4.841279999999999, 'inv_time': 0.2065569436182167}",RELATED_TO
237496,282200,"{'time': 9.682559999999999, 'inv_time': 0.10327847180910835}",RELATED_TO
237496,281890,"{'time': 4.841279999999999, 'inv_time': 0.2065569436182167}",RELATED_TO
237496,282004,"{'time': 4.841279999999999, 'inv_time': 0.2065569436182167}",RELATED_TO
237496,282764,"{'time': 4.841279999999999, 'inv_time': 0.2065569436182167}",RELATED_TO
237496,282062,"{'time': 4.841279999999999, 'inv_time': 0.2065569436182167}",RELATED_TO
237496,282720,"{'time': 4.841279999999999, 'inv_time': 0.2065569436182167}",RELATED_TO
237496,282124,"{'time': 4.841279999999999, 'inv_time': 0.2065569436182167}",RELATED_TO
237496,283069,"{'time': 4.841279999999999, 'inv_time': 0.2065569436182167}",RELATED_TO
237496,283022,"{'time': 4.841279999999999, 'inv_time': 0.2065569436182167}",RELATED_TO
237496,282981,"{'time': 4.841279999999999, 'inv_time': 0.2065569436182167}",RELATED_TO
237496,282247,"{'time': 9.682559999999999, 'inv_time': 0.10327847180910835}",RELATED_TO
237496,283440,"{'time': 4.841279999999999, 'inv_time': 0.2065569436182167}",RELATED_TO
237537,276884,"{'time': 9.682559999999999, 'inv_time': 0.10327847180910835}",RELATED_TO
237537,278592,"{'time': 4.841279999999999, 'inv_time': 0.2065569436182167}",RELATED_TO
237537,280636,"{'time': 4.841279999999999, 'inv_time': 0.2065569436182167}",RELATED_TO
237537,279631,"{'time': 9.682559999999999, 'inv_time': 0.10327847180910835}",RELATED_TO
237537,281064,"{'time': 9.682559999999999, 'inv_time': 0.10327847180910835}",RELATED_TO
237537,280706,"{'time': 4.841279999999999, 'inv_time': 0.2065569436182167}",RELATED_TO
237537,281540,"{'time': 4.841279999999999, 'inv_time': 0.2065569436182167}",RELATED_TO
237537,281592,"{'time': 4.841279999999999, 'inv_time': 0.2065569436182167}",RELATED_TO
237537,281327,"{'time': 4.841279999999999, 'inv_time': 0.2065569436182167}",RELATED_TO
237537,281654,"{'time': 4.841279999999999, 'inv_time': 0.2065569436182167}",RELATED_TO
237537,281458,"{'time': 4.841279999999999, 'inv_time': 0.2065569436182167}",RELATED_TO
237537,281393,"{'time': 4.841279999999999, 'inv_time': 0.2065569436182167}",RELATED_TO
237537,281945,"{'time': 4.841279999999999, 'inv_time': 0.2065569436182167}",RELATED_TO
237537,282200,"{'time': 9.682559999999999, 'inv_time': 0.10327847180910835}",RELATED_TO
237537,281890,"{'time': 4.841279999999999, 'inv_time': 0.2065569436182167}",RELATED_TO
237537,282004,"{'time': 4.841279999999999, 'inv_time': 0.2065569436182167}",RELATED_TO
237537,282764,"{'time': 4.841279999999999, 'inv_time': 0.2065569436182167}",RELATED_TO
237537,282062,"{'time': 4.841279999999999, 'inv_time': 0.2065569436182167}",RELATED_TO
237537,282720,"{'time': 4.841279999999999, 'inv_time': 0.2065569436182167}",RELATED_TO
237537,282124,"{'time': 4.841279999999999, 'inv_time': 0.2065569436182167}",RELATED_TO
237537,283069,"{'time': 4.841279999999999, 'inv_time': 0.2065569436182167}",RELATED_TO
237537,283022,"{'time': 4.841279999999999, 'inv_time': 0.2065569436182167}",RELATED_TO
237537,282981,"{'time': 4.841279999999999, 'inv_time': 0.2065569436182167}",RELATED_TO
237537,282247,"{'time': 9.682559999999999, 'inv_time': 0.10327847180910835}",RELATED_TO
237537,283440,"{'time': 4.841279999999999, 'inv_time': 0.2065569436182167}",RELATED_TO
237820,276884,"{'time': 9.682559999999999, 'inv_time': 0.10327847180910835}",RELATED_TO
237820,278592,"{'time': 4.841279999999999, 'inv_time': 0.2065569436182167}",RELATED_TO
237820,280636,"{'time': 4.841279999999999, 'inv_time': 0.2065569436182167}",RELATED_TO
237820,279631,"{'time': 9.682559999999999, 'inv_time': 0.10327847180910835}",RELATED_TO
237820,281064,"{'time': 9.682559999999999, 'inv_time': 0.10327847180910835}",RELATED_TO
237820,280706,"{'time': 4.841279999999999, 'inv_time': 0.2065569436182167}",RELATED_TO
237820,281540,"{'time': 4.841279999999999, 'inv_time': 0.2065569436182167}",RELATED_TO
237820,281592,"{'time': 4.841279999999999, 'inv_time': 0.2065569436182167}",RELATED_TO
237820,281327,"{'time': 4.841279999999999, 'inv_time': 0.2065569436182167}",RELATED_TO
237820,281654,"{'time': 4.841279999999999, 'inv_time': 0.2065569436182167}",RELATED_TO
237820,281458,"{'time': 4.841279999999999, 'inv_time': 0.2065569436182167}",RELATED_TO
237820,281393,"{'time': 4.841279999999999, 'inv_time': 0.2065569436182167}",RELATED_TO
237820,281945,"{'time': 4.841279999999999, 'inv_time': 0.2065569436182167}",RELATED_TO
237820,282200,"{'time': 9.682559999999999, 'inv_time': 0.10327847180910835}",RELATED_TO
237820,281890,"{'time': 4.841279999999999, 'inv_time': 0.2065569436182167}",RELATED_TO
237820,282004,"{'time': 4.841279999999999, 'inv_time': 0.2065569436182167}",RELATED_TO
237820,282764,"{'time': 4.841279999999999, 'inv_time': 0.2065569436182167}",RELATED_TO
237820,282062,"{'time': 4.841279999999999, 'inv_time': 0.2065569436182167}",RELATED_TO
237820,282720,"{'time': 4.841279999999999, 'inv_time': 0.2065569436182167}",RELATED_TO
237820,282124,"{'time': 4.841279999999999, 'inv_time': 0.2065569436182167}",RELATED_TO
237820,283069,"{'time': 4.841279999999999, 'inv_time': 0.2065569436182167}",RELATED_TO
237820,283022,"{'time': 4.841279999999999, 'inv_time': 0.2065569436182167}",RELATED_TO
237820,282981,"{'time': 4.841279999999999, 'inv_time': 0.2065569436182167}",RELATED_TO
237820,282247,"{'time': 9.682559999999999, 'inv_time': 0.10327847180910835}",RELATED_TO
237820,283440,"{'time': 4.841279999999999, 'inv_time': 0.2065569436182167}",RELATED_TO
237800,276884,"{'time': 9.682559999999999, 'inv_time': 0.10327847180910835}",RELATED_TO
237800,278592,"{'time': 4.841279999999999, 'inv_time': 0.2065569436182167}",RELATED_TO
237800,280636,"{'time': 4.841279999999999, 'inv_time': 0.2065569436182167}",RELATED_TO
237800,279631,"{'time': 9.682559999999999, 'inv_time': 0.10327847180910835}",RELATED_TO
237800,281064,"{'time': 9.682559999999999, 'inv_time': 0.10327847180910835}",RELATED_TO
237800,280706,"{'time': 4.841279999999999, 'inv_time': 0.2065569436182167}",RELATED_TO
237800,281540,"{'time': 4.841279999999999, 'inv_time': 0.2065569436182167}",RELATED_TO
237800,281592,"{'time': 4.841279999999999, 'inv_time': 0.2065569436182167}",RELATED_TO
237800,281327,"{'time': 4.841279999999999, 'inv_time': 0.2065569436182167}",RELATED_TO
237800,281654,"{'time': 4.841279999999999, 'inv_time': 0.2065569436182167}",RELATED_TO
237800,281458,"{'time': 4.841279999999999, 'inv_time': 0.2065569436182167}",RELATED_TO
237800,281393,"{'time': 4.841279999999999, 'inv_time': 0.2065569436182167}",RELATED_TO
237800,281945,"{'time': 4.841279999999999, 'inv_time': 0.2065569436182167}",RELATED_TO
237800,282200,"{'time': 9.682559999999999, 'inv_time': 0.10327847180910835}",RELATED_TO
237800,281890,"{'time': 4.841279999999999, 'inv_time': 0.2065569436182167}",RELATED_TO
237800,282004,"{'time': 4.841279999999999, 'inv_time': 0.2065569436182167}",RELATED_TO
237800,282764,"{'time': 4.841279999999999, 'inv_time': 0.2065569436182167}",RELATED_TO
237800,282062,"{'time': 4.841279999999999, 'inv_time': 0.2065569436182167}",RELATED_TO
237800,282720,"{'time': 4.841279999999999, 'inv_time': 0.2065569436182167}",RELATED_TO
237800,282124,"{'time': 4.841279999999999, 'inv_time': 0.2065569436182167}",RELATED_TO
237800,283069,"{'time': 4.841279999999999, 'inv_time': 0.2065569436182167}",RELATED_TO
237800,283022,"{'time': 4.841279999999999, 'inv_time': 0.2065569436182167}",RELATED_TO
237800,282981,"{'time': 4.841279999999999, 'inv_time': 0.2065569436182167}",RELATED_TO
237800,282247,"{'time': 9.682559999999999, 'inv_time': 0.10327847180910835}",RELATED_TO
237800,283440,"{'time': 4.841279999999999, 'inv_time': 0.2065569436182167}",RELATED_TO
237841,276884,"{'time': 9.682559999999999, 'inv_time': 0.10327847180910835}",RELATED_TO
237841,278592,"{'time': 4.841279999999999, 'inv_time': 0.2065569436182167}",RELATED_TO
237841,280636,"{'time': 4.841279999999999, 'inv_time': 0.2065569436182167}",RELATED_TO
237841,279631,"{'time': 9.682559999999999, 'inv_time': 0.10327847180910835}",RELATED_TO
237841,281064,"{'time': 9.682559999999999, 'inv_time': 0.10327847180910835}",RELATED_TO
237841,280706,"{'time': 4.841279999999999, 'inv_time': 0.2065569436182167}",RELATED_TO
237841,281540,"{'time': 4.841279999999999, 'inv_time': 0.2065569436182167}",RELATED_TO
237841,281592,"{'time': 4.841279999999999, 'inv_time': 0.2065569436182167}",RELATED_TO
237841,281327,"{'time': 4.841279999999999, 'inv_time': 0.2065569436182167}",RELATED_TO
237841,281654,"{'time': 4.841279999999999, 'inv_time': 0.2065569436182167}",RELATED_TO
237841,281458,"{'time': 4.841279999999999, 'inv_time': 0.2065569436182167}",RELATED_TO
237841,281393,"{'time': 4.841279999999999, 'inv_time': 0.2065569436182167}",RELATED_TO
237841,281945,"{'time': 4.841279999999999, 'inv_time': 0.2065569436182167}",RELATED_TO
237841,282200,"{'time': 9.682559999999999, 'inv_time': 0.10327847180910835}",RELATED_TO
237841,281890,"{'time': 4.841279999999999, 'inv_time': 0.2065569436182167}",RELATED_TO
237841,282004,"{'time': 4.841279999999999, 'inv_time': 0.2065569436182167}",RELATED_TO
237841,282764,"{'time': 4.841279999999999, 'inv_time': 0.2065569436182167}",RELATED_TO
237841,282062,"{'time': 4.841279999999999, 'inv_time': 0.2065569436182167}",RELATED_TO
237841,282720,"{'time': 4.841279999999999, 'inv_time': 0.2065569436182167}",RELATED_TO
237841,282124,"{'time': 4.841279999999999, 'inv_time': 0.2065569436182167}",RELATED_TO
237841,283069,"{'time': 4.841279999999999, 'inv_time': 0.2065569436182167}",RELATED_TO
237841,283022,"{'time': 4.841279999999999, 'inv_time': 0.2065569436182167}",RELATED_TO
237841,282981,"{'time': 4.841279999999999, 'inv_time': 0.2065569436182167}",RELATED_TO
237841,282247,"{'time': 9.682559999999999, 'inv_time': 0.10327847180910835}",RELATED_TO
237841,283440,"{'time': 4.841279999999999, 'inv_time': 0.2065569436182167}",RELATED_TO
237902,276884,"{'time': 9.682559999999999, 'inv_time': 0.10327847180910835}",RELATED_TO
237902,278592,"{'time': 4.841279999999999, 'inv_time': 0.2065569436182167}",RELATED_TO
237902,280636,"{'time': 4.841279999999999, 'inv_time': 0.2065569436182167}",RELATED_TO
237902,279631,"{'time': 9.682559999999999, 'inv_time': 0.10327847180910835}",RELATED_TO
237902,281064,"{'time': 9.682559999999999, 'inv_time': 0.10327847180910835}",RELATED_TO
237902,280706,"{'time': 4.841279999999999, 'inv_time': 0.2065569436182167}",RELATED_TO
237902,281540,"{'time': 4.841279999999999, 'inv_time': 0.2065569436182167}",RELATED_TO
237902,281592,"{'time': 4.841279999999999, 'inv_time': 0.2065569436182167}",RELATED_TO
237902,281327,"{'time': 4.841279999999999, 'inv_time': 0.2065569436182167}",RELATED_TO
237902,281654,"{'time': 4.841279999999999, 'inv_time': 0.2065569436182167}",RELATED_TO
237902,281458,"{'time': 4.841279999999999, 'inv_time': 0.2065569436182167}",RELATED_TO
237902,281393,"{'time': 4.841279999999999, 'inv_time': 0.2065569436182167}",RELATED_TO
237902,281945,"{'time': 4.841279999999999, 'inv_time': 0.2065569436182167}",RELATED_TO
237902,282200,"{'time': 9.682559999999999, 'inv_time': 0.10327847180910835}",RELATED_TO
237902,281890,"{'time': 4.841279999999999, 'inv_time': 0.2065569436182167}",RELATED_TO
237902,282004,"{'time': 4.841279999999999, 'inv_time': 0.2065569436182167}",RELATED_TO
237902,282764,"{'time': 4.841279999999999, 'inv_time': 0.2065569436182167}",RELATED_TO
237902,282062,"{'time': 4.841279999999999, 'inv_time': 0.2065569436182167}",RELATED_TO
237902,282720,"{'time': 4.841279999999999, 'inv_time': 0.2065569436182167}",RELATED_TO
237902,282124,"{'time': 4.841279999999999, 'inv_time': 0.2065569436182167}",RELATED_TO
237902,283069,"{'time': 4.841279999999999, 'inv_time': 0.2065569436182167}",RELATED_TO
237902,283022,"{'time': 4.841279999999999, 'inv_time': 0.2065569436182167}",RELATED_TO
237902,282981,"{'time': 4.841279999999999, 'inv_time': 0.2065569436182167}",RELATED_TO
237902,282247,"{'time': 9.682559999999999, 'inv_time': 0.10327847180910835}",RELATED_TO
237902,283440,"{'time': 4.841279999999999, 'inv_time': 0.2065569436182167}",RELATED_TO
237861,276884,"{'time': 9.682559999999999, 'inv_time': 0.10327847180910835}",RELATED_TO
237861,278592,"{'time': 4.841279999999999, 'inv_time': 0.2065569436182167}",RELATED_TO
237861,280636,"{'time': 4.841279999999999, 'inv_time': 0.2065569436182167}",RELATED_TO
237861,279631,"{'time': 9.682559999999999, 'inv_time': 0.10327847180910835}",RELATED_TO
237861,281064,"{'time': 9.682559999999999, 'inv_time': 0.10327847180910835}",RELATED_TO
237861,280706,"{'time': 4.841279999999999, 'inv_time': 0.2065569436182167}",RELATED_TO
237861,281540,"{'time': 4.841279999999999, 'inv_time': 0.2065569436182167}",RELATED_TO
237861,281592,"{'time': 4.841279999999999, 'inv_time': 0.2065569436182167}",RELATED_TO
237861,281327,"{'time': 4.841279999999999, 'inv_time': 0.2065569436182167}",RELATED_TO
237861,281654,"{'time': 4.841279999999999, 'inv_time': 0.2065569436182167}",RELATED_TO
237861,281458,"{'time': 4.841279999999999, 'inv_time': 0.2065569436182167}",RELATED_TO
237861,281393,"{'time': 4.841279999999999, 'inv_time': 0.2065569436182167}",RELATED_TO
237861,281945,"{'time': 4.841279999999999, 'inv_time': 0.2065569436182167}",RELATED_TO
237861,282200,"{'time': 9.682559999999999, 'inv_time': 0.10327847180910835}",RELATED_TO
237861,281890,"{'time': 4.841279999999999, 'inv_time': 0.2065569436182167}",RELATED_TO
237861,282004,"{'time': 4.841279999999999, 'inv_time': 0.2065569436182167}",RELATED_TO
237861,282764,"{'time': 4.841279999999999, 'inv_time': 0.2065569436182167}",RELATED_TO
237861,282062,"{'time': 4.841279999999999, 'inv_time': 0.2065569436182167}",RELATED_TO
237861,282720,"{'time': 4.841279999999999, 'inv_time': 0.2065569436182167}",RELATED_TO
237861,282124,"{'time': 4.841279999999999, 'inv_time': 0.2065569436182167}",RELATED_TO
237861,283069,"{'time': 4.841279999999999, 'inv_time': 0.2065569436182167}",RELATED_TO
237861,283022,"{'time': 4.841279999999999, 'inv_time': 0.2065569436182167}",RELATED_TO
237861,282981,"{'time': 4.841279999999999, 'inv_time': 0.2065569436182167}",RELATED_TO
237861,282247,"{'time': 9.682559999999999, 'inv_time': 0.10327847180910835}",RELATED_TO
237861,283440,"{'time': 4.841279999999999, 'inv_time': 0.2065569436182167}",RELATED_TO
237881,276884,"{'time': 9.682559999999999, 'inv_time': 0.10327847180910835}",RELATED_TO
237881,278592,"{'time': 4.841279999999999, 'inv_time': 0.2065569436182167}",RELATED_TO
237881,280636,"{'time': 4.841279999999999, 'inv_time': 0.2065569436182167}",RELATED_TO
237881,279631,"{'time': 9.682559999999999, 'inv_time': 0.10327847180910835}",RELATED_TO
237881,281064,"{'time': 9.682559999999999, 'inv_time': 0.10327847180910835}",RELATED_TO
237881,280706,"{'time': 4.841279999999999, 'inv_time': 0.2065569436182167}",RELATED_TO
237881,281540,"{'time': 4.841279999999999, 'inv_time': 0.2065569436182167}",RELATED_TO
237881,281592,"{'time': 4.841279999999999, 'inv_time': 0.2065569436182167}",RELATED_TO
237881,281327,"{'time': 4.841279999999999, 'inv_time': 0.2065569436182167}",RELATED_TO
237881,281654,"{'time': 4.841279999999999, 'inv_time': 0.2065569436182167}",RELATED_TO
237881,281458,"{'time': 4.841279999999999, 'inv_time': 0.2065569436182167}",RELATED_TO
237881,281393,"{'time': 4.841279999999999, 'inv_time': 0.2065569436182167}",RELATED_TO
237881,281945,"{'time': 4.841279999999999, 'inv_time': 0.2065569436182167}",RELATED_TO
237881,282200,"{'time': 9.682559999999999, 'inv_time': 0.10327847180910835}",RELATED_TO
237881,281890,"{'time': 4.841279999999999, 'inv_time': 0.2065569436182167}",RELATED_TO
237881,282004,"{'time': 4.841279999999999, 'inv_time': 0.2065569436182167}",RELATED_TO
237881,282764,"{'time': 4.841279999999999, 'inv_time': 0.2065569436182167}",RELATED_TO
237881,282062,"{'time': 4.841279999999999, 'inv_time': 0.2065569436182167}",RELATED_TO
237881,282720,"{'time': 4.841279999999999, 'inv_time': 0.2065569436182167}",RELATED_TO
237881,282124,"{'time': 4.841279999999999, 'inv_time': 0.2065569436182167}",RELATED_TO
237881,283069,"{'time': 4.841279999999999, 'inv_time': 0.2065569436182167}",RELATED_TO
237881,283022,"{'time': 4.841279999999999, 'inv_time': 0.2065569436182167}",RELATED_TO
237881,282981,"{'time': 4.841279999999999, 'inv_time': 0.2065569436182167}",RELATED_TO
237881,282247,"{'time': 9.682559999999999, 'inv_time': 0.10327847180910835}",RELATED_TO
237881,283440,"{'time': 4.841279999999999, 'inv_time': 0.2065569436182167}",RELATED_TO
276884,239961,"{'time': 1.6655642200293137, 'inv_time': 0.6003971434871482}",RELATED_TO
276884,239951,"{'time': 1.6655642200293137, 'inv_time': 0.6003971434871482}",RELATED_TO
276884,240085,"{'time': 1.6655642200293137, 'inv_time': 0.6003971434871482}",RELATED_TO
276884,240253,"{'time': 1.6655642200293137, 'inv_time': 0.6003971434871482}",RELATED_TO
276884,240243,"{'time': 1.6655642200293137, 'inv_time': 0.6003971434871482}",RELATED_TO
276884,240311,"{'time': 1.6655642200293137, 'inv_time': 0.6003971434871482}",RELATED_TO
276884,240321,"{'time': 1.6655642200293137, 'inv_time': 0.6003971434871482}",RELATED_TO
276884,240265,"{'time': 1.6655642200293137, 'inv_time': 0.6003971434871482}",RELATED_TO
276884,240343,"{'time': 1.6655642200293137, 'inv_time': 0.6003971434871482}",RELATED_TO
276884,240333,"{'time': 1.6655642200293137, 'inv_time': 0.6003971434871482}",RELATED_TO
276884,240479,"{'time': 1.6655642200293137, 'inv_time': 0.6003971434871482}",RELATED_TO
276884,240513,"{'time': 1.6655642200293137, 'inv_time': 0.6003971434871482}",RELATED_TO
276884,240671,"{'time': 1.6655642200293137, 'inv_time': 0.6003971434871482}",RELATED_TO
276884,240647,"{'time': 1.6655642200293137, 'inv_time': 0.6003971434871482}",RELATED_TO
278592,239961,"{'time': 1.6655642200293137, 'inv_time': 0.6003971434871482}",RELATED_TO
278592,239951,"{'time': 1.6655642200293137, 'inv_time': 0.6003971434871482}",RELATED_TO
278592,240085,"{'time': 1.6655642200293137, 'inv_time': 0.6003971434871482}",RELATED_TO
278592,240253,"{'time': 1.6655642200293137, 'inv_time': 0.6003971434871482}",RELATED_TO
278592,240243,"{'time': 1.6655642200293137, 'inv_time': 0.6003971434871482}",RELATED_TO
278592,240311,"{'time': 1.6655642200293137, 'inv_time': 0.6003971434871482}",RELATED_TO
278592,240321,"{'time': 1.6655642200293137, 'inv_time': 0.6003971434871482}",RELATED_TO
278592,240265,"{'time': 1.6655642200293137, 'inv_time': 0.6003971434871482}",RELATED_TO
278592,240343,"{'time': 1.6655642200293137, 'inv_time': 0.6003971434871482}",RELATED_TO
278592,240333,"{'time': 1.6655642200293137, 'inv_time': 0.6003971434871482}",RELATED_TO
278592,240479,"{'time': 1.6655642200293137, 'inv_time': 0.6003971434871482}",RELATED_TO
278592,240513,"{'time': 1.6655642200293137, 'inv_time': 0.6003971434871482}",RELATED_TO
278592,240671,"{'time': 1.6655642200293137, 'inv_time': 0.6003971434871482}",RELATED_TO
278592,240647,"{'time': 1.6655642200293137, 'inv_time': 0.6003971434871482}",RELATED_TO
280636,239961,"{'time': 1.6655642200293137, 'inv_time': 0.6003971434871482}",RELATED_TO
280636,239951,"{'time': 1.6655642200293137, 'inv_time': 0.6003971434871482}",RELATED_TO
280636,240085,"{'time': 1.6655642200293137, 'inv_time': 0.6003971434871482}",RELATED_TO
280636,240253,"{'time': 1.6655642200293137, 'inv_time': 0.6003971434871482}",RELATED_TO
280636,240243,"{'time': 1.6655642200293137, 'inv_time': 0.6003971434871482}",RELATED_TO
280636,240311,"{'time': 1.6655642200293137, 'inv_time': 0.6003971434871482}",RELATED_TO
280636,240321,"{'time': 1.6655642200293137, 'inv_time': 0.6003971434871482}",RELATED_TO
280636,240265,"{'time': 1.6655642200293137, 'inv_time': 0.6003971434871482}",RELATED_TO
280636,240343,"{'time': 1.6655642200293137, 'inv_time': 0.6003971434871482}",RELATED_TO
280636,240333,"{'time': 1.6655642200293137, 'inv_time': 0.6003971434871482}",RELATED_TO
280636,240479,"{'time': 1.6655642200293137, 'inv_time': 0.6003971434871482}",RELATED_TO
280636,240513,"{'time': 1.6655642200293137, 'inv_time': 0.6003971434871482}",RELATED_TO
280636,240671,"{'time': 1.6655642200293137, 'inv_time': 0.6003971434871482}",RELATED_TO
280636,240647,"{'time': 1.6655642200293137, 'inv_time': 0.6003971434871482}",RELATED_TO
279631,239961,"{'time': 1.6655642200293137, 'inv_time': 0.6003971434871482}",RELATED_TO
279631,239951,"{'time': 1.6655642200293137, 'inv_time': 0.6003971434871482}",RELATED_TO
279631,240085,"{'time': 1.6655642200293137, 'inv_time': 0.6003971434871482}",RELATED_TO
279631,240253,"{'time': 1.6655642200293137, 'inv_time': 0.6003971434871482}",RELATED_TO
279631,240243,"{'time': 1.6655642200293137, 'inv_time': 0.6003971434871482}",RELATED_TO
279631,240311,"{'time': 1.6655642200293137, 'inv_time': 0.6003971434871482}",RELATED_TO
279631,240321,"{'time': 1.6655642200293137, 'inv_time': 0.6003971434871482}",RELATED_TO
279631,240265,"{'time': 1.6655642200293137, 'inv_time': 0.6003971434871482}",RELATED_TO
279631,240343,"{'time': 1.6655642200293137, 'inv_time': 0.6003971434871482}",RELATED_TO
279631,240333,"{'time': 1.6655642200293137, 'inv_time': 0.6003971434871482}",RELATED_TO
279631,240479,"{'time': 1.6655642200293137, 'inv_time': 0.6003971434871482}",RELATED_TO
279631,240513,"{'time': 1.6655642200293137, 'inv_time': 0.6003971434871482}",RELATED_TO
279631,240671,"{'time': 1.6655642200293137, 'inv_time': 0.6003971434871482}",RELATED_TO
279631,240647,"{'time': 1.6655642200293137, 'inv_time': 0.6003971434871482}",RELATED_TO
281064,239961,"{'time': 1.6655642200293137, 'inv_time': 0.6003971434871482}",RELATED_TO
281064,239951,"{'time': 1.6655642200293137, 'inv_time': 0.6003971434871482}",RELATED_TO
281064,240085,"{'time': 1.6655642200293137, 'inv_time': 0.6003971434871482}",RELATED_TO
281064,240253,"{'time': 1.6655642200293137, 'inv_time': 0.6003971434871482}",RELATED_TO
281064,240243,"{'time': 1.6655642200293137, 'inv_time': 0.6003971434871482}",RELATED_TO
281064,240311,"{'time': 1.6655642200293137, 'inv_time': 0.6003971434871482}",RELATED_TO
281064,240321,"{'time': 1.6655642200293137, 'inv_time': 0.6003971434871482}",RELATED_TO
281064,240265,"{'time': 1.6655642200293137, 'inv_time': 0.6003971434871482}",RELATED_TO
281064,240343,"{'time': 1.6655642200293137, 'inv_time': 0.6003971434871482}",RELATED_TO
281064,240333,"{'time': 1.6655642200293137, 'inv_time': 0.6003971434871482}",RELATED_TO
281064,240479,"{'time': 1.6655642200293137, 'inv_time': 0.6003971434871482}",RELATED_TO
281064,240513,"{'time': 1.6655642200293137, 'inv_time': 0.6003971434871482}",RELATED_TO
281064,240671,"{'time': 1.6655642200293137, 'inv_time': 0.6003971434871482}",RELATED_TO
281064,240647,"{'time': 1.6655642200293137, 'inv_time': 0.6003971434871482}",RELATED_TO
280706,239961,"{'time': 1.6655642200293137, 'inv_time': 0.6003971434871482}",RELATED_TO
280706,239951,"{'time': 1.6655642200293137, 'inv_time': 0.6003971434871482}",RELATED_TO
280706,240085,"{'time': 1.6655642200293137, 'inv_time': 0.6003971434871482}",RELATED_TO
280706,240253,"{'time': 1.6655642200293137, 'inv_time': 0.6003971434871482}",RELATED_TO
280706,240243,"{'time': 1.6655642200293137, 'inv_time': 0.6003971434871482}",RELATED_TO
280706,240311,"{'time': 1.6655642200293137, 'inv_time': 0.6003971434871482}",RELATED_TO
280706,240321,"{'time': 1.6655642200293137, 'inv_time': 0.6003971434871482}",RELATED_TO
280706,240265,"{'time': 1.6655642200293137, 'inv_time': 0.6003971434871482}",RELATED_TO
280706,240343,"{'time': 1.6655642200293137, 'inv_time': 0.6003971434871482}",RELATED_TO
280706,240333,"{'time': 1.6655642200293137, 'inv_time': 0.6003971434871482}",RELATED_TO
280706,240479,"{'time': 1.6655642200293137, 'inv_time': 0.6003971434871482}",RELATED_TO
280706,240513,"{'time': 1.6655642200293137, 'inv_time': 0.6003971434871482}",RELATED_TO
280706,240671,"{'time': 1.6655642200293137, 'inv_time': 0.6003971434871482}",RELATED_TO
280706,240647,"{'time': 1.6655642200293137, 'inv_time': 0.6003971434871482}",RELATED_TO
281540,239961,"{'time': 1.6655642200293137, 'inv_time': 0.6003971434871482}",RELATED_TO
281540,239951,"{'time': 1.6655642200293137, 'inv_time': 0.6003971434871482}",RELATED_TO
281540,240085,"{'time': 1.6655642200293137, 'inv_time': 0.6003971434871482}",RELATED_TO
281540,240253,"{'time': 1.6655642200293137, 'inv_time': 0.6003971434871482}",RELATED_TO
281540,240243,"{'time': 1.6655642200293137, 'inv_time': 0.6003971434871482}",RELATED_TO
281540,240311,"{'time': 1.6655642200293137, 'inv_time': 0.6003971434871482}",RELATED_TO
281540,240321,"{'time': 1.6655642200293137, 'inv_time': 0.6003971434871482}",RELATED_TO
281540,240265,"{'time': 1.6655642200293137, 'inv_time': 0.6003971434871482}",RELATED_TO
281540,240343,"{'time': 1.6655642200293137, 'inv_time': 0.6003971434871482}",RELATED_TO
281540,240333,"{'time': 1.6655642200293137, 'inv_time': 0.6003971434871482}",RELATED_TO
281540,240479,"{'time': 1.6655642200293137, 'inv_time': 0.6003971434871482}",RELATED_TO
281540,240513,"{'time': 1.6655642200293137, 'inv_time': 0.6003971434871482}",RELATED_TO
281540,240671,"{'time': 1.6655642200293137, 'inv_time': 0.6003971434871482}",RELATED_TO
281540,240647,"{'time': 1.6655642200293137, 'inv_time': 0.6003971434871482}",RELATED_TO
281592,239961,"{'time': 1.6655642200293137, 'inv_time': 0.6003971434871482}",RELATED_TO
281592,239951,"{'time': 1.6655642200293137, 'inv_time': 0.6003971434871482}",RELATED_TO
281592,240085,"{'time': 1.6655642200293137, 'inv_time': 0.6003971434871482}",RELATED_TO
281592,240253,"{'time': 1.6655642200293137, 'inv_time': 0.6003971434871482}",RELATED_TO
281592,240243,"{'time': 1.6655642200293137, 'inv_time': 0.6003971434871482}",RELATED_TO
281592,240311,"{'time': 1.6655642200293137, 'inv_time': 0.6003971434871482}",RELATED_TO
281592,240321,"{'time': 1.6655642200293137, 'inv_time': 0.6003971434871482}",RELATED_TO
281592,240265,"{'time': 1.6655642200293137, 'inv_time': 0.6003971434871482}",RELATED_TO
281592,240343,"{'time': 1.6655642200293137, 'inv_time': 0.6003971434871482}",RELATED_TO
281592,240333,"{'time': 1.6655642200293137, 'inv_time': 0.6003971434871482}",RELATED_TO
281592,240479,"{'time': 1.6655642200293137, 'inv_time': 0.6003971434871482}",RELATED_TO
281592,240513,"{'time': 1.6655642200293137, 'inv_time': 0.6003971434871482}",RELATED_TO
281592,240671,"{'time': 1.6655642200293137, 'inv_time': 0.6003971434871482}",RELATED_TO
281592,240647,"{'time': 1.6655642200293137, 'inv_time': 0.6003971434871482}",RELATED_TO
281327,239961,"{'time': 1.6655642200293137, 'inv_time': 0.6003971434871482}",RELATED_TO
281327,239951,"{'time': 1.6655642200293137, 'inv_time': 0.6003971434871482}",RELATED_TO
281327,240085,"{'time': 1.6655642200293137, 'inv_time': 0.6003971434871482}",RELATED_TO
281327,240253,"{'time': 1.6655642200293137, 'inv_time': 0.6003971434871482}",RELATED_TO
281327,240243,"{'time': 1.6655642200293137, 'inv_time': 0.6003971434871482}",RELATED_TO
281327,240311,"{'time': 1.6655642200293137, 'inv_time': 0.6003971434871482}",RELATED_TO
281327,240321,"{'time': 1.6655642200293137, 'inv_time': 0.6003971434871482}",RELATED_TO
281327,240265,"{'time': 1.6655642200293137, 'inv_time': 0.6003971434871482}",RELATED_TO
281327,240343,"{'time': 1.6655642200293137, 'inv_time': 0.6003971434871482}",RELATED_TO
281327,240333,"{'time': 1.6655642200293137, 'inv_time': 0.6003971434871482}",RELATED_TO
281327,240479,"{'time': 1.6655642200293137, 'inv_time': 0.6003971434871482}",RELATED_TO
281327,240513,"{'time': 1.6655642200293137, 'inv_time': 0.6003971434871482}",RELATED_TO
281327,240671,"{'time': 1.6655642200293137, 'inv_time': 0.6003971434871482}",RELATED_TO
281327,240647,"{'time': 1.6655642200293137, 'inv_time': 0.6003971434871482}",RELATED_TO
281654,239961,"{'time': 1.6655642200293137, 'inv_time': 0.6003971434871482}",RELATED_TO
281654,239951,"{'time': 1.6655642200293137, 'inv_time': 0.6003971434871482}",RELATED_TO
281654,240085,"{'time': 1.6655642200293137, 'inv_time': 0.6003971434871482}",RELATED_TO
281654,240253,"{'time': 1.6655642200293137, 'inv_time': 0.6003971434871482}",RELATED_TO
281654,240243,"{'time': 1.6655642200293137, 'inv_time': 0.6003971434871482}",RELATED_TO
281654,240311,"{'time': 1.6655642200293137, 'inv_time': 0.6003971434871482}",RELATED_TO
281654,240321,"{'time': 1.6655642200293137, 'inv_time': 0.6003971434871482}",RELATED_TO
281654,240265,"{'time': 1.6655642200293137, 'inv_time': 0.6003971434871482}",RELATED_TO
281654,240343,"{'time': 1.6655642200293137, 'inv_time': 0.6003971434871482}",RELATED_TO
281654,240333,"{'time': 1.6655642200293137, 'inv_time': 0.6003971434871482}",RELATED_TO
281654,240479,"{'time': 1.6655642200293137, 'inv_time': 0.6003971434871482}",RELATED_TO
281654,240513,"{'time': 1.6655642200293137, 'inv_time': 0.6003971434871482}",RELATED_TO
281654,240671,"{'time': 1.6655642200293137, 'inv_time': 0.6003971434871482}",RELATED_TO
281654,240647,"{'time': 1.6655642200293137, 'inv_time': 0.6003971434871482}",RELATED_TO
281458,239961,"{'time': 1.6655642200293137, 'inv_time': 0.6003971434871482}",RELATED_TO
281458,239951,"{'time': 1.6655642200293137, 'inv_time': 0.6003971434871482}",RELATED_TO
281458,240085,"{'time': 1.6655642200293137, 'inv_time': 0.6003971434871482}",RELATED_TO
281458,240253,"{'time': 1.6655642200293137, 'inv_time': 0.6003971434871482}",RELATED_TO
281458,240243,"{'time': 1.6655642200293137, 'inv_time': 0.6003971434871482}",RELATED_TO
281458,240311,"{'time': 1.6655642200293137, 'inv_time': 0.6003971434871482}",RELATED_TO
281458,240321,"{'time': 1.6655642200293137, 'inv_time': 0.6003971434871482}",RELATED_TO
281458,240265,"{'time': 1.6655642200293137, 'inv_time': 0.6003971434871482}",RELATED_TO
281458,240343,"{'time': 1.6655642200293137, 'inv_time': 0.6003971434871482}",RELATED_TO
281458,240333,"{'time': 1.6655642200293137, 'inv_time': 0.6003971434871482}",RELATED_TO
281458,240479,"{'time': 1.6655642200293137, 'inv_time': 0.6003971434871482}",RELATED_TO
281458,240513,"{'time': 1.6655642200293137, 'inv_time': 0.6003971434871482}",RELATED_TO
281458,240671,"{'time': 1.6655642200293137, 'inv_time': 0.6003971434871482}",RELATED_TO
281458,240647,"{'time': 1.6655642200293137, 'inv_time': 0.6003971434871482}",RELATED_TO
281393,239961,"{'time': 1.6655642200293137, 'inv_time': 0.6003971434871482}",RELATED_TO
281393,239951,"{'time': 1.6655642200293137, 'inv_time': 0.6003971434871482}",RELATED_TO
281393,240085,"{'time': 1.6655642200293137, 'inv_time': 0.6003971434871482}",RELATED_TO
281393,240253,"{'time': 1.6655642200293137, 'inv_time': 0.6003971434871482}",RELATED_TO
281393,240243,"{'time': 1.6655642200293137, 'inv_time': 0.6003971434871482}",RELATED_TO
281393,240311,"{'time': 1.6655642200293137, 'inv_time': 0.6003971434871482}",RELATED_TO
281393,240321,"{'time': 1.6655642200293137, 'inv_time': 0.6003971434871482}",RELATED_TO
281393,240265,"{'time': 1.6655642200293137, 'inv_time': 0.6003971434871482}",RELATED_TO
281393,240343,"{'time': 1.6655642200293137, 'inv_time': 0.6003971434871482}",RELATED_TO
281393,240333,"{'time': 1.6655642200293137, 'inv_time': 0.6003971434871482}",RELATED_TO
281393,240479,"{'time': 1.6655642200293137, 'inv_time': 0.6003971434871482}",RELATED_TO
281393,240513,"{'time': 1.6655642200293137, 'inv_time': 0.6003971434871482}",RELATED_TO
281393,240671,"{'time': 1.6655642200293137, 'inv_time': 0.6003971434871482}",RELATED_TO
281393,240647,"{'time': 1.6655642200293137, 'inv_time': 0.6003971434871482}",RELATED_TO
281945,239961,"{'time': 1.6655642200293137, 'inv_time': 0.6003971434871482}",RELATED_TO
281945,239951,"{'time': 1.6655642200293137, 'inv_time': 0.6003971434871482}",RELATED_TO
281945,240085,"{'time': 1.6655642200293137, 'inv_time': 0.6003971434871482}",RELATED_TO
281945,240253,"{'time': 1.6655642200293137, 'inv_time': 0.6003971434871482}",RELATED_TO
281945,240243,"{'time': 1.6655642200293137, 'inv_time': 0.6003971434871482}",RELATED_TO
281945,240311,"{'time': 1.6655642200293137, 'inv_time': 0.6003971434871482}",RELATED_TO
281945,240321,"{'time': 1.6655642200293137, 'inv_time': 0.6003971434871482}",RELATED_TO
281945,240265,"{'time': 1.6655642200293137, 'inv_time': 0.6003971434871482}",RELATED_TO
281945,240343,"{'time': 1.6655642200293137, 'inv_time': 0.6003971434871482}",RELATED_TO
281945,240333,"{'time': 1.6655642200293137, 'inv_time': 0.6003971434871482}",RELATED_TO
281945,240479,"{'time': 1.6655642200293137, 'inv_time': 0.6003971434871482}",RELATED_TO
281945,240513,"{'time': 1.6655642200293137, 'inv_time': 0.6003971434871482}",RELATED_TO
281945,240671,"{'time': 1.6655642200293137, 'inv_time': 0.6003971434871482}",RELATED_TO
281945,240647,"{'time': 1.6655642200293137, 'inv_time': 0.6003971434871482}",RELATED_TO
282200,239961,"{'time': 1.6655642200293137, 'inv_time': 0.6003971434871482}",RELATED_TO
282200,239951,"{'time': 1.6655642200293137, 'inv_time': 0.6003971434871482}",RELATED_TO
282200,240085,"{'time': 1.6655642200293137, 'inv_time': 0.6003971434871482}",RELATED_TO
282200,240253,"{'time': 1.6655642200293137, 'inv_time': 0.6003971434871482}",RELATED_TO
282200,240243,"{'time': 1.6655642200293137, 'inv_time': 0.6003971434871482}",RELATED_TO
282200,240311,"{'time': 1.6655642200293137, 'inv_time': 0.6003971434871482}",RELATED_TO
282200,240321,"{'time': 1.6655642200293137, 'inv_time': 0.6003971434871482}",RELATED_TO
282200,240265,"{'time': 1.6655642200293137, 'inv_time': 0.6003971434871482}",RELATED_TO
282200,240343,"{'time': 1.6655642200293137, 'inv_time': 0.6003971434871482}",RELATED_TO
282200,240333,"{'time': 1.6655642200293137, 'inv_time': 0.6003971434871482}",RELATED_TO
282200,240479,"{'time': 1.6655642200293137, 'inv_time': 0.6003971434871482}",RELATED_TO
282200,240513,"{'time': 1.6655642200293137, 'inv_time': 0.6003971434871482}",RELATED_TO
282200,240671,"{'time': 1.6655642200293137, 'inv_time': 0.6003971434871482}",RELATED_TO
282200,240647,"{'time': 1.6655642200293137, 'inv_time': 0.6003971434871482}",RELATED_TO
281890,239961,"{'time': 1.6655642200293137, 'inv_time': 0.6003971434871482}",RELATED_TO
281890,239951,"{'time': 1.6655642200293137, 'inv_time': 0.6003971434871482}",RELATED_TO
281890,240085,"{'time': 1.6655642200293137, 'inv_time': 0.6003971434871482}",RELATED_TO
281890,240253,"{'time': 1.6655642200293137, 'inv_time': 0.6003971434871482}",RELATED_TO
281890,240243,"{'time': 1.6655642200293137, 'inv_time': 0.6003971434871482}",RELATED_TO
281890,240311,"{'time': 1.6655642200293137, 'inv_time': 0.6003971434871482}",RELATED_TO
281890,240321,"{'time': 1.6655642200293137, 'inv_time': 0.6003971434871482}",RELATED_TO
281890,240265,"{'time': 1.6655642200293137, 'inv_time': 0.6003971434871482}",RELATED_TO
281890,240343,"{'time': 1.6655642200293137, 'inv_time': 0.6003971434871482}",RELATED_TO
281890,240333,"{'time': 1.6655642200293137, 'inv_time': 0.6003971434871482}",RELATED_TO
281890,240479,"{'time': 1.6655642200293137, 'inv_time': 0.6003971434871482}",RELATED_TO
281890,240513,"{'time': 1.6655642200293137, 'inv_time': 0.6003971434871482}",RELATED_TO
281890,240671,"{'time': 1.6655642200293137, 'inv_time': 0.6003971434871482}",RELATED_TO
281890,240647,"{'time': 1.6655642200293137, 'inv_time': 0.6003971434871482}",RELATED_TO
282004,239961,"{'time': 1.6655642200293137, 'inv_time': 0.6003971434871482}",RELATED_TO
282004,239951,"{'time': 1.6655642200293137, 'inv_time': 0.6003971434871482}",RELATED_TO
282004,240085,"{'time': 1.6655642200293137, 'inv_time': 0.6003971434871482}",RELATED_TO
282004,240253,"{'time': 1.6655642200293137, 'inv_time': 0.6003971434871482}",RELATED_TO
282004,240243,"{'time': 1.6655642200293137, 'inv_time': 0.6003971434871482}",RELATED_TO
282004,240311,"{'time': 1.6655642200293137, 'inv_time': 0.6003971434871482}",RELATED_TO
282004,240321,"{'time': 1.6655642200293137, 'inv_time': 0.6003971434871482}",RELATED_TO
282004,240265,"{'time': 1.6655642200293137, 'inv_time': 0.6003971434871482}",RELATED_TO
282004,240343,"{'time': 1.6655642200293137, 'inv_time': 0.6003971434871482}",RELATED_TO
282004,240333,"{'time': 1.6655642200293137, 'inv_time': 0.6003971434871482}",RELATED_TO
282004,240479,"{'time': 1.6655642200293137, 'inv_time': 0.6003971434871482}",RELATED_TO
282004,240513,"{'time': 1.6655642200293137, 'inv_time': 0.6003971434871482}",RELATED_TO
282004,240671,"{'time': 1.6655642200293137, 'inv_time': 0.6003971434871482}",RELATED_TO
282004,240647,"{'time': 1.6655642200293137, 'inv_time': 0.6003971434871482}",RELATED_TO
282764,239961,"{'time': 1.6655642200293137, 'inv_time': 0.6003971434871482}",RELATED_TO
282764,239951,"{'time': 1.6655642200293137, 'inv_time': 0.6003971434871482}",RELATED_TO
282764,240085,"{'time': 1.6655642200293137, 'inv_time': 0.6003971434871482}",RELATED_TO
282764,240253,"{'time': 1.6655642200293137, 'inv_time': 0.6003971434871482}",RELATED_TO
282764,240243,"{'time': 1.6655642200293137, 'inv_time': 0.6003971434871482}",RELATED_TO
282764,240311,"{'time': 1.6655642200293137, 'inv_time': 0.6003971434871482}",RELATED_TO
282764,240321,"{'time': 1.6655642200293137, 'inv_time': 0.6003971434871482}",RELATED_TO
282764,240265,"{'time': 1.6655642200293137, 'inv_time': 0.6003971434871482}",RELATED_TO
282764,240343,"{'time': 1.6655642200293137, 'inv_time': 0.6003971434871482}",RELATED_TO
282764,240333,"{'time': 1.6655642200293137, 'inv_time': 0.6003971434871482}",RELATED_TO
282764,240479,"{'time': 1.6655642200293137, 'inv_time': 0.6003971434871482}",RELATED_TO
282764,240513,"{'time': 1.6655642200293137, 'inv_time': 0.6003971434871482}",RELATED_TO
282764,240671,"{'time': 1.6655642200293137, 'inv_time': 0.6003971434871482}",RELATED_TO
282764,240647,"{'time': 1.6655642200293137, 'inv_time': 0.6003971434871482}",RELATED_TO
282062,239961,"{'time': 1.6655642200293137, 'inv_time': 0.6003971434871482}",RELATED_TO
282062,239951,"{'time': 1.6655642200293137, 'inv_time': 0.6003971434871482}",RELATED_TO
282062,240085,"{'time': 1.6655642200293137, 'inv_time': 0.6003971434871482}",RELATED_TO
282062,240253,"{'time': 1.6655642200293137, 'inv_time': 0.6003971434871482}",RELATED_TO
282062,240243,"{'time': 1.6655642200293137, 'inv_time': 0.6003971434871482}",RELATED_TO
282062,240311,"{'time': 1.6655642200293137, 'inv_time': 0.6003971434871482}",RELATED_TO
282062,240321,"{'time': 1.6655642200293137, 'inv_time': 0.6003971434871482}",RELATED_TO
282062,240265,"{'time': 1.6655642200293137, 'inv_time': 0.6003971434871482}",RELATED_TO
282062,240343,"{'time': 1.6655642200293137, 'inv_time': 0.6003971434871482}",RELATED_TO
282062,240333,"{'time': 1.6655642200293137, 'inv_time': 0.6003971434871482}",RELATED_TO
282062,240479,"{'time': 1.6655642200293137, 'inv_time': 0.6003971434871482}",RELATED_TO
282062,240513,"{'time': 1.6655642200293137, 'inv_time': 0.6003971434871482}",RELATED_TO
282062,240671,"{'time': 1.6655642200293137, 'inv_time': 0.6003971434871482}",RELATED_TO
282062,240647,"{'time': 1.6655642200293137, 'inv_time': 0.6003971434871482}",RELATED_TO
282720,239961,"{'time': 1.6655642200293137, 'inv_time': 0.6003971434871482}",RELATED_TO
282720,239951,"{'time': 1.6655642200293137, 'inv_time': 0.6003971434871482}",RELATED_TO
282720,240085,"{'time': 1.6655642200293137, 'inv_time': 0.6003971434871482}",RELATED_TO
282720,240253,"{'time': 1.6655642200293137, 'inv_time': 0.6003971434871482}",RELATED_TO
282720,240243,"{'time': 1.6655642200293137, 'inv_time': 0.6003971434871482}",RELATED_TO
282720,240311,"{'time': 1.6655642200293137, 'inv_time': 0.6003971434871482}",RELATED_TO
282720,240321,"{'time': 1.6655642200293137, 'inv_time': 0.6003971434871482}",RELATED_TO
282720,240265,"{'time': 1.6655642200293137, 'inv_time': 0.6003971434871482}",RELATED_TO
282720,240343,"{'time': 1.6655642200293137, 'inv_time': 0.6003971434871482}",RELATED_TO
282720,240333,"{'time': 1.6655642200293137, 'inv_time': 0.6003971434871482}",RELATED_TO
282720,240479,"{'time': 1.6655642200293137, 'inv_time': 0.6003971434871482}",RELATED_TO
282720,240513,"{'time': 1.6655642200293137, 'inv_time': 0.6003971434871482}",RELATED_TO
282720,240671,"{'time': 1.6655642200293137, 'inv_time': 0.6003971434871482}",RELATED_TO
282720,240647,"{'time': 1.6655642200293137, 'inv_time': 0.6003971434871482}",RELATED_TO
282124,239961,"{'time': 1.6655642200293137, 'inv_time': 0.6003971434871482}",RELATED_TO
282124,239951,"{'time': 1.6655642200293137, 'inv_time': 0.6003971434871482}",RELATED_TO
282124,240085,"{'time': 1.6655642200293137, 'inv_time': 0.6003971434871482}",RELATED_TO
282124,240253,"{'time': 1.6655642200293137, 'inv_time': 0.6003971434871482}",RELATED_TO
282124,240243,"{'time': 1.6655642200293137, 'inv_time': 0.6003971434871482}",RELATED_TO
282124,240311,"{'time': 1.6655642200293137, 'inv_time': 0.6003971434871482}",RELATED_TO
282124,240321,"{'time': 1.6655642200293137, 'inv_time': 0.6003971434871482}",RELATED_TO
282124,240265,"{'time': 1.6655642200293137, 'inv_time': 0.6003971434871482}",RELATED_TO
282124,240343,"{'time': 1.6655642200293137, 'inv_time': 0.6003971434871482}",RELATED_TO
282124,240333,"{'time': 1.6655642200293137, 'inv_time': 0.6003971434871482}",RELATED_TO
282124,240479,"{'time': 1.6655642200293137, 'inv_time': 0.6003971434871482}",RELATED_TO
282124,240513,"{'time': 1.6655642200293137, 'inv_time': 0.6003971434871482}",RELATED_TO
282124,240671,"{'time': 1.6655642200293137, 'inv_time': 0.6003971434871482}",RELATED_TO
282124,240647,"{'time': 1.6655642200293137, 'inv_time': 0.6003971434871482}",RELATED_TO
283069,239961,"{'time': 1.6655642200293137, 'inv_time': 0.6003971434871482}",RELATED_TO
283069,239951,"{'time': 1.6655642200293137, 'inv_time': 0.6003971434871482}",RELATED_TO
283069,240085,"{'time': 1.6655642200293137, 'inv_time': 0.6003971434871482}",RELATED_TO
283069,240253,"{'time': 1.6655642200293137, 'inv_time': 0.6003971434871482}",RELATED_TO
283069,240243,"{'time': 1.6655642200293137, 'inv_time': 0.6003971434871482}",RELATED_TO
283069,240311,"{'time': 1.6655642200293137, 'inv_time': 0.6003971434871482}",RELATED_TO
283069,240321,"{'time': 1.6655642200293137, 'inv_time': 0.6003971434871482}",RELATED_TO
283069,240265,"{'time': 1.6655642200293137, 'inv_time': 0.6003971434871482}",RELATED_TO
283069,240343,"{'time': 1.6655642200293137, 'inv_time': 0.6003971434871482}",RELATED_TO
283069,240333,"{'time': 1.6655642200293137, 'inv_time': 0.6003971434871482}",RELATED_TO
283069,240479,"{'time': 1.6655642200293137, 'inv_time': 0.6003971434871482}",RELATED_TO
283069,240513,"{'time': 1.6655642200293137, 'inv_time': 0.6003971434871482}",RELATED_TO
283069,240671,"{'time': 1.6655642200293137, 'inv_time': 0.6003971434871482}",RELATED_TO
283069,240647,"{'time': 1.6655642200293137, 'inv_time': 0.6003971434871482}",RELATED_TO
283022,239961,"{'time': 1.6655642200293137, 'inv_time': 0.6003971434871482}",RELATED_TO
283022,239951,"{'time': 1.6655642200293137, 'inv_time': 0.6003971434871482}",RELATED_TO
283022,240085,"{'time': 1.6655642200293137, 'inv_time': 0.6003971434871482}",RELATED_TO
283022,240253,"{'time': 1.6655642200293137, 'inv_time': 0.6003971434871482}",RELATED_TO
283022,240243,"{'time': 1.6655642200293137, 'inv_time': 0.6003971434871482}",RELATED_TO
283022,240311,"{'time': 1.6655642200293137, 'inv_time': 0.6003971434871482}",RELATED_TO
283022,240321,"{'time': 1.6655642200293137, 'inv_time': 0.6003971434871482}",RELATED_TO
283022,240265,"{'time': 1.6655642200293137, 'inv_time': 0.6003971434871482}",RELATED_TO
283022,240343,"{'time': 1.6655642200293137, 'inv_time': 0.6003971434871482}",RELATED_TO
283022,240333,"{'time': 1.6655642200293137, 'inv_time': 0.6003971434871482}",RELATED_TO
283022,240479,"{'time': 1.6655642200293137, 'inv_time': 0.6003971434871482}",RELATED_TO
283022,240513,"{'time': 1.6655642200293137, 'inv_time': 0.6003971434871482}",RELATED_TO
283022,240671,"{'time': 1.6655642200293137, 'inv_time': 0.6003971434871482}",RELATED_TO
283022,240647,"{'time': 1.6655642200293137, 'inv_time': 0.6003971434871482}",RELATED_TO
282981,239961,"{'time': 1.6655642200293137, 'inv_time': 0.6003971434871482}",RELATED_TO
282981,239951,"{'time': 1.6655642200293137, 'inv_time': 0.6003971434871482}",RELATED_TO
282981,240085,"{'time': 1.6655642200293137, 'inv_time': 0.6003971434871482}",RELATED_TO
282981,240253,"{'time': 1.6655642200293137, 'inv_time': 0.6003971434871482}",RELATED_TO
282981,240243,"{'time': 1.6655642200293137, 'inv_time': 0.6003971434871482}",RELATED_TO
282981,240311,"{'time': 1.6655642200293137, 'inv_time': 0.6003971434871482}",RELATED_TO
282981,240321,"{'time': 1.6655642200293137, 'inv_time': 0.6003971434871482}",RELATED_TO
282981,240265,"{'time': 1.6655642200293137, 'inv_time': 0.6003971434871482}",RELATED_TO
282981,240343,"{'time': 1.6655642200293137, 'inv_time': 0.6003971434871482}",RELATED_TO
282981,240333,"{'time': 1.6655642200293137, 'inv_time': 0.6003971434871482}",RELATED_TO
282981,240479,"{'time': 1.6655642200293137, 'inv_time': 0.6003971434871482}",RELATED_TO
282981,240513,"{'time': 1.6655642200293137, 'inv_time': 0.6003971434871482}",RELATED_TO
282981,240671,"{'time': 1.6655642200293137, 'inv_time': 0.6003971434871482}",RELATED_TO
282981,240647,"{'time': 1.6655642200293137, 'inv_time': 0.6003971434871482}",RELATED_TO
282247,239961,"{'time': 1.6655642200293137, 'inv_time': 0.6003971434871482}",RELATED_TO
282247,239951,"{'time': 1.6655642200293137, 'inv_time': 0.6003971434871482}",RELATED_TO
282247,240085,"{'time': 1.6655642200293137, 'inv_time': 0.6003971434871482}",RELATED_TO
282247,240253,"{'time': 1.6655642200293137, 'inv_time': 0.6003971434871482}",RELATED_TO
282247,240243,"{'time': 1.6655642200293137, 'inv_time': 0.6003971434871482}",RELATED_TO
282247,240311,"{'time': 1.6655642200293137, 'inv_time': 0.6003971434871482}",RELATED_TO
282247,240321,"{'time': 1.6655642200293137, 'inv_time': 0.6003971434871482}",RELATED_TO
282247,240265,"{'time': 1.6655642200293137, 'inv_time': 0.6003971434871482}",RELATED_TO
282247,240343,"{'time': 1.6655642200293137, 'inv_time': 0.6003971434871482}",RELATED_TO
282247,240333,"{'time': 1.6655642200293137, 'inv_time': 0.6003971434871482}",RELATED_TO
282247,240479,"{'time': 1.6655642200293137, 'inv_time': 0.6003971434871482}",RELATED_TO
282247,240513,"{'time': 1.6655642200293137, 'inv_time': 0.6003971434871482}",RELATED_TO
282247,240671,"{'time': 1.6655642200293137, 'inv_time': 0.6003971434871482}",RELATED_TO
282247,240647,"{'time': 1.6655642200293137, 'inv_time': 0.6003971434871482}",RELATED_TO
283440,239961,"{'time': 1.6655642200293137, 'inv_time': 0.6003971434871482}",RELATED_TO
283440,239951,"{'time': 1.6655642200293137, 'inv_time': 0.6003971434871482}",RELATED_TO
283440,240085,"{'time': 1.6655642200293137, 'inv_time': 0.6003971434871482}",RELATED_TO
283440,240253,"{'time': 1.6655642200293137, 'inv_time': 0.6003971434871482}",RELATED_TO
283440,240243,"{'time': 1.6655642200293137, 'inv_time': 0.6003971434871482}",RELATED_TO
283440,240311,"{'time': 1.6655642200293137, 'inv_time': 0.6003971434871482}",RELATED_TO
283440,240321,"{'time': 1.6655642200293137, 'inv_time': 0.6003971434871482}",RELATED_TO
283440,240265,"{'time': 1.6655642200293137, 'inv_time': 0.6003971434871482}",RELATED_TO
283440,240343,"{'time': 1.6655642200293137, 'inv_time': 0.6003971434871482}",RELATED_TO
283440,240333,"{'time': 1.6655642200293137, 'inv_time': 0.6003971434871482}",RELATED_TO
283440,240479,"{'time': 1.6655642200293137, 'inv_time': 0.6003971434871482}",RELATED_TO
283440,240513,"{'time': 1.6655642200293137, 'inv_time': 0.6003971434871482}",RELATED_TO
283440,240671,"{'time': 1.6655642200293137, 'inv_time': 0.6003971434871482}",RELATED_TO
283440,240647,"{'time': 1.6655642200293137, 'inv_time': 0.6003971434871482}",RELATED_TO
239961,237557,"{'time': 2.3601903525000005, 'inv_time': 0.4236946392653301}",RELATED_TO
239961,237618,"{'time': 2.3601903525000005, 'inv_time': 0.4236946392653301}",RELATED_TO
239961,237598,"{'time': 2.3601903525000005, 'inv_time': 0.4236946392653301}",RELATED_TO
239961,237578,"{'time': 2.3601903525000005, 'inv_time': 0.4236946392653301}",RELATED_TO
239961,237638,"{'time': 2.3601903525000005, 'inv_time': 0.4236946392653301}",RELATED_TO
239961,237658,"{'time': 2.3601903525000005, 'inv_time': 0.4236946392653301}",RELATED_TO
239961,238003,"{'time': 2.3601903525000005, 'inv_time': 0.4236946392653301}",RELATED_TO
239961,237922,"{'time': 2.3601903525000005, 'inv_time': 0.4236946392653301}",RELATED_TO
239961,237962,"{'time': 2.3601903525000005, 'inv_time': 0.4236946392653301}",RELATED_TO
239961,237942,"{'time': 2.3601903525000005, 'inv_time': 0.4236946392653301}",RELATED_TO
239961,238023,"{'time': 2.3601903525000005, 'inv_time': 0.4236946392653301}",RELATED_TO
239961,237982,"{'time': 2.3601903525000005, 'inv_time': 0.4236946392653301}",RELATED_TO
239951,237557,"{'time': 2.3601903525000005, 'inv_time': 0.4236946392653301}",RELATED_TO
239951,237618,"{'time': 2.3601903525000005, 'inv_time': 0.4236946392653301}",RELATED_TO
239951,237598,"{'time': 2.3601903525000005, 'inv_time': 0.4236946392653301}",RELATED_TO
239951,237578,"{'time': 2.3601903525000005, 'inv_time': 0.4236946392653301}",RELATED_TO
239951,237638,"{'time': 2.3601903525000005, 'inv_time': 0.4236946392653301}",RELATED_TO
239951,237658,"{'time': 2.3601903525000005, 'inv_time': 0.4236946392653301}",RELATED_TO
239951,238003,"{'time': 2.3601903525000005, 'inv_time': 0.4236946392653301}",RELATED_TO
239951,237922,"{'time': 2.3601903525000005, 'inv_time': 0.4236946392653301}",RELATED_TO
239951,237962,"{'time': 2.3601903525000005, 'inv_time': 0.4236946392653301}",RELATED_TO
239951,237942,"{'time': 2.3601903525000005, 'inv_time': 0.4236946392653301}",RELATED_TO
239951,238023,"{'time': 2.3601903525000005, 'inv_time': 0.4236946392653301}",RELATED_TO
239951,237982,"{'time': 2.3601903525000005, 'inv_time': 0.4236946392653301}",RELATED_TO
240085,237557,"{'time': 2.3601903525000005, 'inv_time': 0.4236946392653301}",RELATED_TO
240085,237618,"{'time': 2.3601903525000005, 'inv_time': 0.4236946392653301}",RELATED_TO
240085,237598,"{'time': 2.3601903525000005, 'inv_time': 0.4236946392653301}",RELATED_TO
240085,237578,"{'time': 2.3601903525000005, 'inv_time': 0.4236946392653301}",RELATED_TO
240085,237638,"{'time': 2.3601903525000005, 'inv_time': 0.4236946392653301}",RELATED_TO
240085,237658,"{'time': 2.3601903525000005, 'inv_time': 0.4236946392653301}",RELATED_TO
240085,238003,"{'time': 2.3601903525000005, 'inv_time': 0.4236946392653301}",RELATED_TO
240085,237922,"{'time': 2.3601903525000005, 'inv_time': 0.4236946392653301}",RELATED_TO
240085,237962,"{'time': 2.3601903525000005, 'inv_time': 0.4236946392653301}",RELATED_TO
240085,237942,"{'time': 2.3601903525000005, 'inv_time': 0.4236946392653301}",RELATED_TO
240085,238023,"{'time': 2.3601903525000005, 'inv_time': 0.4236946392653301}",RELATED_TO
240085,237982,"{'time': 2.3601903525000005, 'inv_time': 0.4236946392653301}",RELATED_TO
240253,237557,"{'time': 2.3601903525000005, 'inv_time': 0.4236946392653301}",RELATED_TO
240253,237618,"{'time': 2.3601903525000005, 'inv_time': 0.4236946392653301}",RELATED_TO
240253,237598,"{'time': 2.3601903525000005, 'inv_time': 0.4236946392653301}",RELATED_TO
240253,237578,"{'time': 2.3601903525000005, 'inv_time': 0.4236946392653301}",RELATED_TO
240253,237638,"{'time': 2.3601903525000005, 'inv_time': 0.4236946392653301}",RELATED_TO
240253,237658,"{'time': 2.3601903525000005, 'inv_time': 0.4236946392653301}",RELATED_TO
240253,238003,"{'time': 2.3601903525000005, 'inv_time': 0.4236946392653301}",RELATED_TO
240253,237922,"{'time': 2.3601903525000005, 'inv_time': 0.4236946392653301}",RELATED_TO
240253,237962,"{'time': 2.3601903525000005, 'inv_time': 0.4236946392653301}",RELATED_TO
240253,237942,"{'time': 2.3601903525000005, 'inv_time': 0.4236946392653301}",RELATED_TO
240253,238023,"{'time': 2.3601903525000005, 'inv_time': 0.4236946392653301}",RELATED_TO
240253,237982,"{'time': 2.3601903525000005, 'inv_time': 0.4236946392653301}",RELATED_TO
240243,237557,"{'time': 2.3601903525000005, 'inv_time': 0.4236946392653301}",RELATED_TO
240243,237618,"{'time': 2.3601903525000005, 'inv_time': 0.4236946392653301}",RELATED_TO
240243,237598,"{'time': 2.3601903525000005, 'inv_time': 0.4236946392653301}",RELATED_TO
240243,237578,"{'time': 2.3601903525000005, 'inv_time': 0.4236946392653301}",RELATED_TO
240243,237638,"{'time': 2.3601903525000005, 'inv_time': 0.4236946392653301}",RELATED_TO
240243,237658,"{'time': 2.3601903525000005, 'inv_time': 0.4236946392653301}",RELATED_TO
240243,238003,"{'time': 2.3601903525000005, 'inv_time': 0.4236946392653301}",RELATED_TO
240243,237922,"{'time': 2.3601903525000005, 'inv_time': 0.4236946392653301}",RELATED_TO
240243,237962,"{'time': 2.3601903525000005, 'inv_time': 0.4236946392653301}",RELATED_TO
240243,237942,"{'time': 2.3601903525000005, 'inv_time': 0.4236946392653301}",RELATED_TO
240243,238023,"{'time': 2.3601903525000005, 'inv_time': 0.4236946392653301}",RELATED_TO
240243,237982,"{'time': 2.3601903525000005, 'inv_time': 0.4236946392653301}",RELATED_TO
240311,237557,"{'time': 2.3601903525000005, 'inv_time': 0.4236946392653301}",RELATED_TO
240311,237618,"{'time': 2.3601903525000005, 'inv_time': 0.4236946392653301}",RELATED_TO
240311,237598,"{'time': 2.3601903525000005, 'inv_time': 0.4236946392653301}",RELATED_TO
240311,237578,"{'time': 2.3601903525000005, 'inv_time': 0.4236946392653301}",RELATED_TO
240311,237638,"{'time': 2.3601903525000005, 'inv_time': 0.4236946392653301}",RELATED_TO
240311,237658,"{'time': 2.3601903525000005, 'inv_time': 0.4236946392653301}",RELATED_TO
240311,238003,"{'time': 2.3601903525000005, 'inv_time': 0.4236946392653301}",RELATED_TO
240311,237922,"{'time': 2.3601903525000005, 'inv_time': 0.4236946392653301}",RELATED_TO
240311,237962,"{'time': 2.3601903525000005, 'inv_time': 0.4236946392653301}",RELATED_TO
240311,237942,"{'time': 2.3601903525000005, 'inv_time': 0.4236946392653301}",RELATED_TO
240311,238023,"{'time': 2.3601903525000005, 'inv_time': 0.4236946392653301}",RELATED_TO
240311,237982,"{'time': 2.3601903525000005, 'inv_time': 0.4236946392653301}",RELATED_TO
240321,237557,"{'time': 2.3601903525000005, 'inv_time': 0.4236946392653301}",RELATED_TO
240321,237618,"{'time': 2.3601903525000005, 'inv_time': 0.4236946392653301}",RELATED_TO
240321,237598,"{'time': 2.3601903525000005, 'inv_time': 0.4236946392653301}",RELATED_TO
240321,237578,"{'time': 2.3601903525000005, 'inv_time': 0.4236946392653301}",RELATED_TO
240321,237638,"{'time': 2.3601903525000005, 'inv_time': 0.4236946392653301}",RELATED_TO
240321,237658,"{'time': 2.3601903525000005, 'inv_time': 0.4236946392653301}",RELATED_TO
240321,238003,"{'time': 2.3601903525000005, 'inv_time': 0.4236946392653301}",RELATED_TO
240321,237922,"{'time': 2.3601903525000005, 'inv_time': 0.4236946392653301}",RELATED_TO
240321,237962,"{'time': 2.3601903525000005, 'inv_time': 0.4236946392653301}",RELATED_TO
240321,237942,"{'time': 2.3601903525000005, 'inv_time': 0.4236946392653301}",RELATED_TO
240321,238023,"{'time': 2.3601903525000005, 'inv_time': 0.4236946392653301}",RELATED_TO
240321,237982,"{'time': 2.3601903525000005, 'inv_time': 0.4236946392653301}",RELATED_TO
240265,237557,"{'time': 2.3601903525000005, 'inv_time': 0.4236946392653301}",RELATED_TO
240265,237618,"{'time': 2.3601903525000005, 'inv_time': 0.4236946392653301}",RELATED_TO
240265,237598,"{'time': 2.3601903525000005, 'inv_time': 0.4236946392653301}",RELATED_TO
240265,237578,"{'time': 2.3601903525000005, 'inv_time': 0.4236946392653301}",RELATED_TO
240265,237638,"{'time': 2.3601903525000005, 'inv_time': 0.4236946392653301}",RELATED_TO
240265,237658,"{'time': 2.3601903525000005, 'inv_time': 0.4236946392653301}",RELATED_TO
240265,238003,"{'time': 2.3601903525000005, 'inv_time': 0.4236946392653301}",RELATED_TO
240265,237922,"{'time': 2.3601903525000005, 'inv_time': 0.4236946392653301}",RELATED_TO
240265,237962,"{'time': 2.3601903525000005, 'inv_time': 0.4236946392653301}",RELATED_TO
240265,237942,"{'time': 2.3601903525000005, 'inv_time': 0.4236946392653301}",RELATED_TO
240265,238023,"{'time': 2.3601903525000005, 'inv_time': 0.4236946392653301}",RELATED_TO
240265,237982,"{'time': 2.3601903525000005, 'inv_time': 0.4236946392653301}",RELATED_TO
240343,237557,"{'time': 2.3601903525000005, 'inv_time': 0.4236946392653301}",RELATED_TO
240343,237618,"{'time': 2.3601903525000005, 'inv_time': 0.4236946392653301}",RELATED_TO
240343,237598,"{'time': 2.3601903525000005, 'inv_time': 0.4236946392653301}",RELATED_TO
240343,237578,"{'time': 2.3601903525000005, 'inv_time': 0.4236946392653301}",RELATED_TO
240343,237638,"{'time': 2.3601903525000005, 'inv_time': 0.4236946392653301}",RELATED_TO
240343,237658,"{'time': 2.3601903525000005, 'inv_time': 0.4236946392653301}",RELATED_TO
240343,238003,"{'time': 2.3601903525000005, 'inv_time': 0.4236946392653301}",RELATED_TO
240343,237922,"{'time': 2.3601903525000005, 'inv_time': 0.4236946392653301}",RELATED_TO
240343,237962,"{'time': 2.3601903525000005, 'inv_time': 0.4236946392653301}",RELATED_TO
240343,237942,"{'time': 2.3601903525000005, 'inv_time': 0.4236946392653301}",RELATED_TO
240343,238023,"{'time': 2.3601903525000005, 'inv_time': 0.4236946392653301}",RELATED_TO
240343,237982,"{'time': 2.3601903525000005, 'inv_time': 0.4236946392653301}",RELATED_TO
240333,237557,"{'time': 2.3601903525000005, 'inv_time': 0.4236946392653301}",RELATED_TO
240333,237618,"{'time': 2.3601903525000005, 'inv_time': 0.4236946392653301}",RELATED_TO
240333,237598,"{'time': 2.3601903525000005, 'inv_time': 0.4236946392653301}",RELATED_TO
240333,237578,"{'time': 2.3601903525000005, 'inv_time': 0.4236946392653301}",RELATED_TO
240333,237638,"{'time': 2.3601903525000005, 'inv_time': 0.4236946392653301}",RELATED_TO
240333,237658,"{'time': 2.3601903525000005, 'inv_time': 0.4236946392653301}",RELATED_TO
240333,238003,"{'time': 2.3601903525000005, 'inv_time': 0.4236946392653301}",RELATED_TO
240333,237922,"{'time': 2.3601903525000005, 'inv_time': 0.4236946392653301}",RELATED_TO
240333,237962,"{'time': 2.3601903525000005, 'inv_time': 0.4236946392653301}",RELATED_TO
240333,237942,"{'time': 2.3601903525000005, 'inv_time': 0.4236946392653301}",RELATED_TO
240333,238023,"{'time': 2.3601903525000005, 'inv_time': 0.4236946392653301}",RELATED_TO
240333,237982,"{'time': 2.3601903525000005, 'inv_time': 0.4236946392653301}",RELATED_TO
240479,237557,"{'time': 2.3601903525000005, 'inv_time': 0.4236946392653301}",RELATED_TO
240479,237618,"{'time': 2.3601903525000005, 'inv_time': 0.4236946392653301}",RELATED_TO
240479,237598,"{'time': 2.3601903525000005, 'inv_time': 0.4236946392653301}",RELATED_TO
240479,237578,"{'time': 2.3601903525000005, 'inv_time': 0.4236946392653301}",RELATED_TO
240479,237638,"{'time': 2.3601903525000005, 'inv_time': 0.4236946392653301}",RELATED_TO
240479,237658,"{'time': 2.3601903525000005, 'inv_time': 0.4236946392653301}",RELATED_TO
240479,238003,"{'time': 2.3601903525000005, 'inv_time': 0.4236946392653301}",RELATED_TO
240479,237922,"{'time': 2.3601903525000005, 'inv_time': 0.4236946392653301}",RELATED_TO
240479,237962,"{'time': 2.3601903525000005, 'inv_time': 0.4236946392653301}",RELATED_TO
240479,237942,"{'time': 2.3601903525000005, 'inv_time': 0.4236946392653301}",RELATED_TO
240479,238023,"{'time': 2.3601903525000005, 'inv_time': 0.4236946392653301}",RELATED_TO
240479,237982,"{'time': 2.3601903525000005, 'inv_time': 0.4236946392653301}",RELATED_TO
240513,237557,"{'time': 2.3601903525000005, 'inv_time': 0.4236946392653301}",RELATED_TO
240513,237618,"{'time': 2.3601903525000005, 'inv_time': 0.4236946392653301}",RELATED_TO
240513,237598,"{'time': 2.3601903525000005, 'inv_time': 0.4236946392653301}",RELATED_TO
240513,237578,"{'time': 2.3601903525000005, 'inv_time': 0.4236946392653301}",RELATED_TO
240513,237638,"{'time': 2.3601903525000005, 'inv_time': 0.4236946392653301}",RELATED_TO
240513,237658,"{'time': 2.3601903525000005, 'inv_time': 0.4236946392653301}",RELATED_TO
240513,238003,"{'time': 2.3601903525000005, 'inv_time': 0.4236946392653301}",RELATED_TO
240513,237922,"{'time': 2.3601903525000005, 'inv_time': 0.4236946392653301}",RELATED_TO
240513,237962,"{'time': 2.3601903525000005, 'inv_time': 0.4236946392653301}",RELATED_TO
240513,237942,"{'time': 2.3601903525000005, 'inv_time': 0.4236946392653301}",RELATED_TO
240513,238023,"{'time': 2.3601903525000005, 'inv_time': 0.4236946392653301}",RELATED_TO
240513,237982,"{'time': 2.3601903525000005, 'inv_time': 0.4236946392653301}",RELATED_TO
240671,237557,"{'time': 2.3601903525000005, 'inv_time': 0.4236946392653301}",RELATED_TO
240671,237618,"{'time': 2.3601903525000005, 'inv_time': 0.4236946392653301}",RELATED_TO
240671,237598,"{'time': 2.3601903525000005, 'inv_time': 0.4236946392653301}",RELATED_TO
240671,237578,"{'time': 2.3601903525000005, 'inv_time': 0.4236946392653301}",RELATED_TO
240671,237638,"{'time': 2.3601903525000005, 'inv_time': 0.4236946392653301}",RELATED_TO
240671,237658,"{'time': 2.3601903525000005, 'inv_time': 0.4236946392653301}",RELATED_TO
240671,238003,"{'time': 2.3601903525000005, 'inv_time': 0.4236946392653301}",RELATED_TO
240671,237922,"{'time': 2.3601903525000005, 'inv_time': 0.4236946392653301}",RELATED_TO
240671,237962,"{'time': 2.3601903525000005, 'inv_time': 0.4236946392653301}",RELATED_TO
240671,237942,"{'time': 2.3601903525000005, 'inv_time': 0.4236946392653301}",RELATED_TO
240671,238023,"{'time': 2.3601903525000005, 'inv_time': 0.4236946392653301}",RELATED_TO
240671,237982,"{'time': 2.3601903525000005, 'inv_time': 0.4236946392653301}",RELATED_TO
240647,237557,"{'time': 2.3601903525000005, 'inv_time': 0.4236946392653301}",RELATED_TO
240647,237618,"{'time': 2.3601903525000005, 'inv_time': 0.4236946392653301}",RELATED_TO
240647,237598,"{'time': 2.3601903525000005, 'inv_time': 0.4236946392653301}",RELATED_TO
240647,237578,"{'time': 2.3601903525000005, 'inv_time': 0.4236946392653301}",RELATED_TO
240647,237638,"{'time': 2.3601903525000005, 'inv_time': 0.4236946392653301}",RELATED_TO
240647,237658,"{'time': 2.3601903525000005, 'inv_time': 0.4236946392653301}",RELATED_TO
240647,238003,"{'time': 2.3601903525000005, 'inv_time': 0.4236946392653301}",RELATED_TO
240647,237922,"{'time': 2.3601903525000005, 'inv_time': 0.4236946392653301}",RELATED_TO
240647,237962,"{'time': 2.3601903525000005, 'inv_time': 0.4236946392653301}",RELATED_TO
240647,237942,"{'time': 2.3601903525000005, 'inv_time': 0.4236946392653301}",RELATED_TO
240647,238023,"{'time': 2.3601903525000005, 'inv_time': 0.4236946392653301}",RELATED_TO
240647,237982,"{'time': 2.3601903525000005, 'inv_time': 0.4236946392653301}",RELATED_TO
237557,284543,"{'time': 9.682559999999999, 'inv_time': 0.10327847180910835}",RELATED_TO
237557,285044,"{'time': 4.841279999999999, 'inv_time': 0.2065569436182167}",RELATED_TO
237557,285077,"{'time': 9.682559999999999, 'inv_time': 0.10327847180910835}",RELATED_TO
237557,285467,"{'time': 9.682559999999999, 'inv_time': 0.10327847180910835}",RELATED_TO
237557,285514,"{'time': 4.841279999999999, 'inv_time': 0.2065569436182167}",RELATED_TO
237557,285574,"{'time': 4.841279999999999, 'inv_time': 0.2065569436182167}",RELATED_TO
237557,285774,"{'time': 9.682559999999999, 'inv_time': 0.10327847180910835}",RELATED_TO
237557,286120,"{'time': 9.682559999999999, 'inv_time': 0.10327847180910835}",RELATED_TO
237557,286245,"{'time': 4.841279999999999, 'inv_time': 0.2065569436182167}",RELATED_TO
237557,285949,"{'time': 4.841279999999999, 'inv_time': 0.2065569436182167}",RELATED_TO
237557,286034,"{'time': 9.682559999999999, 'inv_time': 0.10327847180910835}",RELATED_TO
237557,286347,"{'time': 4.841279999999999, 'inv_time': 0.2065569436182167}",RELATED_TO
237557,286193,"{'time': 4.841279999999999, 'inv_time': 0.2065569436182167}",RELATED_TO
237557,286320,"{'time': 4.841279999999999, 'inv_time': 0.2065569436182167}",RELATED_TO
237557,285975,"{'time': 9.682559999999999, 'inv_time': 0.10327847180910835}",RELATED_TO
237557,286007,"{'time': 4.841279999999999, 'inv_time': 0.2065569436182167}",RELATED_TO
237557,285920,"{'time': 4.841279999999999, 'inv_time': 0.2065569436182167}",RELATED_TO
237557,286091,"{'time': 4.841279999999999, 'inv_time': 0.2065569436182167}",RELATED_TO
237557,286063,"{'time': 4.841279999999999, 'inv_time': 0.2065569436182167}",RELATED_TO
237557,286220,"{'time': 24.2064, 'inv_time': 0.04131138872364334}",RELATED_TO
237557,286150,"{'time': 9.682559999999999, 'inv_time': 0.10327847180910835}",RELATED_TO
237557,286604,"{'time': 4.841279999999999, 'inv_time': 0.2065569436182167}",RELATED_TO
237557,286551,"{'time': 14.52384, 'inv_time': 0.06885231453940556}",RELATED_TO
237557,287055,"{'time': 4.841279999999999, 'inv_time': 0.2065569436182167}",RELATED_TO
237557,287033,"{'time': 4.841279999999999, 'inv_time': 0.2065569436182167}",RELATED_TO
237618,284543,"{'time': 9.682559999999999, 'inv_time': 0.10327847180910835}",RELATED_TO
237618,285044,"{'time': 4.841279999999999, 'inv_time': 0.2065569436182167}",RELATED_TO
237618,285077,"{'time': 9.682559999999999, 'inv_time': 0.10327847180910835}",RELATED_TO
237618,285467,"{'time': 9.682559999999999, 'inv_time': 0.10327847180910835}",RELATED_TO
237618,285514,"{'time': 4.841279999999999, 'inv_time': 0.2065569436182167}",RELATED_TO
237618,285574,"{'time': 4.841279999999999, 'inv_time': 0.2065569436182167}",RELATED_TO
237618,285774,"{'time': 9.682559999999999, 'inv_time': 0.10327847180910835}",RELATED_TO
237618,286120,"{'time': 9.682559999999999, 'inv_time': 0.10327847180910835}",RELATED_TO
237618,286245,"{'time': 4.841279999999999, 'inv_time': 0.2065569436182167}",RELATED_TO
237618,285949,"{'time': 4.841279999999999, 'inv_time': 0.2065569436182167}",RELATED_TO
237618,286034,"{'time': 9.682559999999999, 'inv_time': 0.10327847180910835}",RELATED_TO
237618,286347,"{'time': 4.841279999999999, 'inv_time': 0.2065569436182167}",RELATED_TO
237618,286193,"{'time': 4.841279999999999, 'inv_time': 0.2065569436182167}",RELATED_TO
237618,286320,"{'time': 4.841279999999999, 'inv_time': 0.2065569436182167}",RELATED_TO
237618,285975,"{'time': 9.682559999999999, 'inv_time': 0.10327847180910835}",RELATED_TO
237618,286007,"{'time': 4.841279999999999, 'inv_time': 0.2065569436182167}",RELATED_TO
237618,285920,"{'time': 4.841279999999999, 'inv_time': 0.2065569436182167}",RELATED_TO
237618,286091,"{'time': 4.841279999999999, 'inv_time': 0.2065569436182167}",RELATED_TO
237618,286063,"{'time': 4.841279999999999, 'inv_time': 0.2065569436182167}",RELATED_TO
237618,286220,"{'time': 24.2064, 'inv_time': 0.04131138872364334}",RELATED_TO
237618,286150,"{'time': 9.682559999999999, 'inv_time': 0.10327847180910835}",RELATED_TO
237618,286604,"{'time': 4.841279999999999, 'inv_time': 0.2065569436182167}",RELATED_TO
237618,286551,"{'time': 14.52384, 'inv_time': 0.06885231453940556}",RELATED_TO
237618,287055,"{'time': 4.841279999999999, 'inv_time': 0.2065569436182167}",RELATED_TO
237618,287033,"{'time': 4.841279999999999, 'inv_time': 0.2065569436182167}",RELATED_TO
237598,284543,"{'time': 9.682559999999999, 'inv_time': 0.10327847180910835}",RELATED_TO
237598,285044,"{'time': 4.841279999999999, 'inv_time': 0.2065569436182167}",RELATED_TO
237598,285077,"{'time': 9.682559999999999, 'inv_time': 0.10327847180910835}",RELATED_TO
237598,285467,"{'time': 9.682559999999999, 'inv_time': 0.10327847180910835}",RELATED_TO
237598,285514,"{'time': 4.841279999999999, 'inv_time': 0.2065569436182167}",RELATED_TO
237598,285574,"{'time': 4.841279999999999, 'inv_time': 0.2065569436182167}",RELATED_TO
237598,285774,"{'time': 9.682559999999999, 'inv_time': 0.10327847180910835}",RELATED_TO
237598,286120,"{'time': 9.682559999999999, 'inv_time': 0.10327847180910835}",RELATED_TO
237598,286245,"{'time': 4.841279999999999, 'inv_time': 0.2065569436182167}",RELATED_TO
237598,285949,"{'time': 4.841279999999999, 'inv_time': 0.2065569436182167}",RELATED_TO
237598,286034,"{'time': 9.682559999999999, 'inv_time': 0.10327847180910835}",RELATED_TO
237598,286347,"{'time': 4.841279999999999, 'inv_time': 0.2065569436182167}",RELATED_TO
237598,286193,"{'time': 4.841279999999999, 'inv_time': 0.2065569436182167}",RELATED_TO
237598,286320,"{'time': 4.841279999999999, 'inv_time': 0.2065569436182167}",RELATED_TO
237598,285975,"{'time': 9.682559999999999, 'inv_time': 0.10327847180910835}",RELATED_TO
237598,286007,"{'time': 4.841279999999999, 'inv_time': 0.2065569436182167}",RELATED_TO
237598,285920,"{'time': 4.841279999999999, 'inv_time': 0.2065569436182167}",RELATED_TO
237598,286091,"{'time': 4.841279999999999, 'inv_time': 0.2065569436182167}",RELATED_TO
237598,286063,"{'time': 4.841279999999999, 'inv_time': 0.2065569436182167}",RELATED_TO
237598,286220,"{'time': 24.2064, 'inv_time': 0.04131138872364334}",RELATED_TO
237598,286150,"{'time': 9.682559999999999, 'inv_time': 0.10327847180910835}",RELATED_TO
237598,286604,"{'time': 4.841279999999999, 'inv_time': 0.2065569436182167}",RELATED_TO
237598,286551,"{'time': 14.52384, 'inv_time': 0.06885231453940556}",RELATED_TO
237598,287055,"{'time': 4.841279999999999, 'inv_time': 0.2065569436182167}",RELATED_TO
237598,287033,"{'time': 4.841279999999999, 'inv_time': 0.2065569436182167}",RELATED_TO
237578,284543,"{'time': 9.682559999999999, 'inv_time': 0.10327847180910835}",RELATED_TO
237578,285044,"{'time': 4.841279999999999, 'inv_time': 0.2065569436182167}",RELATED_TO
237578,285077,"{'time': 9.682559999999999, 'inv_time': 0.10327847180910835}",RELATED_TO
237578,285467,"{'time': 9.682559999999999, 'inv_time': 0.10327847180910835}",RELATED_TO
237578,285514,"{'time': 4.841279999999999, 'inv_time': 0.2065569436182167}",RELATED_TO
237578,285574,"{'time': 4.841279999999999, 'inv_time': 0.2065569436182167}",RELATED_TO
237578,285774,"{'time': 9.682559999999999, 'inv_time': 0.10327847180910835}",RELATED_TO
237578,286120,"{'time': 9.682559999999999, 'inv_time': 0.10327847180910835}",RELATED_TO
237578,286245,"{'time': 4.841279999999999, 'inv_time': 0.2065569436182167}",RELATED_TO
237578,285949,"{'time': 4.841279999999999, 'inv_time': 0.2065569436182167}",RELATED_TO
237578,286034,"{'time': 9.682559999999999, 'inv_time': 0.10327847180910835}",RELATED_TO
237578,286347,"{'time': 4.841279999999999, 'inv_time': 0.2065569436182167}",RELATED_TO
237578,286193,"{'time': 4.841279999999999, 'inv_time': 0.2065569436182167}",RELATED_TO
237578,286320,"{'time': 4.841279999999999, 'inv_time': 0.2065569436182167}",RELATED_TO
237578,285975,"{'time': 9.682559999999999, 'inv_time': 0.10327847180910835}",RELATED_TO
237578,286007,"{'time': 4.841279999999999, 'inv_time': 0.2065569436182167}",RELATED_TO
237578,285920,"{'time': 4.841279999999999, 'inv_time': 0.2065569436182167}",RELATED_TO
237578,286091,"{'time': 4.841279999999999, 'inv_time': 0.2065569436182167}",RELATED_TO
237578,286063,"{'time': 4.841279999999999, 'inv_time': 0.2065569436182167}",RELATED_TO
237578,286220,"{'time': 24.2064, 'inv_time': 0.04131138872364334}",RELATED_TO
237578,286150,"{'time': 9.682559999999999, 'inv_time': 0.10327847180910835}",RELATED_TO
237578,286604,"{'time': 4.841279999999999, 'inv_time': 0.2065569436182167}",RELATED_TO
237578,286551,"{'time': 14.52384, 'inv_time': 0.06885231453940556}",RELATED_TO
237578,287055,"{'time': 4.841279999999999, 'inv_time': 0.2065569436182167}",RELATED_TO
237578,287033,"{'time': 4.841279999999999, 'inv_time': 0.2065569436182167}",RELATED_TO
237638,284543,"{'time': 9.682559999999999, 'inv_time': 0.10327847180910835}",RELATED_TO
237638,285044,"{'time': 4.841279999999999, 'inv_time': 0.2065569436182167}",RELATED_TO
237638,285077,"{'time': 9.682559999999999, 'inv_time': 0.10327847180910835}",RELATED_TO
237638,285467,"{'time': 9.682559999999999, 'inv_time': 0.10327847180910835}",RELATED_TO
237638,285514,"{'time': 4.841279999999999, 'inv_time': 0.2065569436182167}",RELATED_TO
237638,285574,"{'time': 4.841279999999999, 'inv_time': 0.2065569436182167}",RELATED_TO
237638,285774,"{'time': 9.682559999999999, 'inv_time': 0.10327847180910835}",RELATED_TO
237638,286120,"{'time': 9.682559999999999, 'inv_time': 0.10327847180910835}",RELATED_TO
237638,286245,"{'time': 4.841279999999999, 'inv_time': 0.2065569436182167}",RELATED_TO
237638,285949,"{'time': 4.841279999999999, 'inv_time': 0.2065569436182167}",RELATED_TO
237638,286034,"{'time': 9.682559999999999, 'inv_time': 0.10327847180910835}",RELATED_TO
237638,286347,"{'time': 4.841279999999999, 'inv_time': 0.2065569436182167}",RELATED_TO
237638,286193,"{'time': 4.841279999999999, 'inv_time': 0.2065569436182167}",RELATED_TO
237638,286320,"{'time': 4.841279999999999, 'inv_time': 0.2065569436182167}",RELATED_TO
237638,285975,"{'time': 9.682559999999999, 'inv_time': 0.10327847180910835}",RELATED_TO
237638,286007,"{'time': 4.841279999999999, 'inv_time': 0.2065569436182167}",RELATED_TO
237638,285920,"{'time': 4.841279999999999, 'inv_time': 0.2065569436182167}",RELATED_TO
237638,286091,"{'time': 4.841279999999999, 'inv_time': 0.2065569436182167}",RELATED_TO
237638,286063,"{'time': 4.841279999999999, 'inv_time': 0.2065569436182167}",RELATED_TO
237638,286220,"{'time': 24.2064, 'inv_time': 0.04131138872364334}",RELATED_TO
237638,286150,"{'time': 9.682559999999999, 'inv_time': 0.10327847180910835}",RELATED_TO
237638,286604,"{'time': 4.841279999999999, 'inv_time': 0.2065569436182167}",RELATED_TO
237638,286551,"{'time': 14.52384, 'inv_time': 0.06885231453940556}",RELATED_TO
237638,287055,"{'time': 4.841279999999999, 'inv_time': 0.2065569436182167}",RELATED_TO
237638,287033,"{'time': 4.841279999999999, 'inv_time': 0.2065569436182167}",RELATED_TO
237658,284543,"{'time': 9.682559999999999, 'inv_time': 0.10327847180910835}",RELATED_TO
237658,285044,"{'time': 4.841279999999999, 'inv_time': 0.2065569436182167}",RELATED_TO
237658,285077,"{'time': 9.682559999999999, 'inv_time': 0.10327847180910835}",RELATED_TO
237658,285467,"{'time': 9.682559999999999, 'inv_time': 0.10327847180910835}",RELATED_TO
237658,285514,"{'time': 4.841279999999999, 'inv_time': 0.2065569436182167}",RELATED_TO
237658,285574,"{'time': 4.841279999999999, 'inv_time': 0.2065569436182167}",RELATED_TO
237658,285774,"{'time': 9.682559999999999, 'inv_time': 0.10327847180910835}",RELATED_TO
237658,286120,"{'time': 9.682559999999999, 'inv_time': 0.10327847180910835}",RELATED_TO
237658,286245,"{'time': 4.841279999999999, 'inv_time': 0.2065569436182167}",RELATED_TO
237658,285949,"{'time': 4.841279999999999, 'inv_time': 0.2065569436182167}",RELATED_TO
237658,286034,"{'time': 9.682559999999999, 'inv_time': 0.10327847180910835}",RELATED_TO
237658,286347,"{'time': 4.841279999999999, 'inv_time': 0.2065569436182167}",RELATED_TO
237658,286193,"{'time': 4.841279999999999, 'inv_time': 0.2065569436182167}",RELATED_TO
237658,286320,"{'time': 4.841279999999999, 'inv_time': 0.2065569436182167}",RELATED_TO
237658,285975,"{'time': 9.682559999999999, 'inv_time': 0.10327847180910835}",RELATED_TO
237658,286007,"{'time': 4.841279999999999, 'inv_time': 0.2065569436182167}",RELATED_TO
237658,285920,"{'time': 4.841279999999999, 'inv_time': 0.2065569436182167}",RELATED_TO
237658,286091,"{'time': 4.841279999999999, 'inv_time': 0.2065569436182167}",RELATED_TO
237658,286063,"{'time': 4.841279999999999, 'inv_time': 0.2065569436182167}",RELATED_TO
237658,286220,"{'time': 24.2064, 'inv_time': 0.04131138872364334}",RELATED_TO
237658,286150,"{'time': 9.682559999999999, 'inv_time': 0.10327847180910835}",RELATED_TO
237658,286604,"{'time': 4.841279999999999, 'inv_time': 0.2065569436182167}",RELATED_TO
237658,286551,"{'time': 14.52384, 'inv_time': 0.06885231453940556}",RELATED_TO
237658,287055,"{'time': 4.841279999999999, 'inv_time': 0.2065569436182167}",RELATED_TO
237658,287033,"{'time': 4.841279999999999, 'inv_time': 0.2065569436182167}",RELATED_TO
238003,284543,"{'time': 9.682559999999999, 'inv_time': 0.10327847180910835}",RELATED_TO
238003,285044,"{'time': 4.841279999999999, 'inv_time': 0.2065569436182167}",RELATED_TO
238003,285077,"{'time': 9.682559999999999, 'inv_time': 0.10327847180910835}",RELATED_TO
238003,285467,"{'time': 9.682559999999999, 'inv_time': 0.10327847180910835}",RELATED_TO
238003,285514,"{'time': 4.841279999999999, 'inv_time': 0.2065569436182167}",RELATED_TO
238003,285574,"{'time': 4.841279999999999, 'inv_time': 0.2065569436182167}",RELATED_TO
238003,285774,"{'time': 9.682559999999999, 'inv_time': 0.10327847180910835}",RELATED_TO
238003,286120,"{'time': 9.682559999999999, 'inv_time': 0.10327847180910835}",RELATED_TO
238003,286245,"{'time': 4.841279999999999, 'inv_time': 0.2065569436182167}",RELATED_TO
238003,285949,"{'time': 4.841279999999999, 'inv_time': 0.2065569436182167}",RELATED_TO
238003,286034,"{'time': 9.682559999999999, 'inv_time': 0.10327847180910835}",RELATED_TO
238003,286347,"{'time': 4.841279999999999, 'inv_time': 0.2065569436182167}",RELATED_TO
238003,286193,"{'time': 4.841279999999999, 'inv_time': 0.2065569436182167}",RELATED_TO
238003,286320,"{'time': 4.841279999999999, 'inv_time': 0.2065569436182167}",RELATED_TO
238003,285975,"{'time': 9.682559999999999, 'inv_time': 0.10327847180910835}",RELATED_TO
238003,286007,"{'time': 4.841279999999999, 'inv_time': 0.2065569436182167}",RELATED_TO
238003,285920,"{'time': 4.841279999999999, 'inv_time': 0.2065569436182167}",RELATED_TO
238003,286091,"{'time': 4.841279999999999, 'inv_time': 0.2065569436182167}",RELATED_TO
238003,286063,"{'time': 4.841279999999999, 'inv_time': 0.2065569436182167}",RELATED_TO
238003,286220,"{'time': 24.2064, 'inv_time': 0.04131138872364334}",RELATED_TO
238003,286150,"{'time': 9.682559999999999, 'inv_time': 0.10327847180910835}",RELATED_TO
238003,286604,"{'time': 4.841279999999999, 'inv_time': 0.2065569436182167}",RELATED_TO
238003,286551,"{'time': 14.52384, 'inv_time': 0.06885231453940556}",RELATED_TO
238003,287055,"{'time': 4.841279999999999, 'inv_time': 0.2065569436182167}",RELATED_TO
238003,287033,"{'time': 4.841279999999999, 'inv_time': 0.2065569436182167}",RELATED_TO
237922,284543,"{'time': 9.682559999999999, 'inv_time': 0.10327847180910835}",RELATED_TO
237922,285044,"{'time': 4.841279999999999, 'inv_time': 0.2065569436182167}",RELATED_TO
237922,285077,"{'time': 9.682559999999999, 'inv_time': 0.10327847180910835}",RELATED_TO
237922,285467,"{'time': 9.682559999999999, 'inv_time': 0.10327847180910835}",RELATED_TO
237922,285514,"{'time': 4.841279999999999, 'inv_time': 0.2065569436182167}",RELATED_TO
237922,285574,"{'time': 4.841279999999999, 'inv_time': 0.2065569436182167}",RELATED_TO
237922,285774,"{'time': 9.682559999999999, 'inv_time': 0.10327847180910835}",RELATED_TO
237922,286120,"{'time': 9.682559999999999, 'inv_time': 0.10327847180910835}",RELATED_TO
237922,286245,"{'time': 4.841279999999999, 'inv_time': 0.2065569436182167}",RELATED_TO
237922,285949,"{'time': 4.841279999999999, 'inv_time': 0.2065569436182167}",RELATED_TO
237922,286034,"{'time': 9.682559999999999, 'inv_time': 0.10327847180910835}",RELATED_TO
237922,286347,"{'time': 4.841279999999999, 'inv_time': 0.2065569436182167}",RELATED_TO
237922,286193,"{'time': 4.841279999999999, 'inv_time': 0.2065569436182167}",RELATED_TO
237922,286320,"{'time': 4.841279999999999, 'inv_time': 0.2065569436182167}",RELATED_TO
237922,285975,"{'time': 9.682559999999999, 'inv_time': 0.10327847180910835}",RELATED_TO
237922,286007,"{'time': 4.841279999999999, 'inv_time': 0.2065569436182167}",RELATED_TO
237922,285920,"{'time': 4.841279999999999, 'inv_time': 0.2065569436182167}",RELATED_TO
237922,286091,"{'time': 4.841279999999999, 'inv_time': 0.2065569436182167}",RELATED_TO
237922,286063,"{'time': 4.841279999999999, 'inv_time': 0.2065569436182167}",RELATED_TO
237922,286220,"{'time': 24.2064, 'inv_time': 0.04131138872364334}",RELATED_TO
237922,286150,"{'time': 9.682559999999999, 'inv_time': 0.10327847180910835}",RELATED_TO
237922,286604,"{'time': 4.841279999999999, 'inv_time': 0.2065569436182167}",RELATED_TO
237922,286551,"{'time': 14.52384, 'inv_time': 0.06885231453940556}",RELATED_TO
237922,287055,"{'time': 4.841279999999999, 'inv_time': 0.2065569436182167}",RELATED_TO
237922,287033,"{'time': 4.841279999999999, 'inv_time': 0.2065569436182167}",RELATED_TO
237962,284543,"{'time': 9.682559999999999, 'inv_time': 0.10327847180910835}",RELATED_TO
237962,285044,"{'time': 4.841279999999999, 'inv_time': 0.2065569436182167}",RELATED_TO
237962,285077,"{'time': 9.682559999999999, 'inv_time': 0.10327847180910835}",RELATED_TO
237962,285467,"{'time': 9.682559999999999, 'inv_time': 0.10327847180910835}",RELATED_TO
237962,285514,"{'time': 4.841279999999999, 'inv_time': 0.2065569436182167}",RELATED_TO
237962,285574,"{'time': 4.841279999999999, 'inv_time': 0.2065569436182167}",RELATED_TO
237962,285774,"{'time': 9.682559999999999, 'inv_time': 0.10327847180910835}",RELATED_TO
237962,286120,"{'time': 9.682559999999999, 'inv_time': 0.10327847180910835}",RELATED_TO
237962,286245,"{'time': 4.841279999999999, 'inv_time': 0.2065569436182167}",RELATED_TO
237962,285949,"{'time': 4.841279999999999, 'inv_time': 0.2065569436182167}",RELATED_TO
237962,286034,"{'time': 9.682559999999999, 'inv_time': 0.10327847180910835}",RELATED_TO
237962,286347,"{'time': 4.841279999999999, 'inv_time': 0.2065569436182167}",RELATED_TO
237962,286193,"{'time': 4.841279999999999, 'inv_time': 0.2065569436182167}",RELATED_TO
237962,286320,"{'time': 4.841279999999999, 'inv_time': 0.2065569436182167}",RELATED_TO
237962,285975,"{'time': 9.682559999999999, 'inv_time': 0.10327847180910835}",RELATED_TO
237962,286007,"{'time': 4.841279999999999, 'inv_time': 0.2065569436182167}",RELATED_TO
237962,285920,"{'time': 4.841279999999999, 'inv_time': 0.2065569436182167}",RELATED_TO
237962,286091,"{'time': 4.841279999999999, 'inv_time': 0.2065569436182167}",RELATED_TO
237962,286063,"{'time': 4.841279999999999, 'inv_time': 0.2065569436182167}",RELATED_TO
237962,286220,"{'time': 24.2064, 'inv_time': 0.04131138872364334}",RELATED_TO
237962,286150,"{'time': 9.682559999999999, 'inv_time': 0.10327847180910835}",RELATED_TO
237962,286604,"{'time': 4.841279999999999, 'inv_time': 0.2065569436182167}",RELATED_TO
237962,286551,"{'time': 14.52384, 'inv_time': 0.06885231453940556}",RELATED_TO
237962,287055,"{'time': 4.841279999999999, 'inv_time': 0.2065569436182167}",RELATED_TO
237962,287033,"{'time': 4.841279999999999, 'inv_time': 0.2065569436182167}",RELATED_TO
237942,284543,"{'time': 9.682559999999999, 'inv_time': 0.10327847180910835}",RELATED_TO
237942,285044,"{'time': 4.841279999999999, 'inv_time': 0.2065569436182167}",RELATED_TO
237942,285077,"{'time': 9.682559999999999, 'inv_time': 0.10327847180910835}",RELATED_TO
237942,285467,"{'time': 9.682559999999999, 'inv_time': 0.10327847180910835}",RELATED_TO
237942,285514,"{'time': 4.841279999999999, 'inv_time': 0.2065569436182167}",RELATED_TO
237942,285574,"{'time': 4.841279999999999, 'inv_time': 0.2065569436182167}",RELATED_TO
237942,285774,"{'time': 9.682559999999999, 'inv_time': 0.10327847180910835}",RELATED_TO
237942,286120,"{'time': 9.682559999999999, 'inv_time': 0.10327847180910835}",RELATED_TO
237942,286245,"{'time': 4.841279999999999, 'inv_time': 0.2065569436182167}",RELATED_TO
237942,285949,"{'time': 4.841279999999999, 'inv_time': 0.2065569436182167}",RELATED_TO
237942,286034,"{'time': 9.682559999999999, 'inv_time': 0.10327847180910835}",RELATED_TO
237942,286347,"{'time': 4.841279999999999, 'inv_time': 0.2065569436182167}",RELATED_TO
237942,286193,"{'time': 4.841279999999999, 'inv_time': 0.2065569436182167}",RELATED_TO
237942,286320,"{'time': 4.841279999999999, 'inv_time': 0.2065569436182167}",RELATED_TO
237942,285975,"{'time': 9.682559999999999, 'inv_time': 0.10327847180910835}",RELATED_TO
237942,286007,"{'time': 4.841279999999999, 'inv_time': 0.2065569436182167}",RELATED_TO
237942,285920,"{'time': 4.841279999999999, 'inv_time': 0.2065569436182167}",RELATED_TO
237942,286091,"{'time': 4.841279999999999, 'inv_time': 0.2065569436182167}",RELATED_TO
237942,286063,"{'time': 4.841279999999999, 'inv_time': 0.2065569436182167}",RELATED_TO
237942,286220,"{'time': 24.2064, 'inv_time': 0.04131138872364334}",RELATED_TO
237942,286150,"{'time': 9.682559999999999, 'inv_time': 0.10327847180910835}",RELATED_TO
237942,286604,"{'time': 4.841279999999999, 'inv_time': 0.2065569436182167}",RELATED_TO
237942,286551,"{'time': 14.52384, 'inv_time': 0.06885231453940556}",RELATED_TO
237942,287055,"{'time': 4.841279999999999, 'inv_time': 0.2065569436182167}",RELATED_TO
237942,287033,"{'time': 4.841279999999999, 'inv_time': 0.2065569436182167}",RELATED_TO
238023,284543,"{'time': 9.682559999999999, 'inv_time': 0.10327847180910835}",RELATED_TO
238023,285044,"{'time': 4.841279999999999, 'inv_time': 0.2065569436182167}",RELATED_TO
238023,285077,"{'time': 9.682559999999999, 'inv_time': 0.10327847180910835}",RELATED_TO
238023,285467,"{'time': 9.682559999999999, 'inv_time': 0.10327847180910835}",RELATED_TO
238023,285514,"{'time': 4.841279999999999, 'inv_time': 0.2065569436182167}",RELATED_TO
238023,285574,"{'time': 4.841279999999999, 'inv_time': 0.2065569436182167}",RELATED_TO
238023,285774,"{'time': 9.682559999999999, 'inv_time': 0.10327847180910835}",RELATED_TO
238023,286120,"{'time': 9.682559999999999, 'inv_time': 0.10327847180910835}",RELATED_TO
238023,286245,"{'time': 4.841279999999999, 'inv_time': 0.2065569436182167}",RELATED_TO
238023,285949,"{'time': 4.841279999999999, 'inv_time': 0.2065569436182167}",RELATED_TO
238023,286034,"{'time': 9.682559999999999, 'inv_time': 0.10327847180910835}",RELATED_TO
238023,286347,"{'time': 4.841279999999999, 'inv_time': 0.2065569436182167}",RELATED_TO
238023,286193,"{'time': 4.841279999999999, 'inv_time': 0.2065569436182167}",RELATED_TO
238023,286320,"{'time': 4.841279999999999, 'inv_time': 0.2065569436182167}",RELATED_TO
238023,285975,"{'time': 9.682559999999999, 'inv_time': 0.10327847180910835}",RELATED_TO
238023,286007,"{'time': 4.841279999999999, 'inv_time': 0.2065569436182167}",RELATED_TO
238023,285920,"{'time': 4.841279999999999, 'inv_time': 0.2065569436182167}",RELATED_TO
238023,286091,"{'time': 4.841279999999999, 'inv_time': 0.2065569436182167}",RELATED_TO
238023,286063,"{'time': 4.841279999999999, 'inv_time': 0.2065569436182167}",RELATED_TO
238023,286220,"{'time': 24.2064, 'inv_time': 0.04131138872364334}",RELATED_TO
238023,286150,"{'time': 9.682559999999999, 'inv_time': 0.10327847180910835}",RELATED_TO
238023,286604,"{'time': 4.841279999999999, 'inv_time': 0.2065569436182167}",RELATED_TO
238023,286551,"{'time': 14.52384, 'inv_time': 0.06885231453940556}",RELATED_TO
238023,287055,"{'time': 4.841279999999999, 'inv_time': 0.2065569436182167}",RELATED_TO
238023,287033,"{'time': 4.841279999999999, 'inv_time': 0.2065569436182167}",RELATED_TO
237982,284543,"{'time': 9.682559999999999, 'inv_time': 0.10327847180910835}",RELATED_TO
237982,285044,"{'time': 4.841279999999999, 'inv_time': 0.2065569436182167}",RELATED_TO
237982,285077,"{'time': 9.682559999999999, 'inv_time': 0.10327847180910835}",RELATED_TO
237982,285467,"{'time': 9.682559999999999, 'inv_time': 0.10327847180910835}",RELATED_TO
237982,285514,"{'time': 4.841279999999999, 'inv_time': 0.2065569436182167}",RELATED_TO
237982,285574,"{'time': 4.841279999999999, 'inv_time': 0.2065569436182167}",RELATED_TO
237982,285774,"{'time': 9.682559999999999, 'inv_time': 0.10327847180910835}",RELATED_TO
237982,286120,"{'time': 9.682559999999999, 'inv_time': 0.10327847180910835}",RELATED_TO
237982,286245,"{'time': 4.841279999999999, 'inv_time': 0.2065569436182167}",RELATED_TO
237982,285949,"{'time': 4.841279999999999, 'inv_time': 0.2065569436182167}",RELATED_TO
237982,286034,"{'time': 9.682559999999999, 'inv_time': 0.10327847180910835}",RELATED_TO
237982,286347,"{'time': 4.841279999999999, 'inv_time': 0.2065569436182167}",RELATED_TO
237982,286193,"{'time': 4.841279999999999, 'inv_time': 0.2065569436182167}",RELATED_TO
237982,286320,"{'time': 4.841279999999999, 'inv_time': 0.2065569436182167}",RELATED_TO
237982,285975,"{'time': 9.682559999999999, 'inv_time': 0.10327847180910835}",RELATED_TO
237982,286007,"{'time': 4.841279999999999, 'inv_time': 0.2065569436182167}",RELATED_TO
237982,285920,"{'time': 4.841279999999999, 'inv_time': 0.2065569436182167}",RELATED_TO
237982,286091,"{'time': 4.841279999999999, 'inv_time': 0.2065569436182167}",RELATED_TO
237982,286063,"{'time': 4.841279999999999, 'inv_time': 0.2065569436182167}",RELATED_TO
237982,286220,"{'time': 24.2064, 'inv_time': 0.04131138872364334}",RELATED_TO
237982,286150,"{'time': 9.682559999999999, 'inv_time': 0.10327847180910835}",RELATED_TO
237982,286604,"{'time': 4.841279999999999, 'inv_time': 0.2065569436182167}",RELATED_TO
237982,286551,"{'time': 14.52384, 'inv_time': 0.06885231453940556}",RELATED_TO
237982,287055,"{'time': 4.841279999999999, 'inv_time': 0.2065569436182167}",RELATED_TO
237982,287033,"{'time': 4.841279999999999, 'inv_time': 0.2065569436182167}",RELATED_TO
284543,240761,"{'time': 1.6655642200293137, 'inv_time': 0.6003971434871482}",RELATED_TO
284543,240783,"{'time': 1.6655642200293137, 'inv_time': 0.6003971434871482}",RELATED_TO
284543,240963,"{'time': 1.6655642200293137, 'inv_time': 0.6003971434871482}",RELATED_TO
284543,241031,"{'time': 1.6655642200293137, 'inv_time': 0.6003971434871482}",RELATED_TO
284543,240985,"{'time': 1.6655642200293137, 'inv_time': 0.6003971434871482}",RELATED_TO
284543,241041,"{'time': 1.6655642200293137, 'inv_time': 0.6003971434871482}",RELATED_TO
284543,241053,"{'time': 1.6655642200293137, 'inv_time': 0.6003971434871482}",RELATED_TO
284543,240973,"{'time': 1.6655642200293137, 'inv_time': 0.6003971434871482}",RELATED_TO
284543,241063,"{'time': 1.6655642200293137, 'inv_time': 0.6003971434871482}",RELATED_TO
284543,241153,"{'time': 1.6655642200293137, 'inv_time': 0.6003971434871482}",RELATED_TO
284543,241199,"{'time': 1.6655642200293137, 'inv_time': 0.6003971434871482}",RELATED_TO
284543,241233,"{'time': 1.6655642200293137, 'inv_time': 0.6003971434871482}",RELATED_TO
284543,241187,"{'time': 1.6655642200293137, 'inv_time': 0.6003971434871482}",RELATED_TO
285044,240761,"{'time': 1.6655642200293137, 'inv_time': 0.6003971434871482}",RELATED_TO
285044,240783,"{'time': 1.6655642200293137, 'inv_time': 0.6003971434871482}",RELATED_TO
285044,240963,"{'time': 1.6655642200293137, 'inv_time': 0.6003971434871482}",RELATED_TO
285044,241031,"{'time': 1.6655642200293137, 'inv_time': 0.6003971434871482}",RELATED_TO
285044,240985,"{'time': 1.6655642200293137, 'inv_time': 0.6003971434871482}",RELATED_TO
285044,241041,"{'time': 1.6655642200293137, 'inv_time': 0.6003971434871482}",RELATED_TO
285044,241053,"{'time': 1.6655642200293137, 'inv_time': 0.6003971434871482}",RELATED_TO
285044,240973,"{'time': 1.6655642200293137, 'inv_time': 0.6003971434871482}",RELATED_TO
285044,241063,"{'time': 1.6655642200293137, 'inv_time': 0.6003971434871482}",RELATED_TO
285044,241153,"{'time': 1.6655642200293137, 'inv_time': 0.6003971434871482}",RELATED_TO
285044,241199,"{'time': 1.6655642200293137, 'inv_time': 0.6003971434871482}",RELATED_TO
285044,241233,"{'time': 1.6655642200293137, 'inv_time': 0.6003971434871482}",RELATED_TO
285044,241187,"{'time': 1.6655642200293137, 'inv_time': 0.6003971434871482}",RELATED_TO
285077,240761,"{'time': 1.6655642200293137, 'inv_time': 0.6003971434871482}",RELATED_TO
285077,240783,"{'time': 1.6655642200293137, 'inv_time': 0.6003971434871482}",RELATED_TO
285077,240963,"{'time': 1.6655642200293137, 'inv_time': 0.6003971434871482}",RELATED_TO
285077,241031,"{'time': 1.6655642200293137, 'inv_time': 0.6003971434871482}",RELATED_TO
285077,240985,"{'time': 1.6655642200293137, 'inv_time': 0.6003971434871482}",RELATED_TO
285077,241041,"{'time': 1.6655642200293137, 'inv_time': 0.6003971434871482}",RELATED_TO
285077,241053,"{'time': 1.6655642200293137, 'inv_time': 0.6003971434871482}",RELATED_TO
285077,240973,"{'time': 1.6655642200293137, 'inv_time': 0.6003971434871482}",RELATED_TO
285077,241063,"{'time': 1.6655642200293137, 'inv_time': 0.6003971434871482}",RELATED_TO
285077,241153,"{'time': 1.6655642200293137, 'inv_time': 0.6003971434871482}",RELATED_TO
285077,241199,"{'time': 1.6655642200293137, 'inv_time': 0.6003971434871482}",RELATED_TO
285077,241233,"{'time': 1.6655642200293137, 'inv_time': 0.6003971434871482}",RELATED_TO
285077,241187,"{'time': 1.6655642200293137, 'inv_time': 0.6003971434871482}",RELATED_TO
285467,240761,"{'time': 1.6655642200293137, 'inv_time': 0.6003971434871482}",RELATED_TO
285467,240783,"{'time': 1.6655642200293137, 'inv_time': 0.6003971434871482}",RELATED_TO
285467,240963,"{'time': 1.6655642200293137, 'inv_time': 0.6003971434871482}",RELATED_TO
285467,241031,"{'time': 1.6655642200293137, 'inv_time': 0.6003971434871482}",RELATED_TO
285467,240985,"{'time': 1.6655642200293137, 'inv_time': 0.6003971434871482}",RELATED_TO
285467,241041,"{'time': 1.6655642200293137, 'inv_time': 0.6003971434871482}",RELATED_TO
285467,241053,"{'time': 1.6655642200293137, 'inv_time': 0.6003971434871482}",RELATED_TO
285467,240973,"{'time': 1.6655642200293137, 'inv_time': 0.6003971434871482}",RELATED_TO
285467,241063,"{'time': 1.6655642200293137, 'inv_time': 0.6003971434871482}",RELATED_TO
285467,241153,"{'time': 1.6655642200293137, 'inv_time': 0.6003971434871482}",RELATED_TO
285467,241199,"{'time': 1.6655642200293137, 'inv_time': 0.6003971434871482}",RELATED_TO
285467,241233,"{'time': 1.6655642200293137, 'inv_time': 0.6003971434871482}",RELATED_TO
285467,241187,"{'time': 1.6655642200293137, 'inv_time': 0.6003971434871482}",RELATED_TO
285514,240761,"{'time': 1.6655642200293137, 'inv_time': 0.6003971434871482}",RELATED_TO
285514,240783,"{'time': 1.6655642200293137, 'inv_time': 0.6003971434871482}",RELATED_TO
285514,240963,"{'time': 1.6655642200293137, 'inv_time': 0.6003971434871482}",RELATED_TO
285514,241031,"{'time': 1.6655642200293137, 'inv_time': 0.6003971434871482}",RELATED_TO
285514,240985,"{'time': 1.6655642200293137, 'inv_time': 0.6003971434871482}",RELATED_TO
285514,241041,"{'time': 1.6655642200293137, 'inv_time': 0.6003971434871482}",RELATED_TO
285514,241053,"{'time': 1.6655642200293137, 'inv_time': 0.6003971434871482}",RELATED_TO
285514,240973,"{'time': 1.6655642200293137, 'inv_time': 0.6003971434871482}",RELATED_TO
285514,241063,"{'time': 1.6655642200293137, 'inv_time': 0.6003971434871482}",RELATED_TO
285514,241153,"{'time': 1.6655642200293137, 'inv_time': 0.6003971434871482}",RELATED_TO
285514,241199,"{'time': 1.6655642200293137, 'inv_time': 0.6003971434871482}",RELATED_TO
285514,241233,"{'time': 1.6655642200293137, 'inv_time': 0.6003971434871482}",RELATED_TO
285514,241187,"{'time': 1.6655642200293137, 'inv_time': 0.6003971434871482}",RELATED_TO
285574,240761,"{'time': 1.6655642200293137, 'inv_time': 0.6003971434871482}",RELATED_TO
285574,240783,"{'time': 1.6655642200293137, 'inv_time': 0.6003971434871482}",RELATED_TO
285574,240963,"{'time': 1.6655642200293137, 'inv_time': 0.6003971434871482}",RELATED_TO
285574,241031,"{'time': 1.6655642200293137, 'inv_time': 0.6003971434871482}",RELATED_TO
285574,240985,"{'time': 1.6655642200293137, 'inv_time': 0.6003971434871482}",RELATED_TO
285574,241041,"{'time': 1.6655642200293137, 'inv_time': 0.6003971434871482}",RELATED_TO
285574,241053,"{'time': 1.6655642200293137, 'inv_time': 0.6003971434871482}",RELATED_TO
285574,240973,"{'time': 1.6655642200293137, 'inv_time': 0.6003971434871482}",RELATED_TO
285574,241063,"{'time': 1.6655642200293137, 'inv_time': 0.6003971434871482}",RELATED_TO
285574,241153,"{'time': 1.6655642200293137, 'inv_time': 0.6003971434871482}",RELATED_TO
285574,241199,"{'time': 1.6655642200293137, 'inv_time': 0.6003971434871482}",RELATED_TO
285574,241233,"{'time': 1.6655642200293137, 'inv_time': 0.6003971434871482}",RELATED_TO
285574,241187,"{'time': 1.6655642200293137, 'inv_time': 0.6003971434871482}",RELATED_TO
285774,240761,"{'time': 1.6655642200293137, 'inv_time': 0.6003971434871482}",RELATED_TO
285774,240783,"{'time': 1.6655642200293137, 'inv_time': 0.6003971434871482}",RELATED_TO
285774,240963,"{'time': 1.6655642200293137, 'inv_time': 0.6003971434871482}",RELATED_TO
285774,241031,"{'time': 1.6655642200293137, 'inv_time': 0.6003971434871482}",RELATED_TO
285774,240985,"{'time': 1.6655642200293137, 'inv_time': 0.6003971434871482}",RELATED_TO
285774,241041,"{'time': 1.6655642200293137, 'inv_time': 0.6003971434871482}",RELATED_TO
285774,241053,"{'time': 1.6655642200293137, 'inv_time': 0.6003971434871482}",RELATED_TO
285774,240973,"{'time': 1.6655642200293137, 'inv_time': 0.6003971434871482}",RELATED_TO
285774,241063,"{'time': 1.6655642200293137, 'inv_time': 0.6003971434871482}",RELATED_TO
285774,241153,"{'time': 1.6655642200293137, 'inv_time': 0.6003971434871482}",RELATED_TO
285774,241199,"{'time': 1.6655642200293137, 'inv_time': 0.6003971434871482}",RELATED_TO
285774,241233,"{'time': 1.6655642200293137, 'inv_time': 0.6003971434871482}",RELATED_TO
285774,241187,"{'time': 1.6655642200293137, 'inv_time': 0.6003971434871482}",RELATED_TO
286120,240761,"{'time': 1.6655642200293137, 'inv_time': 0.6003971434871482}",RELATED_TO
286120,240783,"{'time': 1.6655642200293137, 'inv_time': 0.6003971434871482}",RELATED_TO
286120,240963,"{'time': 1.6655642200293137, 'inv_time': 0.6003971434871482}",RELATED_TO
286120,241031,"{'time': 1.6655642200293137, 'inv_time': 0.6003971434871482}",RELATED_TO
286120,240985,"{'time': 1.6655642200293137, 'inv_time': 0.6003971434871482}",RELATED_TO
286120,241041,"{'time': 1.6655642200293137, 'inv_time': 0.6003971434871482}",RELATED_TO
286120,241053,"{'time': 1.6655642200293137, 'inv_time': 0.6003971434871482}",RELATED_TO
286120,240973,"{'time': 1.6655642200293137, 'inv_time': 0.6003971434871482}",RELATED_TO
286120,241063,"{'time': 1.6655642200293137, 'inv_time': 0.6003971434871482}",RELATED_TO
286120,241153,"{'time': 1.6655642200293137, 'inv_time': 0.6003971434871482}",RELATED_TO
286120,241199,"{'time': 1.6655642200293137, 'inv_time': 0.6003971434871482}",RELATED_TO
286120,241233,"{'time': 1.6655642200293137, 'inv_time': 0.6003971434871482}",RELATED_TO
286120,241187,"{'time': 1.6655642200293137, 'inv_time': 0.6003971434871482}",RELATED_TO
286245,240761,"{'time': 1.6655642200293137, 'inv_time': 0.6003971434871482}",RELATED_TO
286245,240783,"{'time': 1.6655642200293137, 'inv_time': 0.6003971434871482}",RELATED_TO
286245,240963,"{'time': 1.6655642200293137, 'inv_time': 0.6003971434871482}",RELATED_TO
286245,241031,"{'time': 1.6655642200293137, 'inv_time': 0.6003971434871482}",RELATED_TO
286245,240985,"{'time': 1.6655642200293137, 'inv_time': 0.6003971434871482}",RELATED_TO
286245,241041,"{'time': 1.6655642200293137, 'inv_time': 0.6003971434871482}",RELATED_TO
286245,241053,"{'time': 1.6655642200293137, 'inv_time': 0.6003971434871482}",RELATED_TO
286245,240973,"{'time': 1.6655642200293137, 'inv_time': 0.6003971434871482}",RELATED_TO
286245,241063,"{'time': 1.6655642200293137, 'inv_time': 0.6003971434871482}",RELATED_TO
286245,241153,"{'time': 1.6655642200293137, 'inv_time': 0.6003971434871482}",RELATED_TO
286245,241199,"{'time': 1.6655642200293137, 'inv_time': 0.6003971434871482}",RELATED_TO
286245,241233,"{'time': 1.6655642200293137, 'inv_time': 0.6003971434871482}",RELATED_TO
286245,241187,"{'time': 1.6655642200293137, 'inv_time': 0.6003971434871482}",RELATED_TO
285949,240761,"{'time': 1.6655642200293137, 'inv_time': 0.6003971434871482}",RELATED_TO
285949,240783,"{'time': 1.6655642200293137, 'inv_time': 0.6003971434871482}",RELATED_TO
285949,240963,"{'time': 1.6655642200293137, 'inv_time': 0.6003971434871482}",RELATED_TO
285949,241031,"{'time': 1.6655642200293137, 'inv_time': 0.6003971434871482}",RELATED_TO
285949,240985,"{'time': 1.6655642200293137, 'inv_time': 0.6003971434871482}",RELATED_TO
285949,241041,"{'time': 1.6655642200293137, 'inv_time': 0.6003971434871482}",RELATED_TO
285949,241053,"{'time': 1.6655642200293137, 'inv_time': 0.6003971434871482}",RELATED_TO
285949,240973,"{'time': 1.6655642200293137, 'inv_time': 0.6003971434871482}",RELATED_TO
285949,241063,"{'time': 1.6655642200293137, 'inv_time': 0.6003971434871482}",RELATED_TO
285949,241153,"{'time': 1.6655642200293137, 'inv_time': 0.6003971434871482}",RELATED_TO
285949,241199,"{'time': 1.6655642200293137, 'inv_time': 0.6003971434871482}",RELATED_TO
285949,241233,"{'time': 1.6655642200293137, 'inv_time': 0.6003971434871482}",RELATED_TO
285949,241187,"{'time': 1.6655642200293137, 'inv_time': 0.6003971434871482}",RELATED_TO
286034,240761,"{'time': 1.6655642200293137, 'inv_time': 0.6003971434871482}",RELATED_TO
286034,240783,"{'time': 1.6655642200293137, 'inv_time': 0.6003971434871482}",RELATED_TO
286034,240963,"{'time': 1.6655642200293137, 'inv_time': 0.6003971434871482}",RELATED_TO
286034,241031,"{'time': 1.6655642200293137, 'inv_time': 0.6003971434871482}",RELATED_TO
286034,240985,"{'time': 1.6655642200293137, 'inv_time': 0.6003971434871482}",RELATED_TO
286034,241041,"{'time': 1.6655642200293137, 'inv_time': 0.6003971434871482}",RELATED_TO
286034,241053,"{'time': 1.6655642200293137, 'inv_time': 0.6003971434871482}",RELATED_TO
286034,240973,"{'time': 1.6655642200293137, 'inv_time': 0.6003971434871482}",RELATED_TO
286034,241063,"{'time': 1.6655642200293137, 'inv_time': 0.6003971434871482}",RELATED_TO
286034,241153,"{'time': 1.6655642200293137, 'inv_time': 0.6003971434871482}",RELATED_TO
286034,241199,"{'time': 1.6655642200293137, 'inv_time': 0.6003971434871482}",RELATED_TO
286034,241233,"{'time': 1.6655642200293137, 'inv_time': 0.6003971434871482}",RELATED_TO
286034,241187,"{'time': 1.6655642200293137, 'inv_time': 0.6003971434871482}",RELATED_TO
286347,240761,"{'time': 1.6655642200293137, 'inv_time': 0.6003971434871482}",RELATED_TO
286347,240783,"{'time': 1.6655642200293137, 'inv_time': 0.6003971434871482}",RELATED_TO
286347,240963,"{'time': 1.6655642200293137, 'inv_time': 0.6003971434871482}",RELATED_TO
286347,241031,"{'time': 1.6655642200293137, 'inv_time': 0.6003971434871482}",RELATED_TO
286347,240985,"{'time': 1.6655642200293137, 'inv_time': 0.6003971434871482}",RELATED_TO
286347,241041,"{'time': 1.6655642200293137, 'inv_time': 0.6003971434871482}",RELATED_TO
286347,241053,"{'time': 1.6655642200293137, 'inv_time': 0.6003971434871482}",RELATED_TO
286347,240973,"{'time': 1.6655642200293137, 'inv_time': 0.6003971434871482}",RELATED_TO
286347,241063,"{'time': 1.6655642200293137, 'inv_time': 0.6003971434871482}",RELATED_TO
286347,241153,"{'time': 1.6655642200293137, 'inv_time': 0.6003971434871482}",RELATED_TO
286347,241199,"{'time': 1.6655642200293137, 'inv_time': 0.6003971434871482}",RELATED_TO
286347,241233,"{'time': 1.6655642200293137, 'inv_time': 0.6003971434871482}",RELATED_TO
286347,241187,"{'time': 1.6655642200293137, 'inv_time': 0.6003971434871482}",RELATED_TO
286193,240761,"{'time': 1.6655642200293137, 'inv_time': 0.6003971434871482}",RELATED_TO
286193,240783,"{'time': 1.6655642200293137, 'inv_time': 0.6003971434871482}",RELATED_TO
286193,240963,"{'time': 1.6655642200293137, 'inv_time': 0.6003971434871482}",RELATED_TO
286193,241031,"{'time': 1.6655642200293137, 'inv_time': 0.6003971434871482}",RELATED_TO
286193,240985,"{'time': 1.6655642200293137, 'inv_time': 0.6003971434871482}",RELATED_TO
286193,241041,"{'time': 1.6655642200293137, 'inv_time': 0.6003971434871482}",RELATED_TO
286193,241053,"{'time': 1.6655642200293137, 'inv_time': 0.6003971434871482}",RELATED_TO
286193,240973,"{'time': 1.6655642200293137, 'inv_time': 0.6003971434871482}",RELATED_TO
286193,241063,"{'time': 1.6655642200293137, 'inv_time': 0.6003971434871482}",RELATED_TO
286193,241153,"{'time': 1.6655642200293137, 'inv_time': 0.6003971434871482}",RELATED_TO
286193,241199,"{'time': 1.6655642200293137, 'inv_time': 0.6003971434871482}",RELATED_TO
286193,241233,"{'time': 1.6655642200293137, 'inv_time': 0.6003971434871482}",RELATED_TO
286193,241187,"{'time': 1.6655642200293137, 'inv_time': 0.6003971434871482}",RELATED_TO
286320,240761,"{'time': 1.6655642200293137, 'inv_time': 0.6003971434871482}",RELATED_TO
286320,240783,"{'time': 1.6655642200293137, 'inv_time': 0.6003971434871482}",RELATED_TO
286320,240963,"{'time': 1.6655642200293137, 'inv_time': 0.6003971434871482}",RELATED_TO
286320,241031,"{'time': 1.6655642200293137, 'inv_time': 0.6003971434871482}",RELATED_TO
286320,240985,"{'time': 1.6655642200293137, 'inv_time': 0.6003971434871482}",RELATED_TO
286320,241041,"{'time': 1.6655642200293137, 'inv_time': 0.6003971434871482}",RELATED_TO
286320,241053,"{'time': 1.6655642200293137, 'inv_time': 0.6003971434871482}",RELATED_TO
286320,240973,"{'time': 1.6655642200293137, 'inv_time': 0.6003971434871482}",RELATED_TO
286320,241063,"{'time': 1.6655642200293137, 'inv_time': 0.6003971434871482}",RELATED_TO
286320,241153,"{'time': 1.6655642200293137, 'inv_time': 0.6003971434871482}",RELATED_TO
286320,241199,"{'time': 1.6655642200293137, 'inv_time': 0.6003971434871482}",RELATED_TO
286320,241233,"{'time': 1.6655642200293137, 'inv_time': 0.6003971434871482}",RELATED_TO
286320,241187,"{'time': 1.6655642200293137, 'inv_time': 0.6003971434871482}",RELATED_TO
285975,240761,"{'time': 1.6655642200293137, 'inv_time': 0.6003971434871482}",RELATED_TO
285975,240783,"{'time': 1.6655642200293137, 'inv_time': 0.6003971434871482}",RELATED_TO
285975,240963,"{'time': 1.6655642200293137, 'inv_time': 0.6003971434871482}",RELATED_TO
285975,241031,"{'time': 1.6655642200293137, 'inv_time': 0.6003971434871482}",RELATED_TO
285975,240985,"{'time': 1.6655642200293137, 'inv_time': 0.6003971434871482}",RELATED_TO
285975,241041,"{'time': 1.6655642200293137, 'inv_time': 0.6003971434871482}",RELATED_TO
285975,241053,"{'time': 1.6655642200293137, 'inv_time': 0.6003971434871482}",RELATED_TO
285975,240973,"{'time': 1.6655642200293137, 'inv_time': 0.6003971434871482}",RELATED_TO
285975,241063,"{'time': 1.6655642200293137, 'inv_time': 0.6003971434871482}",RELATED_TO
285975,241153,"{'time': 1.6655642200293137, 'inv_time': 0.6003971434871482}",RELATED_TO
285975,241199,"{'time': 1.6655642200293137, 'inv_time': 0.6003971434871482}",RELATED_TO
285975,241233,"{'time': 1.6655642200293137, 'inv_time': 0.6003971434871482}",RELATED_TO
285975,241187,"{'time': 1.6655642200293137, 'inv_time': 0.6003971434871482}",RELATED_TO
286007,240761,"{'time': 1.6655642200293137, 'inv_time': 0.6003971434871482}",RELATED_TO
286007,240783,"{'time': 1.6655642200293137, 'inv_time': 0.6003971434871482}",RELATED_TO
286007,240963,"{'time': 1.6655642200293137, 'inv_time': 0.6003971434871482}",RELATED_TO
286007,241031,"{'time': 1.6655642200293137, 'inv_time': 0.6003971434871482}",RELATED_TO
286007,240985,"{'time': 1.6655642200293137, 'inv_time': 0.6003971434871482}",RELATED_TO
286007,241041,"{'time': 1.6655642200293137, 'inv_time': 0.6003971434871482}",RELATED_TO
286007,241053,"{'time': 1.6655642200293137, 'inv_time': 0.6003971434871482}",RELATED_TO
286007,240973,"{'time': 1.6655642200293137, 'inv_time': 0.6003971434871482}",RELATED_TO
286007,241063,"{'time': 1.6655642200293137, 'inv_time': 0.6003971434871482}",RELATED_TO
286007,241153,"{'time': 1.6655642200293137, 'inv_time': 0.6003971434871482}",RELATED_TO
286007,241199,"{'time': 1.6655642200293137, 'inv_time': 0.6003971434871482}",RELATED_TO
286007,241233,"{'time': 1.6655642200293137, 'inv_time': 0.6003971434871482}",RELATED_TO
286007,241187,"{'time': 1.6655642200293137, 'inv_time': 0.6003971434871482}",RELATED_TO
285920,240761,"{'time': 1.6655642200293137, 'inv_time': 0.6003971434871482}",RELATED_TO
285920,240783,"{'time': 1.6655642200293137, 'inv_time': 0.6003971434871482}",RELATED_TO
285920,240963,"{'time': 1.6655642200293137, 'inv_time': 0.6003971434871482}",RELATED_TO
285920,241031,"{'time': 1.6655642200293137, 'inv_time': 0.6003971434871482}",RELATED_TO
285920,240985,"{'time': 1.6655642200293137, 'inv_time': 0.6003971434871482}",RELATED_TO
285920,241041,"{'time': 1.6655642200293137, 'inv_time': 0.6003971434871482}",RELATED_TO
285920,241053,"{'time': 1.6655642200293137, 'inv_time': 0.6003971434871482}",RELATED_TO
285920,240973,"{'time': 1.6655642200293137, 'inv_time': 0.6003971434871482}",RELATED_TO
285920,241063,"{'time': 1.6655642200293137, 'inv_time': 0.6003971434871482}",RELATED_TO
285920,241153,"{'time': 1.6655642200293137, 'inv_time': 0.6003971434871482}",RELATED_TO
285920,241199,"{'time': 1.6655642200293137, 'inv_time': 0.6003971434871482}",RELATED_TO
285920,241233,"{'time': 1.6655642200293137, 'inv_time': 0.6003971434871482}",RELATED_TO
285920,241187,"{'time': 1.6655642200293137, 'inv_time': 0.6003971434871482}",RELATED_TO
286091,240761,"{'time': 1.6655642200293137, 'inv_time': 0.6003971434871482}",RELATED_TO
286091,240783,"{'time': 1.6655642200293137, 'inv_time': 0.6003971434871482}",RELATED_TO
286091,240963,"{'time': 1.6655642200293137, 'inv_time': 0.6003971434871482}",RELATED_TO
286091,241031,"{'time': 1.6655642200293137, 'inv_time': 0.6003971434871482}",RELATED_TO
286091,240985,"{'time': 1.6655642200293137, 'inv_time': 0.6003971434871482}",RELATED_TO
286091,241041,"{'time': 1.6655642200293137, 'inv_time': 0.6003971434871482}",RELATED_TO
286091,241053,"{'time': 1.6655642200293137, 'inv_time': 0.6003971434871482}",RELATED_TO
286091,240973,"{'time': 1.6655642200293137, 'inv_time': 0.6003971434871482}",RELATED_TO
286091,241063,"{'time': 1.6655642200293137, 'inv_time': 0.6003971434871482}",RELATED_TO
286091,241153,"{'time': 1.6655642200293137, 'inv_time': 0.6003971434871482}",RELATED_TO
286091,241199,"{'time': 1.6655642200293137, 'inv_time': 0.6003971434871482}",RELATED_TO
286091,241233,"{'time': 1.6655642200293137, 'inv_time': 0.6003971434871482}",RELATED_TO
286091,241187,"{'time': 1.6655642200293137, 'inv_time': 0.6003971434871482}",RELATED_TO
286063,240761,"{'time': 1.6655642200293137, 'inv_time': 0.6003971434871482}",RELATED_TO
286063,240783,"{'time': 1.6655642200293137, 'inv_time': 0.6003971434871482}",RELATED_TO
286063,240963,"{'time': 1.6655642200293137, 'inv_time': 0.6003971434871482}",RELATED_TO
286063,241031,"{'time': 1.6655642200293137, 'inv_time': 0.6003971434871482}",RELATED_TO
286063,240985,"{'time': 1.6655642200293137, 'inv_time': 0.6003971434871482}",RELATED_TO
286063,241041,"{'time': 1.6655642200293137, 'inv_time': 0.6003971434871482}",RELATED_TO
286063,241053,"{'time': 1.6655642200293137, 'inv_time': 0.6003971434871482}",RELATED_TO
286063,240973,"{'time': 1.6655642200293137, 'inv_time': 0.6003971434871482}",RELATED_TO
286063,241063,"{'time': 1.6655642200293137, 'inv_time': 0.6003971434871482}",RELATED_TO
286063,241153,"{'time': 1.6655642200293137, 'inv_time': 0.6003971434871482}",RELATED_TO
286063,241199,"{'time': 1.6655642200293137, 'inv_time': 0.6003971434871482}",RELATED_TO
286063,241233,"{'time': 1.6655642200293137, 'inv_time': 0.6003971434871482}",RELATED_TO
286063,241187,"{'time': 1.6655642200293137, 'inv_time': 0.6003971434871482}",RELATED_TO
286220,240761,"{'time': 1.6655642200293137, 'inv_time': 0.6003971434871482}",RELATED_TO
286220,240783,"{'time': 1.6655642200293137, 'inv_time': 0.6003971434871482}",RELATED_TO
286220,240963,"{'time': 1.6655642200293137, 'inv_time': 0.6003971434871482}",RELATED_TO
286220,241031,"{'time': 1.6655642200293137, 'inv_time': 0.6003971434871482}",RELATED_TO
286220,240985,"{'time': 1.6655642200293137, 'inv_time': 0.6003971434871482}",RELATED_TO
286220,241041,"{'time': 1.6655642200293137, 'inv_time': 0.6003971434871482}",RELATED_TO
286220,241053,"{'time': 1.6655642200293137, 'inv_time': 0.6003971434871482}",RELATED_TO
286220,240973,"{'time': 1.6655642200293137, 'inv_time': 0.6003971434871482}",RELATED_TO
286220,241063,"{'time': 1.6655642200293137, 'inv_time': 0.6003971434871482}",RELATED_TO
286220,241153,"{'time': 1.6655642200293137, 'inv_time': 0.6003971434871482}",RELATED_TO
286220,241199,"{'time': 1.6655642200293137, 'inv_time': 0.6003971434871482}",RELATED_TO
286220,241233,"{'time': 1.6655642200293137, 'inv_time': 0.6003971434871482}",RELATED_TO
286220,241187,"{'time': 1.6655642200293137, 'inv_time': 0.6003971434871482}",RELATED_TO
286150,240761,"{'time': 1.6655642200293137, 'inv_time': 0.6003971434871482}",RELATED_TO
286150,240783,"{'time': 1.6655642200293137, 'inv_time': 0.6003971434871482}",RELATED_TO
286150,240963,"{'time': 1.6655642200293137, 'inv_time': 0.6003971434871482}",RELATED_TO
286150,241031,"{'time': 1.6655642200293137, 'inv_time': 0.6003971434871482}",RELATED_TO
286150,240985,"{'time': 1.6655642200293137, 'inv_time': 0.6003971434871482}",RELATED_TO
286150,241041,"{'time': 1.6655642200293137, 'inv_time': 0.6003971434871482}",RELATED_TO
286150,241053,"{'time': 1.6655642200293137, 'inv_time': 0.6003971434871482}",RELATED_TO
286150,240973,"{'time': 1.6655642200293137, 'inv_time': 0.6003971434871482}",RELATED_TO
286150,241063,"{'time': 1.6655642200293137, 'inv_time': 0.6003971434871482}",RELATED_TO
286150,241153,"{'time': 1.6655642200293137, 'inv_time': 0.6003971434871482}",RELATED_TO
286150,241199,"{'time': 1.6655642200293137, 'inv_time': 0.6003971434871482}",RELATED_TO
286150,241233,"{'time': 1.6655642200293137, 'inv_time': 0.6003971434871482}",RELATED_TO
286150,241187,"{'time': 1.6655642200293137, 'inv_time': 0.6003971434871482}",RELATED_TO
286604,240761,"{'time': 1.6655642200293137, 'inv_time': 0.6003971434871482}",RELATED_TO
286604,240783,"{'time': 1.6655642200293137, 'inv_time': 0.6003971434871482}",RELATED_TO
286604,240963,"{'time': 1.6655642200293137, 'inv_time': 0.6003971434871482}",RELATED_TO
286604,241031,"{'time': 1.6655642200293137, 'inv_time': 0.6003971434871482}",RELATED_TO
286604,240985,"{'time': 1.6655642200293137, 'inv_time': 0.6003971434871482}",RELATED_TO
286604,241041,"{'time': 1.6655642200293137, 'inv_time': 0.6003971434871482}",RELATED_TO
286604,241053,"{'time': 1.6655642200293137, 'inv_time': 0.6003971434871482}",RELATED_TO
286604,240973,"{'time': 1.6655642200293137, 'inv_time': 0.6003971434871482}",RELATED_TO
286604,241063,"{'time': 1.6655642200293137, 'inv_time': 0.6003971434871482}",RELATED_TO
286604,241153,"{'time': 1.6655642200293137, 'inv_time': 0.6003971434871482}",RELATED_TO
286604,241199,"{'time': 1.6655642200293137, 'inv_time': 0.6003971434871482}",RELATED_TO
286604,241233,"{'time': 1.6655642200293137, 'inv_time': 0.6003971434871482}",RELATED_TO
286604,241187,"{'time': 1.6655642200293137, 'inv_time': 0.6003971434871482}",RELATED_TO
286551,240761,"{'time': 1.6655642200293137, 'inv_time': 0.6003971434871482}",RELATED_TO
286551,240783,"{'time': 1.6655642200293137, 'inv_time': 0.6003971434871482}",RELATED_TO
286551,240963,"{'time': 1.6655642200293137, 'inv_time': 0.6003971434871482}",RELATED_TO
286551,241031,"{'time': 1.6655642200293137, 'inv_time': 0.6003971434871482}",RELATED_TO
286551,240985,"{'time': 1.6655642200293137, 'inv_time': 0.6003971434871482}",RELATED_TO
286551,241041,"{'time': 1.6655642200293137, 'inv_time': 0.6003971434871482}",RELATED_TO
286551,241053,"{'time': 1.6655642200293137, 'inv_time': 0.6003971434871482}",RELATED_TO
286551,240973,"{'time': 1.6655642200293137, 'inv_time': 0.6003971434871482}",RELATED_TO
286551,241063,"{'time': 1.6655642200293137, 'inv_time': 0.6003971434871482}",RELATED_TO
286551,241153,"{'time': 1.6655642200293137, 'inv_time': 0.6003971434871482}",RELATED_TO
286551,241199,"{'time': 1.6655642200293137, 'inv_time': 0.6003971434871482}",RELATED_TO
286551,241233,"{'time': 1.6655642200293137, 'inv_time': 0.6003971434871482}",RELATED_TO
286551,241187,"{'time': 1.6655642200293137, 'inv_time': 0.6003971434871482}",RELATED_TO
287055,240761,"{'time': 1.6655642200293137, 'inv_time': 0.6003971434871482}",RELATED_TO
287055,240783,"{'time': 1.6655642200293137, 'inv_time': 0.6003971434871482}",RELATED_TO
287055,240963,"{'time': 1.6655642200293137, 'inv_time': 0.6003971434871482}",RELATED_TO
287055,241031,"{'time': 1.6655642200293137, 'inv_time': 0.6003971434871482}",RELATED_TO
287055,240985,"{'time': 1.6655642200293137, 'inv_time': 0.6003971434871482}",RELATED_TO
287055,241041,"{'time': 1.6655642200293137, 'inv_time': 0.6003971434871482}",RELATED_TO
287055,241053,"{'time': 1.6655642200293137, 'inv_time': 0.6003971434871482}",RELATED_TO
287055,240973,"{'time': 1.6655642200293137, 'inv_time': 0.6003971434871482}",RELATED_TO
287055,241063,"{'time': 1.6655642200293137, 'inv_time': 0.6003971434871482}",RELATED_TO
287055,241153,"{'time': 1.6655642200293137, 'inv_time': 0.6003971434871482}",RELATED_TO
287055,241199,"{'time': 1.6655642200293137, 'inv_time': 0.6003971434871482}",RELATED_TO
287055,241233,"{'time': 1.6655642200293137, 'inv_time': 0.6003971434871482}",RELATED_TO
287055,241187,"{'time': 1.6655642200293137, 'inv_time': 0.6003971434871482}",RELATED_TO
287033,240761,"{'time': 1.6655642200293137, 'inv_time': 0.6003971434871482}",RELATED_TO
287033,240783,"{'time': 1.6655642200293137, 'inv_time': 0.6003971434871482}",RELATED_TO
287033,240963,"{'time': 1.6655642200293137, 'inv_time': 0.6003971434871482}",RELATED_TO
287033,241031,"{'time': 1.6655642200293137, 'inv_time': 0.6003971434871482}",RELATED_TO
287033,240985,"{'time': 1.6655642200293137, 'inv_time': 0.6003971434871482}",RELATED_TO
287033,241041,"{'time': 1.6655642200293137, 'inv_time': 0.6003971434871482}",RELATED_TO
287033,241053,"{'time': 1.6655642200293137, 'inv_time': 0.6003971434871482}",RELATED_TO
287033,240973,"{'time': 1.6655642200293137, 'inv_time': 0.6003971434871482}",RELATED_TO
287033,241063,"{'time': 1.6655642200293137, 'inv_time': 0.6003971434871482}",RELATED_TO
287033,241153,"{'time': 1.6655642200293137, 'inv_time': 0.6003971434871482}",RELATED_TO
287033,241199,"{'time': 1.6655642200293137, 'inv_time': 0.6003971434871482}",RELATED_TO
287033,241233,"{'time': 1.6655642200293137, 'inv_time': 0.6003971434871482}",RELATED_TO
287033,241187,"{'time': 1.6655642200293137, 'inv_time': 0.6003971434871482}",RELATED_TO
240761,238104,"{'time': 2.3601903525000005, 'inv_time': 0.4236946392653301}",RELATED_TO
240761,238084,"{'time': 2.3601903525000005, 'inv_time': 0.4236946392653301}",RELATED_TO
240761,238043,"{'time': 2.3601903525000005, 'inv_time': 0.4236946392653301}",RELATED_TO
240761,238144,"{'time': 2.3601903525000005, 'inv_time': 0.4236946392653301}",RELATED_TO
240761,238064,"{'time': 2.3601903525000005, 'inv_time': 0.4236946392653301}",RELATED_TO
240761,238124,"{'time': 2.3601903525000005, 'inv_time': 0.4236946392653301}",RELATED_TO
240783,238104,"{'time': 2.3601903525000005, 'inv_time': 0.4236946392653301}",RELATED_TO
240783,238084,"{'time': 2.3601903525000005, 'inv_time': 0.4236946392653301}",RELATED_TO
240783,238043,"{'time': 2.3601903525000005, 'inv_time': 0.4236946392653301}",RELATED_TO
240783,238144,"{'time': 2.3601903525000005, 'inv_time': 0.4236946392653301}",RELATED_TO
240783,238064,"{'time': 2.3601903525000005, 'inv_time': 0.4236946392653301}",RELATED_TO
240783,238124,"{'time': 2.3601903525000005, 'inv_time': 0.4236946392653301}",RELATED_TO
240963,238104,"{'time': 2.3601903525000005, 'inv_time': 0.4236946392653301}",RELATED_TO
240963,238084,"{'time': 2.3601903525000005, 'inv_time': 0.4236946392653301}",RELATED_TO
240963,238043,"{'time': 2.3601903525000005, 'inv_time': 0.4236946392653301}",RELATED_TO
240963,238144,"{'time': 2.3601903525000005, 'inv_time': 0.4236946392653301}",RELATED_TO
240963,238064,"{'time': 2.3601903525000005, 'inv_time': 0.4236946392653301}",RELATED_TO
240963,238124,"{'time': 2.3601903525000005, 'inv_time': 0.4236946392653301}",RELATED_TO
241031,238104,"{'time': 2.3601903525000005, 'inv_time': 0.4236946392653301}",RELATED_TO
241031,238084,"{'time': 2.3601903525000005, 'inv_time': 0.4236946392653301}",RELATED_TO
241031,238043,"{'time': 2.3601903525000005, 'inv_time': 0.4236946392653301}",RELATED_TO
241031,238144,"{'time': 2.3601903525000005, 'inv_time': 0.4236946392653301}",RELATED_TO
241031,238064,"{'time': 2.3601903525000005, 'inv_time': 0.4236946392653301}",RELATED_TO
241031,238124,"{'time': 2.3601903525000005, 'inv_time': 0.4236946392653301}",RELATED_TO
240985,238104,"{'time': 2.3601903525000005, 'inv_time': 0.4236946392653301}",RELATED_TO
240985,238084,"{'time': 2.3601903525000005, 'inv_time': 0.4236946392653301}",RELATED_TO
240985,238043,"{'time': 2.3601903525000005, 'inv_time': 0.4236946392653301}",RELATED_TO
240985,238144,"{'time': 2.3601903525000005, 'inv_time': 0.4236946392653301}",RELATED_TO
240985,238064,"{'time': 2.3601903525000005, 'inv_time': 0.4236946392653301}",RELATED_TO
240985,238124,"{'time': 2.3601903525000005, 'inv_time': 0.4236946392653301}",RELATED_TO
241041,238104,"{'time': 2.3601903525000005, 'inv_time': 0.4236946392653301}",RELATED_TO
241041,238084,"{'time': 2.3601903525000005, 'inv_time': 0.4236946392653301}",RELATED_TO
241041,238043,"{'time': 2.3601903525000005, 'inv_time': 0.4236946392653301}",RELATED_TO
241041,238144,"{'time': 2.3601903525000005, 'inv_time': 0.4236946392653301}",RELATED_TO
241041,238064,"{'time': 2.3601903525000005, 'inv_time': 0.4236946392653301}",RELATED_TO
241041,238124,"{'time': 2.3601903525000005, 'inv_time': 0.4236946392653301}",RELATED_TO
241053,238104,"{'time': 2.3601903525000005, 'inv_time': 0.4236946392653301}",RELATED_TO
241053,238084,"{'time': 2.3601903525000005, 'inv_time': 0.4236946392653301}",RELATED_TO
241053,238043,"{'time': 2.3601903525000005, 'inv_time': 0.4236946392653301}",RELATED_TO
241053,238144,"{'time': 2.3601903525000005, 'inv_time': 0.4236946392653301}",RELATED_TO
241053,238064,"{'time': 2.3601903525000005, 'inv_time': 0.4236946392653301}",RELATED_TO
241053,238124,"{'time': 2.3601903525000005, 'inv_time': 0.4236946392653301}",RELATED_TO
240973,238104,"{'time': 2.3601903525000005, 'inv_time': 0.4236946392653301}",RELATED_TO
240973,238084,"{'time': 2.3601903525000005, 'inv_time': 0.4236946392653301}",RELATED_TO
240973,238043,"{'time': 2.3601903525000005, 'inv_time': 0.4236946392653301}",RELATED_TO
240973,238144,"{'time': 2.3601903525000005, 'inv_time': 0.4236946392653301}",RELATED_TO
240973,238064,"{'time': 2.3601903525000005, 'inv_time': 0.4236946392653301}",RELATED_TO
240973,238124,"{'time': 2.3601903525000005, 'inv_time': 0.4236946392653301}",RELATED_TO
241063,238104,"{'time': 2.3601903525000005, 'inv_time': 0.4236946392653301}",RELATED_TO
241063,238084,"{'time': 2.3601903525000005, 'inv_time': 0.4236946392653301}",RELATED_TO
241063,238043,"{'time': 2.3601903525000005, 'inv_time': 0.4236946392653301}",RELATED_TO
241063,238144,"{'time': 2.3601903525000005, 'inv_time': 0.4236946392653301}",RELATED_TO
241063,238064,"{'time': 2.3601903525000005, 'inv_time': 0.4236946392653301}",RELATED_TO
241063,238124,"{'time': 2.3601903525000005, 'inv_time': 0.4236946392653301}",RELATED_TO
241153,238104,"{'time': 2.3601903525000005, 'inv_time': 0.4236946392653301}",RELATED_TO
241153,238084,"{'time': 2.3601903525000005, 'inv_time': 0.4236946392653301}",RELATED_TO
241153,238043,"{'time': 2.3601903525000005, 'inv_time': 0.4236946392653301}",RELATED_TO
241153,238144,"{'time': 2.3601903525000005, 'inv_time': 0.4236946392653301}",RELATED_TO
241153,238064,"{'time': 2.3601903525000005, 'inv_time': 0.4236946392653301}",RELATED_TO
241153,238124,"{'time': 2.3601903525000005, 'inv_time': 0.4236946392653301}",RELATED_TO
241199,238104,"{'time': 2.3601903525000005, 'inv_time': 0.4236946392653301}",RELATED_TO
241199,238084,"{'time': 2.3601903525000005, 'inv_time': 0.4236946392653301}",RELATED_TO
241199,238043,"{'time': 2.3601903525000005, 'inv_time': 0.4236946392653301}",RELATED_TO
241199,238144,"{'time': 2.3601903525000005, 'inv_time': 0.4236946392653301}",RELATED_TO
241199,238064,"{'time': 2.3601903525000005, 'inv_time': 0.4236946392653301}",RELATED_TO
241199,238124,"{'time': 2.3601903525000005, 'inv_time': 0.4236946392653301}",RELATED_TO
241233,238104,"{'time': 2.3601903525000005, 'inv_time': 0.4236946392653301}",RELATED_TO
241233,238084,"{'time': 2.3601903525000005, 'inv_time': 0.4236946392653301}",RELATED_TO
241233,238043,"{'time': 2.3601903525000005, 'inv_time': 0.4236946392653301}",RELATED_TO
241233,238144,"{'time': 2.3601903525000005, 'inv_time': 0.4236946392653301}",RELATED_TO
241233,238064,"{'time': 2.3601903525000005, 'inv_time': 0.4236946392653301}",RELATED_TO
241233,238124,"{'time': 2.3601903525000005, 'inv_time': 0.4236946392653301}",RELATED_TO
241187,238104,"{'time': 2.3601903525000005, 'inv_time': 0.4236946392653301}",RELATED_TO
241187,238084,"{'time': 2.3601903525000005, 'inv_time': 0.4236946392653301}",RELATED_TO
241187,238043,"{'time': 2.3601903525000005, 'inv_time': 0.4236946392653301}",RELATED_TO
241187,238144,"{'time': 2.3601903525000005, 'inv_time': 0.4236946392653301}",RELATED_TO
241187,238064,"{'time': 2.3601903525000005, 'inv_time': 0.4236946392653301}",RELATED_TO
241187,238124,"{'time': 2.3601903525000005, 'inv_time': 0.4236946392653301}",RELATED_TO
238104,287375,"{'time': 4.841279999999999, 'inv_time': 0.2065569436182167}",RELATED_TO
238104,287352,"{'time': 9.682559999999999, 'inv_time': 0.10327847180910835}",RELATED_TO
238104,287465,"{'time': 4.841279999999999, 'inv_time': 0.2065569436182167}",RELATED_TO
238104,287991,"{'time': 4.841279999999999, 'inv_time': 0.2065569436182167}",RELATED_TO
238104,288093,"{'time': 4.841279999999999, 'inv_time': 0.2065569436182167}",RELATED_TO
238104,287951,"{'time': 4.841279999999999, 'inv_time': 0.2065569436182167}",RELATED_TO
238104,287971,"{'time': 9.682559999999999, 'inv_time': 0.10327847180910835}",RELATED_TO
238104,288113,"{'time': 4.841279999999999, 'inv_time': 0.2065569436182167}",RELATED_TO
238104,288073,"{'time': 24.2064, 'inv_time': 0.04131138872364334}",RELATED_TO
238104,288189,"{'time': 4.841279999999999, 'inv_time': 0.2065569436182167}",RELATED_TO
238104,288207,"{'time': 4.841279999999999, 'inv_time': 0.2065569436182167}",RELATED_TO
238104,288261,"{'time': 4.841279999999999, 'inv_time': 0.2065569436182167}",RELATED_TO
238104,288441,"{'time': 4.841279999999999, 'inv_time': 0.2065569436182167}",RELATED_TO
238084,287375,"{'time': 4.841279999999999, 'inv_time': 0.2065569436182167}",RELATED_TO
238084,287352,"{'time': 9.682559999999999, 'inv_time': 0.10327847180910835}",RELATED_TO
238084,287465,"{'time': 4.841279999999999, 'inv_time': 0.2065569436182167}",RELATED_TO
238084,287991,"{'time': 4.841279999999999, 'inv_time': 0.2065569436182167}",RELATED_TO
238084,288093,"{'time': 4.841279999999999, 'inv_time': 0.2065569436182167}",RELATED_TO
238084,287951,"{'time': 4.841279999999999, 'inv_time': 0.2065569436182167}",RELATED_TO
238084,287971,"{'time': 9.682559999999999, 'inv_time': 0.10327847180910835}",RELATED_TO
238084,288113,"{'time': 4.841279999999999, 'inv_time': 0.2065569436182167}",RELATED_TO
238084,288073,"{'time': 24.2064, 'inv_time': 0.04131138872364334}",RELATED_TO
238084,288189,"{'time': 4.841279999999999, 'inv_time': 0.2065569436182167}",RELATED_TO
238084,288207,"{'time': 4.841279999999999, 'inv_time': 0.2065569436182167}",RELATED_TO
238084,288261,"{'time': 4.841279999999999, 'inv_time': 0.2065569436182167}",RELATED_TO
238084,288441,"{'time': 4.841279999999999, 'inv_time': 0.2065569436182167}",RELATED_TO
238043,287375,"{'time': 4.841279999999999, 'inv_time': 0.2065569436182167}",RELATED_TO
238043,287352,"{'time': 9.682559999999999, 'inv_time': 0.10327847180910835}",RELATED_TO
238043,287465,"{'time': 4.841279999999999, 'inv_time': 0.2065569436182167}",RELATED_TO
238043,287991,"{'time': 4.841279999999999, 'inv_time': 0.2065569436182167}",RELATED_TO
238043,288093,"{'time': 4.841279999999999, 'inv_time': 0.2065569436182167}",RELATED_TO
238043,287951,"{'time': 4.841279999999999, 'inv_time': 0.2065569436182167}",RELATED_TO
238043,287971,"{'time': 9.682559999999999, 'inv_time': 0.10327847180910835}",RELATED_TO
238043,288113,"{'time': 4.841279999999999, 'inv_time': 0.2065569436182167}",RELATED_TO
238043,288073,"{'time': 24.2064, 'inv_time': 0.04131138872364334}",RELATED_TO
238043,288189,"{'time': 4.841279999999999, 'inv_time': 0.2065569436182167}",RELATED_TO
238043,288207,"{'time': 4.841279999999999, 'inv_time': 0.2065569436182167}",RELATED_TO
238043,288261,"{'time': 4.841279999999999, 'inv_time': 0.2065569436182167}",RELATED_TO
238043,288441,"{'time': 4.841279999999999, 'inv_time': 0.2065569436182167}",RELATED_TO
238144,287375,"{'time': 4.841279999999999, 'inv_time': 0.2065569436182167}",RELATED_TO
238144,287352,"{'time': 9.682559999999999, 'inv_time': 0.10327847180910835}",RELATED_TO
238144,287465,"{'time': 4.841279999999999, 'inv_time': 0.2065569436182167}",RELATED_TO
238144,287991,"{'time': 4.841279999999999, 'inv_time': 0.2065569436182167}",RELATED_TO
238144,288093,"{'time': 4.841279999999999, 'inv_time': 0.2065569436182167}",RELATED_TO
238144,287951,"{'time': 4.841279999999999, 'inv_time': 0.2065569436182167}",RELATED_TO
238144,287971,"{'time': 9.682559999999999, 'inv_time': 0.10327847180910835}",RELATED_TO
238144,288113,"{'time': 4.841279999999999, 'inv_time': 0.2065569436182167}",RELATED_TO
238144,288073,"{'time': 24.2064, 'inv_time': 0.04131138872364334}",RELATED_TO
238144,288189,"{'time': 4.841279999999999, 'inv_time': 0.2065569436182167}",RELATED_TO
238144,288207,"{'time': 4.841279999999999, 'inv_time': 0.2065569436182167}",RELATED_TO
238144,288261,"{'time': 4.841279999999999, 'inv_time': 0.2065569436182167}",RELATED_TO
238144,288441,"{'time': 4.841279999999999, 'inv_time': 0.2065569436182167}",RELATED_TO
238064,287375,"{'time': 4.841279999999999, 'inv_time': 0.2065569436182167}",RELATED_TO
238064,287352,"{'time': 9.682559999999999, 'inv_time': 0.10327847180910835}",RELATED_TO
238064,287465,"{'time': 4.841279999999999, 'inv_time': 0.2065569436182167}",RELATED_TO
238064,287991,"{'time': 4.841279999999999, 'inv_time': 0.2065569436182167}",RELATED_TO
238064,288093,"{'time': 4.841279999999999, 'inv_time': 0.2065569436182167}",RELATED_TO
238064,287951,"{'time': 4.841279999999999, 'inv_time': 0.2065569436182167}",RELATED_TO
238064,287971,"{'time': 9.682559999999999, 'inv_time': 0.10327847180910835}",RELATED_TO
238064,288113,"{'time': 4.841279999999999, 'inv_time': 0.2065569436182167}",RELATED_TO
238064,288073,"{'time': 24.2064, 'inv_time': 0.04131138872364334}",RELATED_TO
238064,288189,"{'time': 4.841279999999999, 'inv_time': 0.2065569436182167}",RELATED_TO
238064,288207,"{'time': 4.841279999999999, 'inv_time': 0.2065569436182167}",RELATED_TO
238064,288261,"{'time': 4.841279999999999, 'inv_time': 0.2065569436182167}",RELATED_TO
238064,288441,"{'time': 4.841279999999999, 'inv_time': 0.2065569436182167}",RELATED_TO
238124,287375,"{'time': 4.841279999999999, 'inv_time': 0.2065569436182167}",RELATED_TO
238124,287352,"{'time': 9.682559999999999, 'inv_time': 0.10327847180910835}",RELATED_TO
238124,287465,"{'time': 4.841279999999999, 'inv_time': 0.2065569436182167}",RELATED_TO
238124,287991,"{'time': 4.841279999999999, 'inv_time': 0.2065569436182167}",RELATED_TO
238124,288093,"{'time': 4.841279999999999, 'inv_time': 0.2065569436182167}",RELATED_TO
238124,287951,"{'time': 4.841279999999999, 'inv_time': 0.2065569436182167}",RELATED_TO
238124,287971,"{'time': 9.682559999999999, 'inv_time': 0.10327847180910835}",RELATED_TO
238124,288113,"{'time': 4.841279999999999, 'inv_time': 0.2065569436182167}",RELATED_TO
238124,288073,"{'time': 24.2064, 'inv_time': 0.04131138872364334}",RELATED_TO
238124,288189,"{'time': 4.841279999999999, 'inv_time': 0.2065569436182167}",RELATED_TO
238124,288207,"{'time': 4.841279999999999, 'inv_time': 0.2065569436182167}",RELATED_TO
238124,288261,"{'time': 4.841279999999999, 'inv_time': 0.2065569436182167}",RELATED_TO
238124,288441,"{'time': 4.841279999999999, 'inv_time': 0.2065569436182167}",RELATED_TO
287375,241311,"{'time': 1.6655642200293137, 'inv_time': 0.6003971434871482}",RELATED_TO
287375,241447,"{'time': 1.6655642200293137, 'inv_time': 0.6003971434871482}",RELATED_TO
287375,241457,"{'time': 1.6655642200293137, 'inv_time': 0.6003971434871482}",RELATED_TO
287375,241323,"{'time': 1.6655642200293137, 'inv_time': 0.6003971434871482}",RELATED_TO
287375,241537,"{'time': 1.6655642200293137, 'inv_time': 0.6003971434871482}",RELATED_TO
287375,241581,"{'time': 1.6655642200293137, 'inv_time': 0.6003971434871482}",RELATED_TO
287375,241547,"{'time': 1.6655642200293137, 'inv_time': 0.6003971434871482}",RELATED_TO
287352,241311,"{'time': 1.6655642200293137, 'inv_time': 0.6003971434871482}",RELATED_TO
287352,241447,"{'time': 1.6655642200293137, 'inv_time': 0.6003971434871482}",RELATED_TO
287352,241457,"{'time': 1.6655642200293137, 'inv_time': 0.6003971434871482}",RELATED_TO
287352,241323,"{'time': 1.6655642200293137, 'inv_time': 0.6003971434871482}",RELATED_TO
287352,241537,"{'time': 1.6655642200293137, 'inv_time': 0.6003971434871482}",RELATED_TO
287352,241581,"{'time': 1.6655642200293137, 'inv_time': 0.6003971434871482}",RELATED_TO
287352,241547,"{'time': 1.6655642200293137, 'inv_time': 0.6003971434871482}",RELATED_TO
287465,241311,"{'time': 1.6655642200293137, 'inv_time': 0.6003971434871482}",RELATED_TO
287465,241447,"{'time': 1.6655642200293137, 'inv_time': 0.6003971434871482}",RELATED_TO
287465,241457,"{'time': 1.6655642200293137, 'inv_time': 0.6003971434871482}",RELATED_TO
287465,241323,"{'time': 1.6655642200293137, 'inv_time': 0.6003971434871482}",RELATED_TO
287465,241537,"{'time': 1.6655642200293137, 'inv_time': 0.6003971434871482}",RELATED_TO
287465,241581,"{'time': 1.6655642200293137, 'inv_time': 0.6003971434871482}",RELATED_TO
287465,241547,"{'time': 1.6655642200293137, 'inv_time': 0.6003971434871482}",RELATED_TO
287991,241311,"{'time': 1.6655642200293137, 'inv_time': 0.6003971434871482}",RELATED_TO
287991,241447,"{'time': 1.6655642200293137, 'inv_time': 0.6003971434871482}",RELATED_TO
287991,241457,"{'time': 1.6655642200293137, 'inv_time': 0.6003971434871482}",RELATED_TO
287991,241323,"{'time': 1.6655642200293137, 'inv_time': 0.6003971434871482}",RELATED_TO
287991,241537,"{'time': 1.6655642200293137, 'inv_time': 0.6003971434871482}",RELATED_TO
287991,241581,"{'time': 1.6655642200293137, 'inv_time': 0.6003971434871482}",RELATED_TO
287991,241547,"{'time': 1.6655642200293137, 'inv_time': 0.6003971434871482}",RELATED_TO
288093,241311,"{'time': 1.6655642200293137, 'inv_time': 0.6003971434871482}",RELATED_TO
288093,241447,"{'time': 1.6655642200293137, 'inv_time': 0.6003971434871482}",RELATED_TO
288093,241457,"{'time': 1.6655642200293137, 'inv_time': 0.6003971434871482}",RELATED_TO
288093,241323,"{'time': 1.6655642200293137, 'inv_time': 0.6003971434871482}",RELATED_TO
288093,241537,"{'time': 1.6655642200293137, 'inv_time': 0.6003971434871482}",RELATED_TO
288093,241581,"{'time': 1.6655642200293137, 'inv_time': 0.6003971434871482}",RELATED_TO
288093,241547,"{'time': 1.6655642200293137, 'inv_time': 0.6003971434871482}",RELATED_TO
287951,241311,"{'time': 1.6655642200293137, 'inv_time': 0.6003971434871482}",RELATED_TO
287951,241447,"{'time': 1.6655642200293137, 'inv_time': 0.6003971434871482}",RELATED_TO
287951,241457,"{'time': 1.6655642200293137, 'inv_time': 0.6003971434871482}",RELATED_TO
287951,241323,"{'time': 1.6655642200293137, 'inv_time': 0.6003971434871482}",RELATED_TO
287951,241537,"{'time': 1.6655642200293137, 'inv_time': 0.6003971434871482}",RELATED_TO
287951,241581,"{'time': 1.6655642200293137, 'inv_time': 0.6003971434871482}",RELATED_TO
287951,241547,"{'time': 1.6655642200293137, 'inv_time': 0.6003971434871482}",RELATED_TO
287971,241311,"{'time': 1.6655642200293137, 'inv_time': 0.6003971434871482}",RELATED_TO
287971,241447,"{'time': 1.6655642200293137, 'inv_time': 0.6003971434871482}",RELATED_TO
287971,241457,"{'time': 1.6655642200293137, 'inv_time': 0.6003971434871482}",RELATED_TO
287971,241323,"{'time': 1.6655642200293137, 'inv_time': 0.6003971434871482}",RELATED_TO
287971,241537,"{'time': 1.6655642200293137, 'inv_time': 0.6003971434871482}",RELATED_TO
287971,241581,"{'time': 1.6655642200293137, 'inv_time': 0.6003971434871482}",RELATED_TO
287971,241547,"{'time': 1.6655642200293137, 'inv_time': 0.6003971434871482}",RELATED_TO
288113,241311,"{'time': 1.6655642200293137, 'inv_time': 0.6003971434871482}",RELATED_TO
288113,241447,"{'time': 1.6655642200293137, 'inv_time': 0.6003971434871482}",RELATED_TO
288113,241457,"{'time': 1.6655642200293137, 'inv_time': 0.6003971434871482}",RELATED_TO
288113,241323,"{'time': 1.6655642200293137, 'inv_time': 0.6003971434871482}",RELATED_TO
288113,241537,"{'time': 1.6655642200293137, 'inv_time': 0.6003971434871482}",RELATED_TO
288113,241581,"{'time': 1.6655642200293137, 'inv_time': 0.6003971434871482}",RELATED_TO
288113,241547,"{'time': 1.6655642200293137, 'inv_time': 0.6003971434871482}",RELATED_TO
288073,241311,"{'time': 1.6655642200293137, 'inv_time': 0.6003971434871482}",RELATED_TO
288073,241447,"{'time': 1.6655642200293137, 'inv_time': 0.6003971434871482}",RELATED_TO
288073,241457,"{'time': 1.6655642200293137, 'inv_time': 0.6003971434871482}",RELATED_TO
288073,241323,"{'time': 1.6655642200293137, 'inv_time': 0.6003971434871482}",RELATED_TO
288073,241537,"{'time': 1.6655642200293137, 'inv_time': 0.6003971434871482}",RELATED_TO
288073,241581,"{'time': 1.6655642200293137, 'inv_time': 0.6003971434871482}",RELATED_TO
288073,241547,"{'time': 1.6655642200293137, 'inv_time': 0.6003971434871482}",RELATED_TO
288189,241311,"{'time': 1.6655642200293137, 'inv_time': 0.6003971434871482}",RELATED_TO
288189,241447,"{'time': 1.6655642200293137, 'inv_time': 0.6003971434871482}",RELATED_TO
288189,241457,"{'time': 1.6655642200293137, 'inv_time': 0.6003971434871482}",RELATED_TO
288189,241323,"{'time': 1.6655642200293137, 'inv_time': 0.6003971434871482}",RELATED_TO
288189,241537,"{'time': 1.6655642200293137, 'inv_time': 0.6003971434871482}",RELATED_TO
288189,241581,"{'time': 1.6655642200293137, 'inv_time': 0.6003971434871482}",RELATED_TO
288189,241547,"{'time': 1.6655642200293137, 'inv_time': 0.6003971434871482}",RELATED_TO
288207,241311,"{'time': 1.6655642200293137, 'inv_time': 0.6003971434871482}",RELATED_TO
288207,241447,"{'time': 1.6655642200293137, 'inv_time': 0.6003971434871482}",RELATED_TO
288207,241457,"{'time': 1.6655642200293137, 'inv_time': 0.6003971434871482}",RELATED_TO
288207,241323,"{'time': 1.6655642200293137, 'inv_time': 0.6003971434871482}",RELATED_TO
288207,241537,"{'time': 1.6655642200293137, 'inv_time': 0.6003971434871482}",RELATED_TO
288207,241581,"{'time': 1.6655642200293137, 'inv_time': 0.6003971434871482}",RELATED_TO
288207,241547,"{'time': 1.6655642200293137, 'inv_time': 0.6003971434871482}",RELATED_TO
288261,241311,"{'time': 1.6655642200293137, 'inv_time': 0.6003971434871482}",RELATED_TO
288261,241447,"{'time': 1.6655642200293137, 'inv_time': 0.6003971434871482}",RELATED_TO
288261,241457,"{'time': 1.6655642200293137, 'inv_time': 0.6003971434871482}",RELATED_TO
288261,241323,"{'time': 1.6655642200293137, 'inv_time': 0.6003971434871482}",RELATED_TO
288261,241537,"{'time': 1.6655642200293137, 'inv_time': 0.6003971434871482}",RELATED_TO
288261,241581,"{'time': 1.6655642200293137, 'inv_time': 0.6003971434871482}",RELATED_TO
288261,241547,"{'time': 1.6655642200293137, 'inv_time': 0.6003971434871482}",RELATED_TO
288441,241311,"{'time': 1.6655642200293137, 'inv_time': 0.6003971434871482}",RELATED_TO
288441,241447,"{'time': 1.6655642200293137, 'inv_time': 0.6003971434871482}",RELATED_TO
288441,241457,"{'time': 1.6655642200293137, 'inv_time': 0.6003971434871482}",RELATED_TO
288441,241323,"{'time': 1.6655642200293137, 'inv_time': 0.6003971434871482}",RELATED_TO
288441,241537,"{'time': 1.6655642200293137, 'inv_time': 0.6003971434871482}",RELATED_TO
288441,241581,"{'time': 1.6655642200293137, 'inv_time': 0.6003971434871482}",RELATED_TO
288441,241547,"{'time': 1.6655642200293137, 'inv_time': 0.6003971434871482}",RELATED_TO
241311,238165,"{'time': 2.3601903525000005, 'inv_time': 0.4236946392653301}",RELATED_TO
241311,238246,"{'time': 2.3601903525000005, 'inv_time': 0.4236946392653301}",RELATED_TO
241311,238226,"{'time': 2.3601903525000005, 'inv_time': 0.4236946392653301}",RELATED_TO
241311,238205,"{'time': 2.3601903525000005, 'inv_time': 0.4236946392653301}",RELATED_TO
241311,238266,"{'time': 2.3601903525000005, 'inv_time': 0.4236946392653301}",RELATED_TO
241311,238185,"{'time': 2.3601903525000005, 'inv_time': 0.4236946392653301}",RELATED_TO
241447,238165,"{'time': 2.3601903525000005, 'inv_time': 0.4236946392653301}",RELATED_TO
241447,238246,"{'time': 2.3601903525000005, 'inv_time': 0.4236946392653301}",RELATED_TO
241447,238226,"{'time': 2.3601903525000005, 'inv_time': 0.4236946392653301}",RELATED_TO
241447,238205,"{'time': 2.3601903525000005, 'inv_time': 0.4236946392653301}",RELATED_TO
241447,238266,"{'time': 2.3601903525000005, 'inv_time': 0.4236946392653301}",RELATED_TO
241447,238185,"{'time': 2.3601903525000005, 'inv_time': 0.4236946392653301}",RELATED_TO
241457,238165,"{'time': 2.3601903525000005, 'inv_time': 0.4236946392653301}",RELATED_TO
241457,238246,"{'time': 2.3601903525000005, 'inv_time': 0.4236946392653301}",RELATED_TO
241457,238226,"{'time': 2.3601903525000005, 'inv_time': 0.4236946392653301}",RELATED_TO
241457,238205,"{'time': 2.3601903525000005, 'inv_time': 0.4236946392653301}",RELATED_TO
241457,238266,"{'time': 2.3601903525000005, 'inv_time': 0.4236946392653301}",RELATED_TO
241457,238185,"{'time': 2.3601903525000005, 'inv_time': 0.4236946392653301}",RELATED_TO
241323,238165,"{'time': 2.3601903525000005, 'inv_time': 0.4236946392653301}",RELATED_TO
241323,238246,"{'time': 2.3601903525000005, 'inv_time': 0.4236946392653301}",RELATED_TO
241323,238226,"{'time': 2.3601903525000005, 'inv_time': 0.4236946392653301}",RELATED_TO
241323,238205,"{'time': 2.3601903525000005, 'inv_time': 0.4236946392653301}",RELATED_TO
241323,238266,"{'time': 2.3601903525000005, 'inv_time': 0.4236946392653301}",RELATED_TO
241323,238185,"{'time': 2.3601903525000005, 'inv_time': 0.4236946392653301}",RELATED_TO
241537,238165,"{'time': 2.3601903525000005, 'inv_time': 0.4236946392653301}",RELATED_TO
241537,238246,"{'time': 2.3601903525000005, 'inv_time': 0.4236946392653301}",RELATED_TO
241537,238226,"{'time': 2.3601903525000005, 'inv_time': 0.4236946392653301}",RELATED_TO
241537,238205,"{'time': 2.3601903525000005, 'inv_time': 0.4236946392653301}",RELATED_TO
241537,238266,"{'time': 2.3601903525000005, 'inv_time': 0.4236946392653301}",RELATED_TO
241537,238185,"{'time': 2.3601903525000005, 'inv_time': 0.4236946392653301}",RELATED_TO
241581,238165,"{'time': 2.3601903525000005, 'inv_time': 0.4236946392653301}",RELATED_TO
241581,238246,"{'time': 2.3601903525000005, 'inv_time': 0.4236946392653301}",RELATED_TO
241581,238226,"{'time': 2.3601903525000005, 'inv_time': 0.4236946392653301}",RELATED_TO
241581,238205,"{'time': 2.3601903525000005, 'inv_time': 0.4236946392653301}",RELATED_TO
241581,238266,"{'time': 2.3601903525000005, 'inv_time': 0.4236946392653301}",RELATED_TO
241581,238185,"{'time': 2.3601903525000005, 'inv_time': 0.4236946392653301}",RELATED_TO
241547,238165,"{'time': 2.3601903525000005, 'inv_time': 0.4236946392653301}",RELATED_TO
241547,238246,"{'time': 2.3601903525000005, 'inv_time': 0.4236946392653301}",RELATED_TO
241547,238226,"{'time': 2.3601903525000005, 'inv_time': 0.4236946392653301}",RELATED_TO
241547,238205,"{'time': 2.3601903525000005, 'inv_time': 0.4236946392653301}",RELATED_TO
241547,238266,"{'time': 2.3601903525000005, 'inv_time': 0.4236946392653301}",RELATED_TO
241547,238185,"{'time': 2.3601903525000005, 'inv_time': 0.4236946392653301}",RELATED_TO
238165,288567,"{'time': 4.841279999999999, 'inv_time': 0.2065569436182167}",RELATED_TO
238165,288621,"{'time': 14.52384, 'inv_time': 0.06885231453940556}",RELATED_TO
238165,288603,"{'time': 9.682559999999999, 'inv_time': 0.10327847180910835}",RELATED_TO
238165,288585,"{'time': 4.841279999999999, 'inv_time': 0.2065569436182167}",RELATED_TO
238165,288513,"{'time': 4.841279999999999, 'inv_time': 0.2065569436182167}",RELATED_TO
238246,288567,"{'time': 4.841279999999999, 'inv_time': 0.2065569436182167}",RELATED_TO
238246,288621,"{'time': 14.52384, 'inv_time': 0.06885231453940556}",RELATED_TO
238246,288603,"{'time': 9.682559999999999, 'inv_time': 0.10327847180910835}",RELATED_TO
238246,288585,"{'time': 4.841279999999999, 'inv_time': 0.2065569436182167}",RELATED_TO
238246,288513,"{'time': 4.841279999999999, 'inv_time': 0.2065569436182167}",RELATED_TO
238226,288567,"{'time': 4.841279999999999, 'inv_time': 0.2065569436182167}",RELATED_TO
238226,288621,"{'time': 14.52384, 'inv_time': 0.06885231453940556}",RELATED_TO
238226,288603,"{'time': 9.682559999999999, 'inv_time': 0.10327847180910835}",RELATED_TO
238226,288585,"{'time': 4.841279999999999, 'inv_time': 0.2065569436182167}",RELATED_TO
238226,288513,"{'time': 4.841279999999999, 'inv_time': 0.2065569436182167}",RELATED_TO
238205,288567,"{'time': 4.841279999999999, 'inv_time': 0.2065569436182167}",RELATED_TO
238205,288621,"{'time': 14.52384, 'inv_time': 0.06885231453940556}",RELATED_TO
238205,288603,"{'time': 9.682559999999999, 'inv_time': 0.10327847180910835}",RELATED_TO
238205,288585,"{'time': 4.841279999999999, 'inv_time': 0.2065569436182167}",RELATED_TO
238205,288513,"{'time': 4.841279999999999, 'inv_time': 0.2065569436182167}",RELATED_TO
238266,288567,"{'time': 4.841279999999999, 'inv_time': 0.2065569436182167}",RELATED_TO
238266,288621,"{'time': 14.52384, 'inv_time': 0.06885231453940556}",RELATED_TO
238266,288603,"{'time': 9.682559999999999, 'inv_time': 0.10327847180910835}",RELATED_TO
238266,288585,"{'time': 4.841279999999999, 'inv_time': 0.2065569436182167}",RELATED_TO
238266,288513,"{'time': 4.841279999999999, 'inv_time': 0.2065569436182167}",RELATED_TO
238185,288567,"{'time': 4.841279999999999, 'inv_time': 0.2065569436182167}",RELATED_TO
238185,288621,"{'time': 14.52384, 'inv_time': 0.06885231453940556}",RELATED_TO
238185,288603,"{'time': 9.682559999999999, 'inv_time': 0.10327847180910835}",RELATED_TO
238185,288585,"{'time': 4.841279999999999, 'inv_time': 0.2065569436182167}",RELATED_TO
238185,288513,"{'time': 4.841279999999999, 'inv_time': 0.2065569436182167}",RELATED_TO
288567,241649,"{'time': 1.6655642200293137, 'inv_time': 0.6003971434871482}",RELATED_TO
288567,241661,"{'time': 1.6655642200293137, 'inv_time': 0.6003971434871482}",RELATED_TO
288567,241817,"{'time': 1.6655642200293137, 'inv_time': 0.6003971434871482}",RELATED_TO
288567,241873,"{'time': 1.6655642200293137, 'inv_time': 0.6003971434871482}",RELATED_TO
288567,241863,"{'time': 1.6655642200293137, 'inv_time': 0.6003971434871482}",RELATED_TO
288567,241851,"{'time': 1.6655642200293137, 'inv_time': 0.6003971434871482}",RELATED_TO
288621,241649,"{'time': 1.6655642200293137, 'inv_time': 0.6003971434871482}",RELATED_TO
288621,241661,"{'time': 1.6655642200293137, 'inv_time': 0.6003971434871482}",RELATED_TO
288621,241817,"{'time': 1.6655642200293137, 'inv_time': 0.6003971434871482}",RELATED_TO
288621,241873,"{'time': 1.6655642200293137, 'inv_time': 0.6003971434871482}",RELATED_TO
288621,241863,"{'time': 1.6655642200293137, 'inv_time': 0.6003971434871482}",RELATED_TO
288621,241851,"{'time': 1.6655642200293137, 'inv_time': 0.6003971434871482}",RELATED_TO
288603,241649,"{'time': 1.6655642200293137, 'inv_time': 0.6003971434871482}",RELATED_TO
288603,241661,"{'time': 1.6655642200293137, 'inv_time': 0.6003971434871482}",RELATED_TO
288603,241817,"{'time': 1.6655642200293137, 'inv_time': 0.6003971434871482}",RELATED_TO
288603,241873,"{'time': 1.6655642200293137, 'inv_time': 0.6003971434871482}",RELATED_TO
288603,241863,"{'time': 1.6655642200293137, 'inv_time': 0.6003971434871482}",RELATED_TO
288603,241851,"{'time': 1.6655642200293137, 'inv_time': 0.6003971434871482}",RELATED_TO
288585,241649,"{'time': 1.6655642200293137, 'inv_time': 0.6003971434871482}",RELATED_TO
288585,241661,"{'time': 1.6655642200293137, 'inv_time': 0.6003971434871482}",RELATED_TO
288585,241817,"{'time': 1.6655642200293137, 'inv_time': 0.6003971434871482}",RELATED_TO
288585,241873,"{'time': 1.6655642200293137, 'inv_time': 0.6003971434871482}",RELATED_TO
288585,241863,"{'time': 1.6655642200293137, 'inv_time': 0.6003971434871482}",RELATED_TO
288585,241851,"{'time': 1.6655642200293137, 'inv_time': 0.6003971434871482}",RELATED_TO
288513,241649,"{'time': 1.6655642200293137, 'inv_time': 0.6003971434871482}",RELATED_TO
288513,241661,"{'time': 1.6655642200293137, 'inv_time': 0.6003971434871482}",RELATED_TO
288513,241817,"{'time': 1.6655642200293137, 'inv_time': 0.6003971434871482}",RELATED_TO
288513,241873,"{'time': 1.6655642200293137, 'inv_time': 0.6003971434871482}",RELATED_TO
288513,241863,"{'time': 1.6655642200293137, 'inv_time': 0.6003971434871482}",RELATED_TO
288513,241851,"{'time': 1.6655642200293137, 'inv_time': 0.6003971434871482}",RELATED_TO
241649,288711,"{'time': 4.841279999999999, 'inv_time': 0.2065569436182167}",RELATED_TO
241649,288729,"{'time': 4.841279999999999, 'inv_time': 0.2065569436182167}",RELATED_TO
241661,288711,"{'time': 4.841279999999999, 'inv_time': 0.2065569436182167}",RELATED_TO
241661,288729,"{'time': 4.841279999999999, 'inv_time': 0.2065569436182167}",RELATED_TO
241817,288711,"{'time': 4.841279999999999, 'inv_time': 0.2065569436182167}",RELATED_TO
241817,288729,"{'time': 4.841279999999999, 'inv_time': 0.2065569436182167}",RELATED_TO
241873,288711,"{'time': 4.841279999999999, 'inv_time': 0.2065569436182167}",RELATED_TO
241873,288729,"{'time': 4.841279999999999, 'inv_time': 0.2065569436182167}",RELATED_TO
241863,288711,"{'time': 4.841279999999999, 'inv_time': 0.2065569436182167}",RELATED_TO
241863,288729,"{'time': 4.841279999999999, 'inv_time': 0.2065569436182167}",RELATED_TO
241851,288711,"{'time': 4.841279999999999, 'inv_time': 0.2065569436182167}",RELATED_TO
241851,288729,"{'time': 4.841279999999999, 'inv_time': 0.2065569436182167}",RELATED_TO
288711,242077,"{'time': 1.6655642200293137, 'inv_time': 0.6003971434871482}",RELATED_TO
288729,242077,"{'time': 1.6655642200293137, 'inv_time': 0.6003971434871482}",RELATED_TO
235384,238306,"{'time': 2.3601903525000005, 'inv_time': 0.4236946392653301}",RELATED_TO
235384,238327,"{'time': 2.3601903525000005, 'inv_time': 0.4236946392653301}",RELATED_TO
235384,238286,"{'time': 2.3601903525000005, 'inv_time': 0.4236946392653301}",RELATED_TO
235384,238367,"{'time': 2.3601903525000005, 'inv_time': 0.4236946392653301}",RELATED_TO
235384,238347,"{'time': 2.3601903525000005, 'inv_time': 0.4236946392653301}",RELATED_TO
235384,238388,"{'time': 2.3601903525000005, 'inv_time': 0.4236946392653301}",RELATED_TO
235364,238306,"{'time': 2.3601903525000005, 'inv_time': 0.4236946392653301}",RELATED_TO
235364,238327,"{'time': 2.3601903525000005, 'inv_time': 0.4236946392653301}",RELATED_TO
235364,238286,"{'time': 2.3601903525000005, 'inv_time': 0.4236946392653301}",RELATED_TO
235364,238367,"{'time': 2.3601903525000005, 'inv_time': 0.4236946392653301}",RELATED_TO
235364,238347,"{'time': 2.3601903525000005, 'inv_time': 0.4236946392653301}",RELATED_TO
235364,238388,"{'time': 2.3601903525000005, 'inv_time': 0.4236946392653301}",RELATED_TO
235424,238306,"{'time': 2.3601903525000005, 'inv_time': 0.4236946392653301}",RELATED_TO
235424,238327,"{'time': 2.3601903525000005, 'inv_time': 0.4236946392653301}",RELATED_TO
235424,238286,"{'time': 2.3601903525000005, 'inv_time': 0.4236946392653301}",RELATED_TO
235424,238367,"{'time': 2.3601903525000005, 'inv_time': 0.4236946392653301}",RELATED_TO
235424,238347,"{'time': 2.3601903525000005, 'inv_time': 0.4236946392653301}",RELATED_TO
235424,238388,"{'time': 2.3601903525000005, 'inv_time': 0.4236946392653301}",RELATED_TO
235404,238306,"{'time': 2.3601903525000005, 'inv_time': 0.4236946392653301}",RELATED_TO
235404,238327,"{'time': 2.3601903525000005, 'inv_time': 0.4236946392653301}",RELATED_TO
235404,238286,"{'time': 2.3601903525000005, 'inv_time': 0.4236946392653301}",RELATED_TO
235404,238367,"{'time': 2.3601903525000005, 'inv_time': 0.4236946392653301}",RELATED_TO
235404,238347,"{'time': 2.3601903525000005, 'inv_time': 0.4236946392653301}",RELATED_TO
235404,238388,"{'time': 2.3601903525000005, 'inv_time': 0.4236946392653301}",RELATED_TO
238306,270530,"{'time': 9.682559999999999, 'inv_time': 0.10327847180910835}",RELATED_TO
238306,269946,"{'time': 4.841279999999999, 'inv_time': 0.2065569436182167}",RELATED_TO
238306,269727,"{'time': 96.8256, 'inv_time': 0.010327847180910834}",RELATED_TO
238306,271463,"{'time': 53.25407999999999, 'inv_time': 0.018777903965292428}",RELATED_TO
238327,270530,"{'time': 9.682559999999999, 'inv_time': 0.10327847180910835}",RELATED_TO
238327,269946,"{'time': 4.841279999999999, 'inv_time': 0.2065569436182167}",RELATED_TO
238327,269727,"{'time': 96.8256, 'inv_time': 0.010327847180910834}",RELATED_TO
238327,271463,"{'time': 53.25407999999999, 'inv_time': 0.018777903965292428}",RELATED_TO
238286,270530,"{'time': 9.682559999999999, 'inv_time': 0.10327847180910835}",RELATED_TO
238286,269946,"{'time': 4.841279999999999, 'inv_time': 0.2065569436182167}",RELATED_TO
238286,269727,"{'time': 96.8256, 'inv_time': 0.010327847180910834}",RELATED_TO
238286,271463,"{'time': 53.25407999999999, 'inv_time': 0.018777903965292428}",RELATED_TO
238367,270530,"{'time': 9.682559999999999, 'inv_time': 0.10327847180910835}",RELATED_TO
238367,269946,"{'time': 4.841279999999999, 'inv_time': 0.2065569436182167}",RELATED_TO
238367,269727,"{'time': 96.8256, 'inv_time': 0.010327847180910834}",RELATED_TO
238367,271463,"{'time': 53.25407999999999, 'inv_time': 0.018777903965292428}",RELATED_TO
238347,270530,"{'time': 9.682559999999999, 'inv_time': 0.10327847180910835}",RELATED_TO
238347,269946,"{'time': 4.841279999999999, 'inv_time': 0.2065569436182167}",RELATED_TO
238347,269727,"{'time': 96.8256, 'inv_time': 0.010327847180910834}",RELATED_TO
238347,271463,"{'time': 53.25407999999999, 'inv_time': 0.018777903965292428}",RELATED_TO
238388,270530,"{'time': 9.682559999999999, 'inv_time': 0.10327847180910835}",RELATED_TO
238388,269946,"{'time': 4.841279999999999, 'inv_time': 0.2065569436182167}",RELATED_TO
238388,269727,"{'time': 96.8256, 'inv_time': 0.010327847180910834}",RELATED_TO
238388,271463,"{'time': 53.25407999999999, 'inv_time': 0.018777903965292428}",RELATED_TO
270530,239233,"{'time': 1.6655642200293137, 'inv_time': 0.6003971434871482}",RELATED_TO
270530,239255,"{'time': 1.6655642200293137, 'inv_time': 0.6003971434871482}",RELATED_TO
270530,239289,"{'time': 1.6655642200293137, 'inv_time': 0.6003971434871482}",RELATED_TO
270530,239311,"{'time': 1.6655642200293137, 'inv_time': 0.6003971434871482}",RELATED_TO
270530,239266,"{'time': 1.6655642200293137, 'inv_time': 0.6003971434871482}",RELATED_TO
270530,239345,"{'time': 1.6655642200293137, 'inv_time': 0.6003971434871482}",RELATED_TO
270530,239323,"{'time': 1.6655642200293137, 'inv_time': 0.6003971434871482}",RELATED_TO
270530,239334,"{'time': 1.6655642200293137, 'inv_time': 0.6003971434871482}",RELATED_TO
270530,239613,"{'time': 1.6655642200293137, 'inv_time': 0.6003971434871482}",RELATED_TO
270530,239635,"{'time': 1.6655642200293137, 'inv_time': 0.6003971434871482}",RELATED_TO
270530,239623,"{'time': 1.6655642200293137, 'inv_time': 0.6003971434871482}",RELATED_TO
270530,239737,"{'time': 1.6655642200293137, 'inv_time': 0.6003971434871482}",RELATED_TO
270530,239759,"{'time': 1.6655642200293137, 'inv_time': 0.6003971434871482}",RELATED_TO
270530,239691,"{'time': 1.6655642200293137, 'inv_time': 0.6003971434871482}",RELATED_TO
270530,239681,"{'time': 1.6655642200293137, 'inv_time': 0.6003971434871482}",RELATED_TO
270530,239669,"{'time': 1.6655642200293137, 'inv_time': 0.6003971434871482}",RELATED_TO
270530,239713,"{'time': 1.6655642200293137, 'inv_time': 0.6003971434871482}",RELATED_TO
270530,239827,"{'time': 1.6655642200293137, 'inv_time': 0.6003971434871482}",RELATED_TO
270530,239803,"{'time': 1.6655642200293137, 'inv_time': 0.6003971434871482}",RELATED_TO
270530,239781,"{'time': 1.6655642200293137, 'inv_time': 0.6003971434871482}",RELATED_TO
269946,239233,"{'time': 1.6655642200293137, 'inv_time': 0.6003971434871482}",RELATED_TO
269946,239255,"{'time': 1.6655642200293137, 'inv_time': 0.6003971434871482}",RELATED_TO
269946,239289,"{'time': 1.6655642200293137, 'inv_time': 0.6003971434871482}",RELATED_TO
269946,239311,"{'time': 1.6655642200293137, 'inv_time': 0.6003971434871482}",RELATED_TO
269946,239266,"{'time': 1.6655642200293137, 'inv_time': 0.6003971434871482}",RELATED_TO
269946,239345,"{'time': 1.6655642200293137, 'inv_time': 0.6003971434871482}",RELATED_TO
269946,239323,"{'time': 1.6655642200293137, 'inv_time': 0.6003971434871482}",RELATED_TO
269946,239334,"{'time': 1.6655642200293137, 'inv_time': 0.6003971434871482}",RELATED_TO
269946,239613,"{'time': 1.6655642200293137, 'inv_time': 0.6003971434871482}",RELATED_TO
269946,239635,"{'time': 1.6655642200293137, 'inv_time': 0.6003971434871482}",RELATED_TO
269946,239623,"{'time': 1.6655642200293137, 'inv_time': 0.6003971434871482}",RELATED_TO
269946,239737,"{'time': 1.6655642200293137, 'inv_time': 0.6003971434871482}",RELATED_TO
269946,239759,"{'time': 1.6655642200293137, 'inv_time': 0.6003971434871482}",RELATED_TO
269946,239691,"{'time': 1.6655642200293137, 'inv_time': 0.6003971434871482}",RELATED_TO
269946,239681,"{'time': 1.6655642200293137, 'inv_time': 0.6003971434871482}",RELATED_TO
269946,239669,"{'time': 1.6655642200293137, 'inv_time': 0.6003971434871482}",RELATED_TO
269946,239713,"{'time': 1.6655642200293137, 'inv_time': 0.6003971434871482}",RELATED_TO
269946,239827,"{'time': 1.6655642200293137, 'inv_time': 0.6003971434871482}",RELATED_TO
269946,239803,"{'time': 1.6655642200293137, 'inv_time': 0.6003971434871482}",RELATED_TO
269946,239781,"{'time': 1.6655642200293137, 'inv_time': 0.6003971434871482}",RELATED_TO
269727,239233,"{'time': 1.6655642200293137, 'inv_time': 0.6003971434871482}",RELATED_TO
269727,239255,"{'time': 1.6655642200293137, 'inv_time': 0.6003971434871482}",RELATED_TO
269727,239289,"{'time': 1.6655642200293137, 'inv_time': 0.6003971434871482}",RELATED_TO
269727,239311,"{'time': 1.6655642200293137, 'inv_time': 0.6003971434871482}",RELATED_TO
269727,239266,"{'time': 1.6655642200293137, 'inv_time': 0.6003971434871482}",RELATED_TO
269727,239345,"{'time': 1.6655642200293137, 'inv_time': 0.6003971434871482}",RELATED_TO
269727,239323,"{'time': 1.6655642200293137, 'inv_time': 0.6003971434871482}",RELATED_TO
269727,239334,"{'time': 1.6655642200293137, 'inv_time': 0.6003971434871482}",RELATED_TO
269727,239613,"{'time': 1.6655642200293137, 'inv_time': 0.6003971434871482}",RELATED_TO
269727,239635,"{'time': 1.6655642200293137, 'inv_time': 0.6003971434871482}",RELATED_TO
269727,239623,"{'time': 1.6655642200293137, 'inv_time': 0.6003971434871482}",RELATED_TO
269727,239737,"{'time': 1.6655642200293137, 'inv_time': 0.6003971434871482}",RELATED_TO
269727,239759,"{'time': 1.6655642200293137, 'inv_time': 0.6003971434871482}",RELATED_TO
269727,239691,"{'time': 1.6655642200293137, 'inv_time': 0.6003971434871482}",RELATED_TO
269727,239681,"{'time': 1.6655642200293137, 'inv_time': 0.6003971434871482}",RELATED_TO
269727,239669,"{'time': 1.6655642200293137, 'inv_time': 0.6003971434871482}",RELATED_TO
269727,239713,"{'time': 1.6655642200293137, 'inv_time': 0.6003971434871482}",RELATED_TO
269727,239827,"{'time': 1.6655642200293137, 'inv_time': 0.6003971434871482}",RELATED_TO
269727,239803,"{'time': 1.6655642200293137, 'inv_time': 0.6003971434871482}",RELATED_TO
269727,239781,"{'time': 1.6655642200293137, 'inv_time': 0.6003971434871482}",RELATED_TO
271463,239233,"{'time': 1.6655642200293137, 'inv_time': 0.6003971434871482}",RELATED_TO
271463,239255,"{'time': 1.6655642200293137, 'inv_time': 0.6003971434871482}",RELATED_TO
271463,239289,"{'time': 1.6655642200293137, 'inv_time': 0.6003971434871482}",RELATED_TO
271463,239311,"{'time': 1.6655642200293137, 'inv_time': 0.6003971434871482}",RELATED_TO
271463,239266,"{'time': 1.6655642200293137, 'inv_time': 0.6003971434871482}",RELATED_TO
271463,239345,"{'time': 1.6655642200293137, 'inv_time': 0.6003971434871482}",RELATED_TO
271463,239323,"{'time': 1.6655642200293137, 'inv_time': 0.6003971434871482}",RELATED_TO
271463,239334,"{'time': 1.6655642200293137, 'inv_time': 0.6003971434871482}",RELATED_TO
271463,239613,"{'time': 1.6655642200293137, 'inv_time': 0.6003971434871482}",RELATED_TO
271463,239635,"{'time': 1.6655642200293137, 'inv_time': 0.6003971434871482}",RELATED_TO
271463,239623,"{'time': 1.6655642200293137, 'inv_time': 0.6003971434871482}",RELATED_TO
271463,239737,"{'time': 1.6655642200293137, 'inv_time': 0.6003971434871482}",RELATED_TO
271463,239759,"{'time': 1.6655642200293137, 'inv_time': 0.6003971434871482}",RELATED_TO
271463,239691,"{'time': 1.6655642200293137, 'inv_time': 0.6003971434871482}",RELATED_TO
271463,239681,"{'time': 1.6655642200293137, 'inv_time': 0.6003971434871482}",RELATED_TO
271463,239669,"{'time': 1.6655642200293137, 'inv_time': 0.6003971434871482}",RELATED_TO
271463,239713,"{'time': 1.6655642200293137, 'inv_time': 0.6003971434871482}",RELATED_TO
271463,239827,"{'time': 1.6655642200293137, 'inv_time': 0.6003971434871482}",RELATED_TO
271463,239803,"{'time': 1.6655642200293137, 'inv_time': 0.6003971434871482}",RELATED_TO
271463,239781,"{'time': 1.6655642200293137, 'inv_time': 0.6003971434871482}",RELATED_TO
239233,238428,"{'time': 2.3601903525000005, 'inv_time': 0.4236946392653301}",RELATED_TO
239233,238468,"{'time': 2.3601903525000005, 'inv_time': 0.4236946392653301}",RELATED_TO
239233,238448,"{'time': 2.3601903525000005, 'inv_time': 0.4236946392653301}",RELATED_TO
239233,238408,"{'time': 2.3601903525000005, 'inv_time': 0.4236946392653301}",RELATED_TO
239233,238489,"{'time': 2.3601903525000005, 'inv_time': 0.4236946392653301}",RELATED_TO
239233,238509,"{'time': 2.3601903525000005, 'inv_time': 0.4236946392653301}",RELATED_TO
239255,238428,"{'time': 2.3601903525000005, 'inv_time': 0.4236946392653301}",RELATED_TO
239255,238468,"{'time': 2.3601903525000005, 'inv_time': 0.4236946392653301}",RELATED_TO
239255,238448,"{'time': 2.3601903525000005, 'inv_time': 0.4236946392653301}",RELATED_TO
239255,238408,"{'time': 2.3601903525000005, 'inv_time': 0.4236946392653301}",RELATED_TO
239255,238489,"{'time': 2.3601903525000005, 'inv_time': 0.4236946392653301}",RELATED_TO
239255,238509,"{'time': 2.3601903525000005, 'inv_time': 0.4236946392653301}",RELATED_TO
239289,238428,"{'time': 2.3601903525000005, 'inv_time': 0.4236946392653301}",RELATED_TO
239289,238468,"{'time': 2.3601903525000005, 'inv_time': 0.4236946392653301}",RELATED_TO
239289,238448,"{'time': 2.3601903525000005, 'inv_time': 0.4236946392653301}",RELATED_TO
239289,238408,"{'time': 2.3601903525000005, 'inv_time': 0.4236946392653301}",RELATED_TO
239289,238489,"{'time': 2.3601903525000005, 'inv_time': 0.4236946392653301}",RELATED_TO
239289,238509,"{'time': 2.3601903525000005, 'inv_time': 0.4236946392653301}",RELATED_TO
239311,238428,"{'time': 2.3601903525000005, 'inv_time': 0.4236946392653301}",RELATED_TO
239311,238468,"{'time': 2.3601903525000005, 'inv_time': 0.4236946392653301}",RELATED_TO
239311,238448,"{'time': 2.3601903525000005, 'inv_time': 0.4236946392653301}",RELATED_TO
239311,238408,"{'time': 2.3601903525000005, 'inv_time': 0.4236946392653301}",RELATED_TO
239311,238489,"{'time': 2.3601903525000005, 'inv_time': 0.4236946392653301}",RELATED_TO
239311,238509,"{'time': 2.3601903525000005, 'inv_time': 0.4236946392653301}",RELATED_TO
239266,238428,"{'time': 2.3601903525000005, 'inv_time': 0.4236946392653301}",RELATED_TO
239266,238468,"{'time': 2.3601903525000005, 'inv_time': 0.4236946392653301}",RELATED_TO
239266,238448,"{'time': 2.3601903525000005, 'inv_time': 0.4236946392653301}",RELATED_TO
239266,238408,"{'time': 2.3601903525000005, 'inv_time': 0.4236946392653301}",RELATED_TO
239266,238489,"{'time': 2.3601903525000005, 'inv_time': 0.4236946392653301}",RELATED_TO
239266,238509,"{'time': 2.3601903525000005, 'inv_time': 0.4236946392653301}",RELATED_TO
239345,238428,"{'time': 2.3601903525000005, 'inv_time': 0.4236946392653301}",RELATED_TO
239345,238468,"{'time': 2.3601903525000005, 'inv_time': 0.4236946392653301}",RELATED_TO
239345,238448,"{'time': 2.3601903525000005, 'inv_time': 0.4236946392653301}",RELATED_TO
239345,238408,"{'time': 2.3601903525000005, 'inv_time': 0.4236946392653301}",RELATED_TO
239345,238489,"{'time': 2.3601903525000005, 'inv_time': 0.4236946392653301}",RELATED_TO
239345,238509,"{'time': 2.3601903525000005, 'inv_time': 0.4236946392653301}",RELATED_TO
239323,238428,"{'time': 2.3601903525000005, 'inv_time': 0.4236946392653301}",RELATED_TO
239323,238468,"{'time': 2.3601903525000005, 'inv_time': 0.4236946392653301}",RELATED_TO
239323,238448,"{'time': 2.3601903525000005, 'inv_time': 0.4236946392653301}",RELATED_TO
239323,238408,"{'time': 2.3601903525000005, 'inv_time': 0.4236946392653301}",RELATED_TO
239323,238489,"{'time': 2.3601903525000005, 'inv_time': 0.4236946392653301}",RELATED_TO
239323,238509,"{'time': 2.3601903525000005, 'inv_time': 0.4236946392653301}",RELATED_TO
239334,238428,"{'time': 2.3601903525000005, 'inv_time': 0.4236946392653301}",RELATED_TO
239334,238468,"{'time': 2.3601903525000005, 'inv_time': 0.4236946392653301}",RELATED_TO
239334,238448,"{'time': 2.3601903525000005, 'inv_time': 0.4236946392653301}",RELATED_TO
239334,238408,"{'time': 2.3601903525000005, 'inv_time': 0.4236946392653301}",RELATED_TO
239334,238489,"{'time': 2.3601903525000005, 'inv_time': 0.4236946392653301}",RELATED_TO
239334,238509,"{'time': 2.3601903525000005, 'inv_time': 0.4236946392653301}",RELATED_TO
239613,238428,"{'time': 2.3601903525000005, 'inv_time': 0.4236946392653301}",RELATED_TO
239613,238468,"{'time': 2.3601903525000005, 'inv_time': 0.4236946392653301}",RELATED_TO
239613,238448,"{'time': 2.3601903525000005, 'inv_time': 0.4236946392653301}",RELATED_TO
239613,238408,"{'time': 2.3601903525000005, 'inv_time': 0.4236946392653301}",RELATED_TO
239613,238489,"{'time': 2.3601903525000005, 'inv_time': 0.4236946392653301}",RELATED_TO
239613,238509,"{'time': 2.3601903525000005, 'inv_time': 0.4236946392653301}",RELATED_TO
239635,238428,"{'time': 2.3601903525000005, 'inv_time': 0.4236946392653301}",RELATED_TO
239635,238468,"{'time': 2.3601903525000005, 'inv_time': 0.4236946392653301}",RELATED_TO
239635,238448,"{'time': 2.3601903525000005, 'inv_time': 0.4236946392653301}",RELATED_TO
239635,238408,"{'time': 2.3601903525000005, 'inv_time': 0.4236946392653301}",RELATED_TO
239635,238489,"{'time': 2.3601903525000005, 'inv_time': 0.4236946392653301}",RELATED_TO
239635,238509,"{'time': 2.3601903525000005, 'inv_time': 0.4236946392653301}",RELATED_TO
239623,238428,"{'time': 2.3601903525000005, 'inv_time': 0.4236946392653301}",RELATED_TO
239623,238468,"{'time': 2.3601903525000005, 'inv_time': 0.4236946392653301}",RELATED_TO
239623,238448,"{'time': 2.3601903525000005, 'inv_time': 0.4236946392653301}",RELATED_TO
239623,238408,"{'time': 2.3601903525000005, 'inv_time': 0.4236946392653301}",RELATED_TO
239623,238489,"{'time': 2.3601903525000005, 'inv_time': 0.4236946392653301}",RELATED_TO
239623,238509,"{'time': 2.3601903525000005, 'inv_time': 0.4236946392653301}",RELATED_TO
239737,238428,"{'time': 2.3601903525000005, 'inv_time': 0.4236946392653301}",RELATED_TO
239737,238468,"{'time': 2.3601903525000005, 'inv_time': 0.4236946392653301}",RELATED_TO
239737,238448,"{'time': 2.3601903525000005, 'inv_time': 0.4236946392653301}",RELATED_TO
239737,238408,"{'time': 2.3601903525000005, 'inv_time': 0.4236946392653301}",RELATED_TO
239737,238489,"{'time': 2.3601903525000005, 'inv_time': 0.4236946392653301}",RELATED_TO
239737,238509,"{'time': 2.3601903525000005, 'inv_time': 0.4236946392653301}",RELATED_TO
239759,238428,"{'time': 2.3601903525000005, 'inv_time': 0.4236946392653301}",RELATED_TO
239759,238468,"{'time': 2.3601903525000005, 'inv_time': 0.4236946392653301}",RELATED_TO
239759,238448,"{'time': 2.3601903525000005, 'inv_time': 0.4236946392653301}",RELATED_TO
239759,238408,"{'time': 2.3601903525000005, 'inv_time': 0.4236946392653301}",RELATED_TO
239759,238489,"{'time': 2.3601903525000005, 'inv_time': 0.4236946392653301}",RELATED_TO
239759,238509,"{'time': 2.3601903525000005, 'inv_time': 0.4236946392653301}",RELATED_TO
239691,238428,"{'time': 2.3601903525000005, 'inv_time': 0.4236946392653301}",RELATED_TO
239691,238468,"{'time': 2.3601903525000005, 'inv_time': 0.4236946392653301}",RELATED_TO
239691,238448,"{'time': 2.3601903525000005, 'inv_time': 0.4236946392653301}",RELATED_TO
239691,238408,"{'time': 2.3601903525000005, 'inv_time': 0.4236946392653301}",RELATED_TO
239691,238489,"{'time': 2.3601903525000005, 'inv_time': 0.4236946392653301}",RELATED_TO
239691,238509,"{'time': 2.3601903525000005, 'inv_time': 0.4236946392653301}",RELATED_TO
239681,238428,"{'time': 2.3601903525000005, 'inv_time': 0.4236946392653301}",RELATED_TO
239681,238468,"{'time': 2.3601903525000005, 'inv_time': 0.4236946392653301}",RELATED_TO
239681,238448,"{'time': 2.3601903525000005, 'inv_time': 0.4236946392653301}",RELATED_TO
239681,238408,"{'time': 2.3601903525000005, 'inv_time': 0.4236946392653301}",RELATED_TO
239681,238489,"{'time': 2.3601903525000005, 'inv_time': 0.4236946392653301}",RELATED_TO
239681,238509,"{'time': 2.3601903525000005, 'inv_time': 0.4236946392653301}",RELATED_TO
239669,238428,"{'time': 2.3601903525000005, 'inv_time': 0.4236946392653301}",RELATED_TO
239669,238468,"{'time': 2.3601903525000005, 'inv_time': 0.4236946392653301}",RELATED_TO
239669,238448,"{'time': 2.3601903525000005, 'inv_time': 0.4236946392653301}",RELATED_TO
239669,238408,"{'time': 2.3601903525000005, 'inv_time': 0.4236946392653301}",RELATED_TO
239669,238489,"{'time': 2.3601903525000005, 'inv_time': 0.4236946392653301}",RELATED_TO
239669,238509,"{'time': 2.3601903525000005, 'inv_time': 0.4236946392653301}",RELATED_TO
239713,238428,"{'time': 2.3601903525000005, 'inv_time': 0.4236946392653301}",RELATED_TO
239713,238468,"{'time': 2.3601903525000005, 'inv_time': 0.4236946392653301}",RELATED_TO
239713,238448,"{'time': 2.3601903525000005, 'inv_time': 0.4236946392653301}",RELATED_TO
239713,238408,"{'time': 2.3601903525000005, 'inv_time': 0.4236946392653301}",RELATED_TO
239713,238489,"{'time': 2.3601903525000005, 'inv_time': 0.4236946392653301}",RELATED_TO
239713,238509,"{'time': 2.3601903525000005, 'inv_time': 0.4236946392653301}",RELATED_TO
239827,238428,"{'time': 2.3601903525000005, 'inv_time': 0.4236946392653301}",RELATED_TO
239827,238468,"{'time': 2.3601903525000005, 'inv_time': 0.4236946392653301}",RELATED_TO
239827,238448,"{'time': 2.3601903525000005, 'inv_time': 0.4236946392653301}",RELATED_TO
239827,238408,"{'time': 2.3601903525000005, 'inv_time': 0.4236946392653301}",RELATED_TO
239827,238489,"{'time': 2.3601903525000005, 'inv_time': 0.4236946392653301}",RELATED_TO
239827,238509,"{'time': 2.3601903525000005, 'inv_time': 0.4236946392653301}",RELATED_TO
239803,238428,"{'time': 2.3601903525000005, 'inv_time': 0.4236946392653301}",RELATED_TO
239803,238468,"{'time': 2.3601903525000005, 'inv_time': 0.4236946392653301}",RELATED_TO
239803,238448,"{'time': 2.3601903525000005, 'inv_time': 0.4236946392653301}",RELATED_TO
239803,238408,"{'time': 2.3601903525000005, 'inv_time': 0.4236946392653301}",RELATED_TO
239803,238489,"{'time': 2.3601903525000005, 'inv_time': 0.4236946392653301}",RELATED_TO
239803,238509,"{'time': 2.3601903525000005, 'inv_time': 0.4236946392653301}",RELATED_TO
239781,238428,"{'time': 2.3601903525000005, 'inv_time': 0.4236946392653301}",RELATED_TO
239781,238468,"{'time': 2.3601903525000005, 'inv_time': 0.4236946392653301}",RELATED_TO
239781,238448,"{'time': 2.3601903525000005, 'inv_time': 0.4236946392653301}",RELATED_TO
239781,238408,"{'time': 2.3601903525000005, 'inv_time': 0.4236946392653301}",RELATED_TO
239781,238489,"{'time': 2.3601903525000005, 'inv_time': 0.4236946392653301}",RELATED_TO
239781,238509,"{'time': 2.3601903525000005, 'inv_time': 0.4236946392653301}",RELATED_TO
238428,278386,"{'time': 9.682559999999999, 'inv_time': 0.10327847180910835}",RELATED_TO
238428,278290,"{'time': 9.682559999999999, 'inv_time': 0.10327847180910835}",RELATED_TO
238428,277912,"{'time': 4.841279999999999, 'inv_time': 0.2065569436182167}",RELATED_TO
238428,278146,"{'time': 9.682559999999999, 'inv_time': 0.10327847180910835}",RELATED_TO
238428,279018,"{'time': 9.682559999999999, 'inv_time': 0.10327847180910835}",RELATED_TO
238428,278808,"{'time': 4.841279999999999, 'inv_time': 0.2065569436182167}",RELATED_TO
238428,280058,"{'time': 4.841279999999999, 'inv_time': 0.2065569436182167}",RELATED_TO
238428,279476,"{'time': 4.841279999999999, 'inv_time': 0.2065569436182167}",RELATED_TO
238428,280776,"{'time': 9.682559999999999, 'inv_time': 0.10327847180910835}",RELATED_TO
238428,280868,"{'time': 9.682559999999999, 'inv_time': 0.10327847180910835}",RELATED_TO
238428,280558,"{'time': 9.682559999999999, 'inv_time': 0.10327847180910835}",RELATED_TO
238428,280136,"{'time': 4.841279999999999, 'inv_time': 0.2065569436182167}",RELATED_TO
238428,280926,"{'time': 4.841279999999999, 'inv_time': 0.2065569436182167}",RELATED_TO
238428,281130,"{'time': 4.841279999999999, 'inv_time': 0.2065569436182167}",RELATED_TO
238428,280208,"{'time': 4.841279999999999, 'inv_time': 0.2065569436182167}",RELATED_TO
238428,281262,"{'time': 4.841279999999999, 'inv_time': 0.2065569436182167}",RELATED_TO
238428,281199,"{'time': 9.682559999999999, 'inv_time': 0.10327847180910835}",RELATED_TO
238428,279964,"{'time': 9.682559999999999, 'inv_time': 0.10327847180910835}",RELATED_TO
238428,280997,"{'time': 9.682559999999999, 'inv_time': 0.10327847180910835}",RELATED_TO
238428,281714,"{'time': 4.841279999999999, 'inv_time': 0.2065569436182167}",RELATED_TO
238428,282820,"{'time': 4.841279999999999, 'inv_time': 0.2065569436182167}",RELATED_TO
238428,282502,"{'time': 4.841279999999999, 'inv_time': 0.2065569436182167}",RELATED_TO
238428,282456,"{'time': 4.841279999999999, 'inv_time': 0.2065569436182167}",RELATED_TO
238428,282403,"{'time': 4.841279999999999, 'inv_time': 0.2065569436182167}",RELATED_TO
238428,282298,"{'time': 4.841279999999999, 'inv_time': 0.2065569436182167}",RELATED_TO
238428,282879,"{'time': 4.841279999999999, 'inv_time': 0.2065569436182167}",RELATED_TO
238428,282611,"{'time': 4.841279999999999, 'inv_time': 0.2065569436182167}",RELATED_TO
238428,282662,"{'time': 4.841279999999999, 'inv_time': 0.2065569436182167}",RELATED_TO
238428,282351,"{'time': 4.841279999999999, 'inv_time': 0.2065569436182167}",RELATED_TO
238428,283163,"{'time': 9.682559999999999, 'inv_time': 0.10327847180910835}",RELATED_TO
238428,283115,"{'time': 14.52384, 'inv_time': 0.06885231453940556}",RELATED_TO
238428,283250,"{'time': 4.841279999999999, 'inv_time': 0.2065569436182167}",RELATED_TO
238428,283346,"{'time': 4.841279999999999, 'inv_time': 0.2065569436182167}",RELATED_TO
238428,283302,"{'time': 19.365119999999997, 'inv_time': 0.05163923590455417}",RELATED_TO
238428,283393,"{'time': 4.841279999999999, 'inv_time': 0.2065569436182167}",RELATED_TO
238468,278386,"{'time': 9.682559999999999, 'inv_time': 0.10327847180910835}",RELATED_TO
238468,278290,"{'time': 9.682559999999999, 'inv_time': 0.10327847180910835}",RELATED_TO
238468,277912,"{'time': 4.841279999999999, 'inv_time': 0.2065569436182167}",RELATED_TO
238468,278146,"{'time': 9.682559999999999, 'inv_time': 0.10327847180910835}",RELATED_TO
238468,279018,"{'time': 9.682559999999999, 'inv_time': 0.10327847180910835}",RELATED_TO
238468,278808,"{'time': 4.841279999999999, 'inv_time': 0.2065569436182167}",RELATED_TO
238468,280058,"{'time': 4.841279999999999, 'inv_time': 0.2065569436182167}",RELATED_TO
238468,279476,"{'time': 4.841279999999999, 'inv_time': 0.2065569436182167}",RELATED_TO
238468,280776,"{'time': 9.682559999999999, 'inv_time': 0.10327847180910835}",RELATED_TO
238468,280868,"{'time': 9.682559999999999, 'inv_time': 0.10327847180910835}",RELATED_TO
238468,280558,"{'time': 9.682559999999999, 'inv_time': 0.10327847180910835}",RELATED_TO
238468,280136,"{'time': 4.841279999999999, 'inv_time': 0.2065569436182167}",RELATED_TO
238468,280926,"{'time': 4.841279999999999, 'inv_time': 0.2065569436182167}",RELATED_TO
238468,281130,"{'time': 4.841279999999999, 'inv_time': 0.2065569436182167}",RELATED_TO
238468,280208,"{'time': 4.841279999999999, 'inv_time': 0.2065569436182167}",RELATED_TO
238468,281262,"{'time': 4.841279999999999, 'inv_time': 0.2065569436182167}",RELATED_TO
238468,281199,"{'time': 9.682559999999999, 'inv_time': 0.10327847180910835}",RELATED_TO
238468,279964,"{'time': 9.682559999999999, 'inv_time': 0.10327847180910835}",RELATED_TO
238468,280997,"{'time': 9.682559999999999, 'inv_time': 0.10327847180910835}",RELATED_TO
238468,281714,"{'time': 4.841279999999999, 'inv_time': 0.2065569436182167}",RELATED_TO
238468,282820,"{'time': 4.841279999999999, 'inv_time': 0.2065569436182167}",RELATED_TO
238468,282502,"{'time': 4.841279999999999, 'inv_time': 0.2065569436182167}",RELATED_TO
238468,282456,"{'time': 4.841279999999999, 'inv_time': 0.2065569436182167}",RELATED_TO
238468,282403,"{'time': 4.841279999999999, 'inv_time': 0.2065569436182167}",RELATED_TO
238468,282298,"{'time': 4.841279999999999, 'inv_time': 0.2065569436182167}",RELATED_TO
238468,282879,"{'time': 4.841279999999999, 'inv_time': 0.2065569436182167}",RELATED_TO
238468,282611,"{'time': 4.841279999999999, 'inv_time': 0.2065569436182167}",RELATED_TO
238468,282662,"{'time': 4.841279999999999, 'inv_time': 0.2065569436182167}",RELATED_TO
238468,282351,"{'time': 4.841279999999999, 'inv_time': 0.2065569436182167}",RELATED_TO
238468,283163,"{'time': 9.682559999999999, 'inv_time': 0.10327847180910835}",RELATED_TO
238468,283115,"{'time': 14.52384, 'inv_time': 0.06885231453940556}",RELATED_TO
238468,283250,"{'time': 4.841279999999999, 'inv_time': 0.2065569436182167}",RELATED_TO
238468,283346,"{'time': 4.841279999999999, 'inv_time': 0.2065569436182167}",RELATED_TO
238468,283302,"{'time': 19.365119999999997, 'inv_time': 0.05163923590455417}",RELATED_TO
238468,283393,"{'time': 4.841279999999999, 'inv_time': 0.2065569436182167}",RELATED_TO
238448,278386,"{'time': 9.682559999999999, 'inv_time': 0.10327847180910835}",RELATED_TO
238448,278290,"{'time': 9.682559999999999, 'inv_time': 0.10327847180910835}",RELATED_TO
238448,277912,"{'time': 4.841279999999999, 'inv_time': 0.2065569436182167}",RELATED_TO
238448,278146,"{'time': 9.682559999999999, 'inv_time': 0.10327847180910835}",RELATED_TO
238448,279018,"{'time': 9.682559999999999, 'inv_time': 0.10327847180910835}",RELATED_TO
238448,278808,"{'time': 4.841279999999999, 'inv_time': 0.2065569436182167}",RELATED_TO
238448,280058,"{'time': 4.841279999999999, 'inv_time': 0.2065569436182167}",RELATED_TO
238448,279476,"{'time': 4.841279999999999, 'inv_time': 0.2065569436182167}",RELATED_TO
238448,280776,"{'time': 9.682559999999999, 'inv_time': 0.10327847180910835}",RELATED_TO
238448,280868,"{'time': 9.682559999999999, 'inv_time': 0.10327847180910835}",RELATED_TO
238448,280558,"{'time': 9.682559999999999, 'inv_time': 0.10327847180910835}",RELATED_TO
238448,280136,"{'time': 4.841279999999999, 'inv_time': 0.2065569436182167}",RELATED_TO
238448,280926,"{'time': 4.841279999999999, 'inv_time': 0.2065569436182167}",RELATED_TO
238448,281130,"{'time': 4.841279999999999, 'inv_time': 0.2065569436182167}",RELATED_TO
238448,280208,"{'time': 4.841279999999999, 'inv_time': 0.2065569436182167}",RELATED_TO
238448,281262,"{'time': 4.841279999999999, 'inv_time': 0.2065569436182167}",RELATED_TO
238448,281199,"{'time': 9.682559999999999, 'inv_time': 0.10327847180910835}",RELATED_TO
238448,279964,"{'time': 9.682559999999999, 'inv_time': 0.10327847180910835}",RELATED_TO
238448,280997,"{'time': 9.682559999999999, 'inv_time': 0.10327847180910835}",RELATED_TO
238448,281714,"{'time': 4.841279999999999, 'inv_time': 0.2065569436182167}",RELATED_TO
238448,282820,"{'time': 4.841279999999999, 'inv_time': 0.2065569436182167}",RELATED_TO
238448,282502,"{'time': 4.841279999999999, 'inv_time': 0.2065569436182167}",RELATED_TO
238448,282456,"{'time': 4.841279999999999, 'inv_time': 0.2065569436182167}",RELATED_TO
238448,282403,"{'time': 4.841279999999999, 'inv_time': 0.2065569436182167}",RELATED_TO
238448,282298,"{'time': 4.841279999999999, 'inv_time': 0.2065569436182167}",RELATED_TO
238448,282879,"{'time': 4.841279999999999, 'inv_time': 0.2065569436182167}",RELATED_TO
238448,282611,"{'time': 4.841279999999999, 'inv_time': 0.2065569436182167}",RELATED_TO
238448,282662,"{'time': 4.841279999999999, 'inv_time': 0.2065569436182167}",RELATED_TO
238448,282351,"{'time': 4.841279999999999, 'inv_time': 0.2065569436182167}",RELATED_TO
238448,283163,"{'time': 9.682559999999999, 'inv_time': 0.10327847180910835}",RELATED_TO
238448,283115,"{'time': 14.52384, 'inv_time': 0.06885231453940556}",RELATED_TO
238448,283250,"{'time': 4.841279999999999, 'inv_time': 0.2065569436182167}",RELATED_TO
238448,283346,"{'time': 4.841279999999999, 'inv_time': 0.2065569436182167}",RELATED_TO
238448,283302,"{'time': 19.365119999999997, 'inv_time': 0.05163923590455417}",RELATED_TO
238448,283393,"{'time': 4.841279999999999, 'inv_time': 0.2065569436182167}",RELATED_TO
238408,278386,"{'time': 9.682559999999999, 'inv_time': 0.10327847180910835}",RELATED_TO
238408,278290,"{'time': 9.682559999999999, 'inv_time': 0.10327847180910835}",RELATED_TO
238408,277912,"{'time': 4.841279999999999, 'inv_time': 0.2065569436182167}",RELATED_TO
238408,278146,"{'time': 9.682559999999999, 'inv_time': 0.10327847180910835}",RELATED_TO
238408,279018,"{'time': 9.682559999999999, 'inv_time': 0.10327847180910835}",RELATED_TO
238408,278808,"{'time': 4.841279999999999, 'inv_time': 0.2065569436182167}",RELATED_TO
238408,280058,"{'time': 4.841279999999999, 'inv_time': 0.2065569436182167}",RELATED_TO
238408,279476,"{'time': 4.841279999999999, 'inv_time': 0.2065569436182167}",RELATED_TO
238408,280776,"{'time': 9.682559999999999, 'inv_time': 0.10327847180910835}",RELATED_TO
238408,280868,"{'time': 9.682559999999999, 'inv_time': 0.10327847180910835}",RELATED_TO
238408,280558,"{'time': 9.682559999999999, 'inv_time': 0.10327847180910835}",RELATED_TO
238408,280136,"{'time': 4.841279999999999, 'inv_time': 0.2065569436182167}",RELATED_TO
238408,280926,"{'time': 4.841279999999999, 'inv_time': 0.2065569436182167}",RELATED_TO
238408,281130,"{'time': 4.841279999999999, 'inv_time': 0.2065569436182167}",RELATED_TO
238408,280208,"{'time': 4.841279999999999, 'inv_time': 0.2065569436182167}",RELATED_TO
238408,281262,"{'time': 4.841279999999999, 'inv_time': 0.2065569436182167}",RELATED_TO
238408,281199,"{'time': 9.682559999999999, 'inv_time': 0.10327847180910835}",RELATED_TO
238408,279964,"{'time': 9.682559999999999, 'inv_time': 0.10327847180910835}",RELATED_TO
238408,280997,"{'time': 9.682559999999999, 'inv_time': 0.10327847180910835}",RELATED_TO
238408,281714,"{'time': 4.841279999999999, 'inv_time': 0.2065569436182167}",RELATED_TO
238408,282820,"{'time': 4.841279999999999, 'inv_time': 0.2065569436182167}",RELATED_TO
238408,282502,"{'time': 4.841279999999999, 'inv_time': 0.2065569436182167}",RELATED_TO
238408,282456,"{'time': 4.841279999999999, 'inv_time': 0.2065569436182167}",RELATED_TO
238408,282403,"{'time': 4.841279999999999, 'inv_time': 0.2065569436182167}",RELATED_TO
238408,282298,"{'time': 4.841279999999999, 'inv_time': 0.2065569436182167}",RELATED_TO
238408,282879,"{'time': 4.841279999999999, 'inv_time': 0.2065569436182167}",RELATED_TO
238408,282611,"{'time': 4.841279999999999, 'inv_time': 0.2065569436182167}",RELATED_TO
238408,282662,"{'time': 4.841279999999999, 'inv_time': 0.2065569436182167}",RELATED_TO
238408,282351,"{'time': 4.841279999999999, 'inv_time': 0.2065569436182167}",RELATED_TO
238408,283163,"{'time': 9.682559999999999, 'inv_time': 0.10327847180910835}",RELATED_TO
238408,283115,"{'time': 14.52384, 'inv_time': 0.06885231453940556}",RELATED_TO
238408,283250,"{'time': 4.841279999999999, 'inv_time': 0.2065569436182167}",RELATED_TO
238408,283346,"{'time': 4.841279999999999, 'inv_time': 0.2065569436182167}",RELATED_TO
238408,283302,"{'time': 19.365119999999997, 'inv_time': 0.05163923590455417}",RELATED_TO
238408,283393,"{'time': 4.841279999999999, 'inv_time': 0.2065569436182167}",RELATED_TO
238489,278386,"{'time': 9.682559999999999, 'inv_time': 0.10327847180910835}",RELATED_TO
238489,278290,"{'time': 9.682559999999999, 'inv_time': 0.10327847180910835}",RELATED_TO
238489,277912,"{'time': 4.841279999999999, 'inv_time': 0.2065569436182167}",RELATED_TO
238489,278146,"{'time': 9.682559999999999, 'inv_time': 0.10327847180910835}",RELATED_TO
238489,279018,"{'time': 9.682559999999999, 'inv_time': 0.10327847180910835}",RELATED_TO
238489,278808,"{'time': 4.841279999999999, 'inv_time': 0.2065569436182167}",RELATED_TO
238489,280058,"{'time': 4.841279999999999, 'inv_time': 0.2065569436182167}",RELATED_TO
238489,279476,"{'time': 4.841279999999999, 'inv_time': 0.2065569436182167}",RELATED_TO
238489,280776,"{'time': 9.682559999999999, 'inv_time': 0.10327847180910835}",RELATED_TO
238489,280868,"{'time': 9.682559999999999, 'inv_time': 0.10327847180910835}",RELATED_TO
238489,280558,"{'time': 9.682559999999999, 'inv_time': 0.10327847180910835}",RELATED_TO
238489,280136,"{'time': 4.841279999999999, 'inv_time': 0.2065569436182167}",RELATED_TO
238489,280926,"{'time': 4.841279999999999, 'inv_time': 0.2065569436182167}",RELATED_TO
238489,281130,"{'time': 4.841279999999999, 'inv_time': 0.2065569436182167}",RELATED_TO
238489,280208,"{'time': 4.841279999999999, 'inv_time': 0.2065569436182167}",RELATED_TO
238489,281262,"{'time': 4.841279999999999, 'inv_time': 0.2065569436182167}",RELATED_TO
238489,281199,"{'time': 9.682559999999999, 'inv_time': 0.10327847180910835}",RELATED_TO
238489,279964,"{'time': 9.682559999999999, 'inv_time': 0.10327847180910835}",RELATED_TO
238489,280997,"{'time': 9.682559999999999, 'inv_time': 0.10327847180910835}",RELATED_TO
238489,281714,"{'time': 4.841279999999999, 'inv_time': 0.2065569436182167}",RELATED_TO
238489,282820,"{'time': 4.841279999999999, 'inv_time': 0.2065569436182167}",RELATED_TO
238489,282502,"{'time': 4.841279999999999, 'inv_time': 0.2065569436182167}",RELATED_TO
238489,282456,"{'time': 4.841279999999999, 'inv_time': 0.2065569436182167}",RELATED_TO
238489,282403,"{'time': 4.841279999999999, 'inv_time': 0.2065569436182167}",RELATED_TO
238489,282298,"{'time': 4.841279999999999, 'inv_time': 0.2065569436182167}",RELATED_TO
238489,282879,"{'time': 4.841279999999999, 'inv_time': 0.2065569436182167}",RELATED_TO
238489,282611,"{'time': 4.841279999999999, 'inv_time': 0.2065569436182167}",RELATED_TO
238489,282662,"{'time': 4.841279999999999, 'inv_time': 0.2065569436182167}",RELATED_TO
238489,282351,"{'time': 4.841279999999999, 'inv_time': 0.2065569436182167}",RELATED_TO
238489,283163,"{'time': 9.682559999999999, 'inv_time': 0.10327847180910835}",RELATED_TO
238489,283115,"{'time': 14.52384, 'inv_time': 0.06885231453940556}",RELATED_TO
238489,283250,"{'time': 4.841279999999999, 'inv_time': 0.2065569436182167}",RELATED_TO
238489,283346,"{'time': 4.841279999999999, 'inv_time': 0.2065569436182167}",RELATED_TO
238489,283302,"{'time': 19.365119999999997, 'inv_time': 0.05163923590455417}",RELATED_TO
238489,283393,"{'time': 4.841279999999999, 'inv_time': 0.2065569436182167}",RELATED_TO
238509,278386,"{'time': 9.682559999999999, 'inv_time': 0.10327847180910835}",RELATED_TO
238509,278290,"{'time': 9.682559999999999, 'inv_time': 0.10327847180910835}",RELATED_TO
238509,277912,"{'time': 4.841279999999999, 'inv_time': 0.2065569436182167}",RELATED_TO
238509,278146,"{'time': 9.682559999999999, 'inv_time': 0.10327847180910835}",RELATED_TO
238509,279018,"{'time': 9.682559999999999, 'inv_time': 0.10327847180910835}",RELATED_TO
238509,278808,"{'time': 4.841279999999999, 'inv_time': 0.2065569436182167}",RELATED_TO
238509,280058,"{'time': 4.841279999999999, 'inv_time': 0.2065569436182167}",RELATED_TO
238509,279476,"{'time': 4.841279999999999, 'inv_time': 0.2065569436182167}",RELATED_TO
238509,280776,"{'time': 9.682559999999999, 'inv_time': 0.10327847180910835}",RELATED_TO
238509,280868,"{'time': 9.682559999999999, 'inv_time': 0.10327847180910835}",RELATED_TO
238509,280558,"{'time': 9.682559999999999, 'inv_time': 0.10327847180910835}",RELATED_TO
238509,280136,"{'time': 4.841279999999999, 'inv_time': 0.2065569436182167}",RELATED_TO
238509,280926,"{'time': 4.841279999999999, 'inv_time': 0.2065569436182167}",RELATED_TO
238509,281130,"{'time': 4.841279999999999, 'inv_time': 0.2065569436182167}",RELATED_TO
238509,280208,"{'time': 4.841279999999999, 'inv_time': 0.2065569436182167}",RELATED_TO
238509,281262,"{'time': 4.841279999999999, 'inv_time': 0.2065569436182167}",RELATED_TO
238509,281199,"{'time': 9.682559999999999, 'inv_time': 0.10327847180910835}",RELATED_TO
238509,279964,"{'time': 9.682559999999999, 'inv_time': 0.10327847180910835}",RELATED_TO
238509,280997,"{'time': 9.682559999999999, 'inv_time': 0.10327847180910835}",RELATED_TO
238509,281714,"{'time': 4.841279999999999, 'inv_time': 0.2065569436182167}",RELATED_TO
238509,282820,"{'time': 4.841279999999999, 'inv_time': 0.2065569436182167}",RELATED_TO
238509,282502,"{'time': 4.841279999999999, 'inv_time': 0.2065569436182167}",RELATED_TO
238509,282456,"{'time': 4.841279999999999, 'inv_time': 0.2065569436182167}",RELATED_TO
238509,282403,"{'time': 4.841279999999999, 'inv_time': 0.2065569436182167}",RELATED_TO
238509,282298,"{'time': 4.841279999999999, 'inv_time': 0.2065569436182167}",RELATED_TO
238509,282879,"{'time': 4.841279999999999, 'inv_time': 0.2065569436182167}",RELATED_TO
238509,282611,"{'time': 4.841279999999999, 'inv_time': 0.2065569436182167}",RELATED_TO
238509,282662,"{'time': 4.841279999999999, 'inv_time': 0.2065569436182167}",RELATED_TO
238509,282351,"{'time': 4.841279999999999, 'inv_time': 0.2065569436182167}",RELATED_TO
238509,283163,"{'time': 9.682559999999999, 'inv_time': 0.10327847180910835}",RELATED_TO
238509,283115,"{'time': 14.52384, 'inv_time': 0.06885231453940556}",RELATED_TO
238509,283250,"{'time': 4.841279999999999, 'inv_time': 0.2065569436182167}",RELATED_TO
238509,283346,"{'time': 4.841279999999999, 'inv_time': 0.2065569436182167}",RELATED_TO
238509,283302,"{'time': 19.365119999999997, 'inv_time': 0.05163923590455417}",RELATED_TO
238509,283393,"{'time': 4.841279999999999, 'inv_time': 0.2065569436182167}",RELATED_TO
278386,240051,"{'time': 1.6655642200293137, 'inv_time': 0.6003971434871482}",RELATED_TO
278386,240097,"{'time': 1.6655642200293137, 'inv_time': 0.6003971434871482}",RELATED_TO
278386,240073,"{'time': 1.6655642200293137, 'inv_time': 0.6003971434871482}",RELATED_TO
278386,240063,"{'time': 1.6655642200293137, 'inv_time': 0.6003971434871482}",RELATED_TO
278386,240131,"{'time': 1.6655642200293137, 'inv_time': 0.6003971434871482}",RELATED_TO
278386,240153,"{'time': 1.6655642200293137, 'inv_time': 0.6003971434871482}",RELATED_TO
278386,240367,"{'time': 1.6655642200293137, 'inv_time': 0.6003971434871482}",RELATED_TO
278386,240389,"{'time': 1.6655642200293137, 'inv_time': 0.6003971434871482}",RELATED_TO
278386,240401,"{'time': 1.6655642200293137, 'inv_time': 0.6003971434871482}",RELATED_TO
278386,240377,"{'time': 1.6655642200293137, 'inv_time': 0.6003971434871482}",RELATED_TO
278386,240523,"{'time': 1.6655642200293137, 'inv_time': 0.6003971434871482}",RELATED_TO
278386,240535,"{'time': 1.6655642200293137, 'inv_time': 0.6003971434871482}",RELATED_TO
278386,240557,"{'time': 1.6655642200293137, 'inv_time': 0.6003971434871482}",RELATED_TO
278386,240603,"{'time': 1.6655642200293137, 'inv_time': 0.6003971434871482}",RELATED_TO
278386,240569,"{'time': 1.6655642200293137, 'inv_time': 0.6003971434871482}",RELATED_TO
278386,240613,"{'time': 1.6655642200293137, 'inv_time': 0.6003971434871482}",RELATED_TO
278386,240637,"{'time': 1.6655642200293137, 'inv_time': 0.6003971434871482}",RELATED_TO
278290,240051,"{'time': 1.6655642200293137, 'inv_time': 0.6003971434871482}",RELATED_TO
278290,240097,"{'time': 1.6655642200293137, 'inv_time': 0.6003971434871482}",RELATED_TO
278290,240073,"{'time': 1.6655642200293137, 'inv_time': 0.6003971434871482}",RELATED_TO
278290,240063,"{'time': 1.6655642200293137, 'inv_time': 0.6003971434871482}",RELATED_TO
278290,240131,"{'time': 1.6655642200293137, 'inv_time': 0.6003971434871482}",RELATED_TO
278290,240153,"{'time': 1.6655642200293137, 'inv_time': 0.6003971434871482}",RELATED_TO
278290,240367,"{'time': 1.6655642200293137, 'inv_time': 0.6003971434871482}",RELATED_TO
278290,240389,"{'time': 1.6655642200293137, 'inv_time': 0.6003971434871482}",RELATED_TO
278290,240401,"{'time': 1.6655642200293137, 'inv_time': 0.6003971434871482}",RELATED_TO
278290,240377,"{'time': 1.6655642200293137, 'inv_time': 0.6003971434871482}",RELATED_TO
278290,240523,"{'time': 1.6655642200293137, 'inv_time': 0.6003971434871482}",RELATED_TO
278290,240535,"{'time': 1.6655642200293137, 'inv_time': 0.6003971434871482}",RELATED_TO
278290,240557,"{'time': 1.6655642200293137, 'inv_time': 0.6003971434871482}",RELATED_TO
278290,240603,"{'time': 1.6655642200293137, 'inv_time': 0.6003971434871482}",RELATED_TO
278290,240569,"{'time': 1.6655642200293137, 'inv_time': 0.6003971434871482}",RELATED_TO
278290,240613,"{'time': 1.6655642200293137, 'inv_time': 0.6003971434871482}",RELATED_TO
278290,240637,"{'time': 1.6655642200293137, 'inv_time': 0.6003971434871482}",RELATED_TO
277912,240051,"{'time': 1.6655642200293137, 'inv_time': 0.6003971434871482}",RELATED_TO
277912,240097,"{'time': 1.6655642200293137, 'inv_time': 0.6003971434871482}",RELATED_TO
277912,240073,"{'time': 1.6655642200293137, 'inv_time': 0.6003971434871482}",RELATED_TO
277912,240063,"{'time': 1.6655642200293137, 'inv_time': 0.6003971434871482}",RELATED_TO
277912,240131,"{'time': 1.6655642200293137, 'inv_time': 0.6003971434871482}",RELATED_TO
277912,240153,"{'time': 1.6655642200293137, 'inv_time': 0.6003971434871482}",RELATED_TO
277912,240367,"{'time': 1.6655642200293137, 'inv_time': 0.6003971434871482}",RELATED_TO
277912,240389,"{'time': 1.6655642200293137, 'inv_time': 0.6003971434871482}",RELATED_TO
277912,240401,"{'time': 1.6655642200293137, 'inv_time': 0.6003971434871482}",RELATED_TO
277912,240377,"{'time': 1.6655642200293137, 'inv_time': 0.6003971434871482}",RELATED_TO
277912,240523,"{'time': 1.6655642200293137, 'inv_time': 0.6003971434871482}",RELATED_TO
277912,240535,"{'time': 1.6655642200293137, 'inv_time': 0.6003971434871482}",RELATED_TO
277912,240557,"{'time': 1.6655642200293137, 'inv_time': 0.6003971434871482}",RELATED_TO
277912,240603,"{'time': 1.6655642200293137, 'inv_time': 0.6003971434871482}",RELATED_TO
277912,240569,"{'time': 1.6655642200293137, 'inv_time': 0.6003971434871482}",RELATED_TO
277912,240613,"{'time': 1.6655642200293137, 'inv_time': 0.6003971434871482}",RELATED_TO
277912,240637,"{'time': 1.6655642200293137, 'inv_time': 0.6003971434871482}",RELATED_TO
278146,240051,"{'time': 1.6655642200293137, 'inv_time': 0.6003971434871482}",RELATED_TO
278146,240097,"{'time': 1.6655642200293137, 'inv_time': 0.6003971434871482}",RELATED_TO
278146,240073,"{'time': 1.6655642200293137, 'inv_time': 0.6003971434871482}",RELATED_TO
278146,240063,"{'time': 1.6655642200293137, 'inv_time': 0.6003971434871482}",RELATED_TO
278146,240131,"{'time': 1.6655642200293137, 'inv_time': 0.6003971434871482}",RELATED_TO
278146,240153,"{'time': 1.6655642200293137, 'inv_time': 0.6003971434871482}",RELATED_TO
278146,240367,"{'time': 1.6655642200293137, 'inv_time': 0.6003971434871482}",RELATED_TO
278146,240389,"{'time': 1.6655642200293137, 'inv_time': 0.6003971434871482}",RELATED_TO
278146,240401,"{'time': 1.6655642200293137, 'inv_time': 0.6003971434871482}",RELATED_TO
278146,240377,"{'time': 1.6655642200293137, 'inv_time': 0.6003971434871482}",RELATED_TO
278146,240523,"{'time': 1.6655642200293137, 'inv_time': 0.6003971434871482}",RELATED_TO
278146,240535,"{'time': 1.6655642200293137, 'inv_time': 0.6003971434871482}",RELATED_TO
278146,240557,"{'time': 1.6655642200293137, 'inv_time': 0.6003971434871482}",RELATED_TO
278146,240603,"{'time': 1.6655642200293137, 'inv_time': 0.6003971434871482}",RELATED_TO
278146,240569,"{'time': 1.6655642200293137, 'inv_time': 0.6003971434871482}",RELATED_TO
278146,240613,"{'time': 1.6655642200293137, 'inv_time': 0.6003971434871482}",RELATED_TO
278146,240637,"{'time': 1.6655642200293137, 'inv_time': 0.6003971434871482}",RELATED_TO
279018,240051,"{'time': 1.6655642200293137, 'inv_time': 0.6003971434871482}",RELATED_TO
279018,240097,"{'time': 1.6655642200293137, 'inv_time': 0.6003971434871482}",RELATED_TO
279018,240073,"{'time': 1.6655642200293137, 'inv_time': 0.6003971434871482}",RELATED_TO
279018,240063,"{'time': 1.6655642200293137, 'inv_time': 0.6003971434871482}",RELATED_TO
279018,240131,"{'time': 1.6655642200293137, 'inv_time': 0.6003971434871482}",RELATED_TO
279018,240153,"{'time': 1.6655642200293137, 'inv_time': 0.6003971434871482}",RELATED_TO
279018,240367,"{'time': 1.6655642200293137, 'inv_time': 0.6003971434871482}",RELATED_TO
279018,240389,"{'time': 1.6655642200293137, 'inv_time': 0.6003971434871482}",RELATED_TO
279018,240401,"{'time': 1.6655642200293137, 'inv_time': 0.6003971434871482}",RELATED_TO
279018,240377,"{'time': 1.6655642200293137, 'inv_time': 0.6003971434871482}",RELATED_TO
279018,240523,"{'time': 1.6655642200293137, 'inv_time': 0.6003971434871482}",RELATED_TO
279018,240535,"{'time': 1.6655642200293137, 'inv_time': 0.6003971434871482}",RELATED_TO
279018,240557,"{'time': 1.6655642200293137, 'inv_time': 0.6003971434871482}",RELATED_TO
279018,240603,"{'time': 1.6655642200293137, 'inv_time': 0.6003971434871482}",RELATED_TO
279018,240569,"{'time': 1.6655642200293137, 'inv_time': 0.6003971434871482}",RELATED_TO
279018,240613,"{'time': 1.6655642200293137, 'inv_time': 0.6003971434871482}",RELATED_TO
279018,240637,"{'time': 1.6655642200293137, 'inv_time': 0.6003971434871482}",RELATED_TO
278808,240051,"{'time': 1.6655642200293137, 'inv_time': 0.6003971434871482}",RELATED_TO
278808,240097,"{'time': 1.6655642200293137, 'inv_time': 0.6003971434871482}",RELATED_TO
278808,240073,"{'time': 1.6655642200293137, 'inv_time': 0.6003971434871482}",RELATED_TO
278808,240063,"{'time': 1.6655642200293137, 'inv_time': 0.6003971434871482}",RELATED_TO
278808,240131,"{'time': 1.6655642200293137, 'inv_time': 0.6003971434871482}",RELATED_TO
278808,240153,"{'time': 1.6655642200293137, 'inv_time': 0.6003971434871482}",RELATED_TO
278808,240367,"{'time': 1.6655642200293137, 'inv_time': 0.6003971434871482}",RELATED_TO
278808,240389,"{'time': 1.6655642200293137, 'inv_time': 0.6003971434871482}",RELATED_TO
278808,240401,"{'time': 1.6655642200293137, 'inv_time': 0.6003971434871482}",RELATED_TO
278808,240377,"{'time': 1.6655642200293137, 'inv_time': 0.6003971434871482}",RELATED_TO
278808,240523,"{'time': 1.6655642200293137, 'inv_time': 0.6003971434871482}",RELATED_TO
278808,240535,"{'time': 1.6655642200293137, 'inv_time': 0.6003971434871482}",RELATED_TO
278808,240557,"{'time': 1.6655642200293137, 'inv_time': 0.6003971434871482}",RELATED_TO
278808,240603,"{'time': 1.6655642200293137, 'inv_time': 0.6003971434871482}",RELATED_TO
278808,240569,"{'time': 1.6655642200293137, 'inv_time': 0.6003971434871482}",RELATED_TO
278808,240613,"{'time': 1.6655642200293137, 'inv_time': 0.6003971434871482}",RELATED_TO
278808,240637,"{'time': 1.6655642200293137, 'inv_time': 0.6003971434871482}",RELATED_TO
280058,240051,"{'time': 1.6655642200293137, 'inv_time': 0.6003971434871482}",RELATED_TO
280058,240097,"{'time': 1.6655642200293137, 'inv_time': 0.6003971434871482}",RELATED_TO
280058,240073,"{'time': 1.6655642200293137, 'inv_time': 0.6003971434871482}",RELATED_TO
280058,240063,"{'time': 1.6655642200293137, 'inv_time': 0.6003971434871482}",RELATED_TO
280058,240131,"{'time': 1.6655642200293137, 'inv_time': 0.6003971434871482}",RELATED_TO
280058,240153,"{'time': 1.6655642200293137, 'inv_time': 0.6003971434871482}",RELATED_TO
280058,240367,"{'time': 1.6655642200293137, 'inv_time': 0.6003971434871482}",RELATED_TO
280058,240389,"{'time': 1.6655642200293137, 'inv_time': 0.6003971434871482}",RELATED_TO
280058,240401,"{'time': 1.6655642200293137, 'inv_time': 0.6003971434871482}",RELATED_TO
280058,240377,"{'time': 1.6655642200293137, 'inv_time': 0.6003971434871482}",RELATED_TO
280058,240523,"{'time': 1.6655642200293137, 'inv_time': 0.6003971434871482}",RELATED_TO
280058,240535,"{'time': 1.6655642200293137, 'inv_time': 0.6003971434871482}",RELATED_TO
280058,240557,"{'time': 1.6655642200293137, 'inv_time': 0.6003971434871482}",RELATED_TO
280058,240603,"{'time': 1.6655642200293137, 'inv_time': 0.6003971434871482}",RELATED_TO
280058,240569,"{'time': 1.6655642200293137, 'inv_time': 0.6003971434871482}",RELATED_TO
280058,240613,"{'time': 1.6655642200293137, 'inv_time': 0.6003971434871482}",RELATED_TO
280058,240637,"{'time': 1.6655642200293137, 'inv_time': 0.6003971434871482}",RELATED_TO
279476,240051,"{'time': 1.6655642200293137, 'inv_time': 0.6003971434871482}",RELATED_TO
279476,240097,"{'time': 1.6655642200293137, 'inv_time': 0.6003971434871482}",RELATED_TO
279476,240073,"{'time': 1.6655642200293137, 'inv_time': 0.6003971434871482}",RELATED_TO
279476,240063,"{'time': 1.6655642200293137, 'inv_time': 0.6003971434871482}",RELATED_TO
279476,240131,"{'time': 1.6655642200293137, 'inv_time': 0.6003971434871482}",RELATED_TO
279476,240153,"{'time': 1.6655642200293137, 'inv_time': 0.6003971434871482}",RELATED_TO
279476,240367,"{'time': 1.6655642200293137, 'inv_time': 0.6003971434871482}",RELATED_TO
279476,240389,"{'time': 1.6655642200293137, 'inv_time': 0.6003971434871482}",RELATED_TO
279476,240401,"{'time': 1.6655642200293137, 'inv_time': 0.6003971434871482}",RELATED_TO
279476,240377,"{'time': 1.6655642200293137, 'inv_time': 0.6003971434871482}",RELATED_TO
279476,240523,"{'time': 1.6655642200293137, 'inv_time': 0.6003971434871482}",RELATED_TO
279476,240535,"{'time': 1.6655642200293137, 'inv_time': 0.6003971434871482}",RELATED_TO
279476,240557,"{'time': 1.6655642200293137, 'inv_time': 0.6003971434871482}",RELATED_TO
279476,240603,"{'time': 1.6655642200293137, 'inv_time': 0.6003971434871482}",RELATED_TO
279476,240569,"{'time': 1.6655642200293137, 'inv_time': 0.6003971434871482}",RELATED_TO
279476,240613,"{'time': 1.6655642200293137, 'inv_time': 0.6003971434871482}",RELATED_TO
279476,240637,"{'time': 1.6655642200293137, 'inv_time': 0.6003971434871482}",RELATED_TO
280776,240051,"{'time': 1.6655642200293137, 'inv_time': 0.6003971434871482}",RELATED_TO
280776,240097,"{'time': 1.6655642200293137, 'inv_time': 0.6003971434871482}",RELATED_TO
280776,240073,"{'time': 1.6655642200293137, 'inv_time': 0.6003971434871482}",RELATED_TO
280776,240063,"{'time': 1.6655642200293137, 'inv_time': 0.6003971434871482}",RELATED_TO
280776,240131,"{'time': 1.6655642200293137, 'inv_time': 0.6003971434871482}",RELATED_TO
280776,240153,"{'time': 1.6655642200293137, 'inv_time': 0.6003971434871482}",RELATED_TO
280776,240367,"{'time': 1.6655642200293137, 'inv_time': 0.6003971434871482}",RELATED_TO
280776,240389,"{'time': 1.6655642200293137, 'inv_time': 0.6003971434871482}",RELATED_TO
280776,240401,"{'time': 1.6655642200293137, 'inv_time': 0.6003971434871482}",RELATED_TO
280776,240377,"{'time': 1.6655642200293137, 'inv_time': 0.6003971434871482}",RELATED_TO
280776,240523,"{'time': 1.6655642200293137, 'inv_time': 0.6003971434871482}",RELATED_TO
280776,240535,"{'time': 1.6655642200293137, 'inv_time': 0.6003971434871482}",RELATED_TO
280776,240557,"{'time': 1.6655642200293137, 'inv_time': 0.6003971434871482}",RELATED_TO
280776,240603,"{'time': 1.6655642200293137, 'inv_time': 0.6003971434871482}",RELATED_TO
280776,240569,"{'time': 1.6655642200293137, 'inv_time': 0.6003971434871482}",RELATED_TO
280776,240613,"{'time': 1.6655642200293137, 'inv_time': 0.6003971434871482}",RELATED_TO
280776,240637,"{'time': 1.6655642200293137, 'inv_time': 0.6003971434871482}",RELATED_TO
280868,240051,"{'time': 1.6655642200293137, 'inv_time': 0.6003971434871482}",RELATED_TO
280868,240097,"{'time': 1.6655642200293137, 'inv_time': 0.6003971434871482}",RELATED_TO
280868,240073,"{'time': 1.6655642200293137, 'inv_time': 0.6003971434871482}",RELATED_TO
280868,240063,"{'time': 1.6655642200293137, 'inv_time': 0.6003971434871482}",RELATED_TO
280868,240131,"{'time': 1.6655642200293137, 'inv_time': 0.6003971434871482}",RELATED_TO
280868,240153,"{'time': 1.6655642200293137, 'inv_time': 0.6003971434871482}",RELATED_TO
280868,240367,"{'time': 1.6655642200293137, 'inv_time': 0.6003971434871482}",RELATED_TO
280868,240389,"{'time': 1.6655642200293137, 'inv_time': 0.6003971434871482}",RELATED_TO
280868,240401,"{'time': 1.6655642200293137, 'inv_time': 0.6003971434871482}",RELATED_TO
280868,240377,"{'time': 1.6655642200293137, 'inv_time': 0.6003971434871482}",RELATED_TO
280868,240523,"{'time': 1.6655642200293137, 'inv_time': 0.6003971434871482}",RELATED_TO
280868,240535,"{'time': 1.6655642200293137, 'inv_time': 0.6003971434871482}",RELATED_TO
280868,240557,"{'time': 1.6655642200293137, 'inv_time': 0.6003971434871482}",RELATED_TO
280868,240603,"{'time': 1.6655642200293137, 'inv_time': 0.6003971434871482}",RELATED_TO
280868,240569,"{'time': 1.6655642200293137, 'inv_time': 0.6003971434871482}",RELATED_TO
280868,240613,"{'time': 1.6655642200293137, 'inv_time': 0.6003971434871482}",RELATED_TO
280868,240637,"{'time': 1.6655642200293137, 'inv_time': 0.6003971434871482}",RELATED_TO
280558,240051,"{'time': 1.6655642200293137, 'inv_time': 0.6003971434871482}",RELATED_TO
280558,240097,"{'time': 1.6655642200293137, 'inv_time': 0.6003971434871482}",RELATED_TO
280558,240073,"{'time': 1.6655642200293137, 'inv_time': 0.6003971434871482}",RELATED_TO
280558,240063,"{'time': 1.6655642200293137, 'inv_time': 0.6003971434871482}",RELATED_TO
280558,240131,"{'time': 1.6655642200293137, 'inv_time': 0.6003971434871482}",RELATED_TO
280558,240153,"{'time': 1.6655642200293137, 'inv_time': 0.6003971434871482}",RELATED_TO
280558,240367,"{'time': 1.6655642200293137, 'inv_time': 0.6003971434871482}",RELATED_TO
280558,240389,"{'time': 1.6655642200293137, 'inv_time': 0.6003971434871482}",RELATED_TO
280558,240401,"{'time': 1.6655642200293137, 'inv_time': 0.6003971434871482}",RELATED_TO
280558,240377,"{'time': 1.6655642200293137, 'inv_time': 0.6003971434871482}",RELATED_TO
280558,240523,"{'time': 1.6655642200293137, 'inv_time': 0.6003971434871482}",RELATED_TO
280558,240535,"{'time': 1.6655642200293137, 'inv_time': 0.6003971434871482}",RELATED_TO
280558,240557,"{'time': 1.6655642200293137, 'inv_time': 0.6003971434871482}",RELATED_TO
280558,240603,"{'time': 1.6655642200293137, 'inv_time': 0.6003971434871482}",RELATED_TO
280558,240569,"{'time': 1.6655642200293137, 'inv_time': 0.6003971434871482}",RELATED_TO
280558,240613,"{'time': 1.6655642200293137, 'inv_time': 0.6003971434871482}",RELATED_TO
280558,240637,"{'time': 1.6655642200293137, 'inv_time': 0.6003971434871482}",RELATED_TO
280136,240051,"{'time': 1.6655642200293137, 'inv_time': 0.6003971434871482}",RELATED_TO
280136,240097,"{'time': 1.6655642200293137, 'inv_time': 0.6003971434871482}",RELATED_TO
280136,240073,"{'time': 1.6655642200293137, 'inv_time': 0.6003971434871482}",RELATED_TO
280136,240063,"{'time': 1.6655642200293137, 'inv_time': 0.6003971434871482}",RELATED_TO
280136,240131,"{'time': 1.6655642200293137, 'inv_time': 0.6003971434871482}",RELATED_TO
280136,240153,"{'time': 1.6655642200293137, 'inv_time': 0.6003971434871482}",RELATED_TO
280136,240367,"{'time': 1.6655642200293137, 'inv_time': 0.6003971434871482}",RELATED_TO
280136,240389,"{'time': 1.6655642200293137, 'inv_time': 0.6003971434871482}",RELATED_TO
280136,240401,"{'time': 1.6655642200293137, 'inv_time': 0.6003971434871482}",RELATED_TO
280136,240377,"{'time': 1.6655642200293137, 'inv_time': 0.6003971434871482}",RELATED_TO
280136,240523,"{'time': 1.6655642200293137, 'inv_time': 0.6003971434871482}",RELATED_TO
280136,240535,"{'time': 1.6655642200293137, 'inv_time': 0.6003971434871482}",RELATED_TO
280136,240557,"{'time': 1.6655642200293137, 'inv_time': 0.6003971434871482}",RELATED_TO
280136,240603,"{'time': 1.6655642200293137, 'inv_time': 0.6003971434871482}",RELATED_TO
280136,240569,"{'time': 1.6655642200293137, 'inv_time': 0.6003971434871482}",RELATED_TO
280136,240613,"{'time': 1.6655642200293137, 'inv_time': 0.6003971434871482}",RELATED_TO
280136,240637,"{'time': 1.6655642200293137, 'inv_time': 0.6003971434871482}",RELATED_TO
280926,240051,"{'time': 1.6655642200293137, 'inv_time': 0.6003971434871482}",RELATED_TO
280926,240097,"{'time': 1.6655642200293137, 'inv_time': 0.6003971434871482}",RELATED_TO
280926,240073,"{'time': 1.6655642200293137, 'inv_time': 0.6003971434871482}",RELATED_TO
280926,240063,"{'time': 1.6655642200293137, 'inv_time': 0.6003971434871482}",RELATED_TO
280926,240131,"{'time': 1.6655642200293137, 'inv_time': 0.6003971434871482}",RELATED_TO
280926,240153,"{'time': 1.6655642200293137, 'inv_time': 0.6003971434871482}",RELATED_TO
280926,240367,"{'time': 1.6655642200293137, 'inv_time': 0.6003971434871482}",RELATED_TO
280926,240389,"{'time': 1.6655642200293137, 'inv_time': 0.6003971434871482}",RELATED_TO
280926,240401,"{'time': 1.6655642200293137, 'inv_time': 0.6003971434871482}",RELATED_TO
280926,240377,"{'time': 1.6655642200293137, 'inv_time': 0.6003971434871482}",RELATED_TO
280926,240523,"{'time': 1.6655642200293137, 'inv_time': 0.6003971434871482}",RELATED_TO
280926,240535,"{'time': 1.6655642200293137, 'inv_time': 0.6003971434871482}",RELATED_TO
280926,240557,"{'time': 1.6655642200293137, 'inv_time': 0.6003971434871482}",RELATED_TO
280926,240603,"{'time': 1.6655642200293137, 'inv_time': 0.6003971434871482}",RELATED_TO
280926,240569,"{'time': 1.6655642200293137, 'inv_time': 0.6003971434871482}",RELATED_TO
280926,240613,"{'time': 1.6655642200293137, 'inv_time': 0.6003971434871482}",RELATED_TO
280926,240637,"{'time': 1.6655642200293137, 'inv_time': 0.6003971434871482}",RELATED_TO
281130,240051,"{'time': 1.6655642200293137, 'inv_time': 0.6003971434871482}",RELATED_TO
281130,240097,"{'time': 1.6655642200293137, 'inv_time': 0.6003971434871482}",RELATED_TO
281130,240073,"{'time': 1.6655642200293137, 'inv_time': 0.6003971434871482}",RELATED_TO
281130,240063,"{'time': 1.6655642200293137, 'inv_time': 0.6003971434871482}",RELATED_TO
281130,240131,"{'time': 1.6655642200293137, 'inv_time': 0.6003971434871482}",RELATED_TO
281130,240153,"{'time': 1.6655642200293137, 'inv_time': 0.6003971434871482}",RELATED_TO
281130,240367,"{'time': 1.6655642200293137, 'inv_time': 0.6003971434871482}",RELATED_TO
281130,240389,"{'time': 1.6655642200293137, 'inv_time': 0.6003971434871482}",RELATED_TO
281130,240401,"{'time': 1.6655642200293137, 'inv_time': 0.6003971434871482}",RELATED_TO
281130,240377,"{'time': 1.6655642200293137, 'inv_time': 0.6003971434871482}",RELATED_TO
281130,240523,"{'time': 1.6655642200293137, 'inv_time': 0.6003971434871482}",RELATED_TO
281130,240535,"{'time': 1.6655642200293137, 'inv_time': 0.6003971434871482}",RELATED_TO
281130,240557,"{'time': 1.6655642200293137, 'inv_time': 0.6003971434871482}",RELATED_TO
281130,240603,"{'time': 1.6655642200293137, 'inv_time': 0.6003971434871482}",RELATED_TO
281130,240569,"{'time': 1.6655642200293137, 'inv_time': 0.6003971434871482}",RELATED_TO
281130,240613,"{'time': 1.6655642200293137, 'inv_time': 0.6003971434871482}",RELATED_TO
281130,240637,"{'time': 1.6655642200293137, 'inv_time': 0.6003971434871482}",RELATED_TO
280208,240051,"{'time': 1.6655642200293137, 'inv_time': 0.6003971434871482}",RELATED_TO
280208,240097,"{'time': 1.6655642200293137, 'inv_time': 0.6003971434871482}",RELATED_TO
280208,240073,"{'time': 1.6655642200293137, 'inv_time': 0.6003971434871482}",RELATED_TO
280208,240063,"{'time': 1.6655642200293137, 'inv_time': 0.6003971434871482}",RELATED_TO
280208,240131,"{'time': 1.6655642200293137, 'inv_time': 0.6003971434871482}",RELATED_TO
280208,240153,"{'time': 1.6655642200293137, 'inv_time': 0.6003971434871482}",RELATED_TO
280208,240367,"{'time': 1.6655642200293137, 'inv_time': 0.6003971434871482}",RELATED_TO
280208,240389,"{'time': 1.6655642200293137, 'inv_time': 0.6003971434871482}",RELATED_TO
280208,240401,"{'time': 1.6655642200293137, 'inv_time': 0.6003971434871482}",RELATED_TO
280208,240377,"{'time': 1.6655642200293137, 'inv_time': 0.6003971434871482}",RELATED_TO
280208,240523,"{'time': 1.6655642200293137, 'inv_time': 0.6003971434871482}",RELATED_TO
280208,240535,"{'time': 1.6655642200293137, 'inv_time': 0.6003971434871482}",RELATED_TO
280208,240557,"{'time': 1.6655642200293137, 'inv_time': 0.6003971434871482}",RELATED_TO
280208,240603,"{'time': 1.6655642200293137, 'inv_time': 0.6003971434871482}",RELATED_TO
280208,240569,"{'time': 1.6655642200293137, 'inv_time': 0.6003971434871482}",RELATED_TO
280208,240613,"{'time': 1.6655642200293137, 'inv_time': 0.6003971434871482}",RELATED_TO
280208,240637,"{'time': 1.6655642200293137, 'inv_time': 0.6003971434871482}",RELATED_TO
281262,240051,"{'time': 1.6655642200293137, 'inv_time': 0.6003971434871482}",RELATED_TO
281262,240097,"{'time': 1.6655642200293137, 'inv_time': 0.6003971434871482}",RELATED_TO
281262,240073,"{'time': 1.6655642200293137, 'inv_time': 0.6003971434871482}",RELATED_TO
281262,240063,"{'time': 1.6655642200293137, 'inv_time': 0.6003971434871482}",RELATED_TO
281262,240131,"{'time': 1.6655642200293137, 'inv_time': 0.6003971434871482}",RELATED_TO
281262,240153,"{'time': 1.6655642200293137, 'inv_time': 0.6003971434871482}",RELATED_TO
281262,240367,"{'time': 1.6655642200293137, 'inv_time': 0.6003971434871482}",RELATED_TO
281262,240389,"{'time': 1.6655642200293137, 'inv_time': 0.6003971434871482}",RELATED_TO
281262,240401,"{'time': 1.6655642200293137, 'inv_time': 0.6003971434871482}",RELATED_TO
281262,240377,"{'time': 1.6655642200293137, 'inv_time': 0.6003971434871482}",RELATED_TO
281262,240523,"{'time': 1.6655642200293137, 'inv_time': 0.6003971434871482}",RELATED_TO
281262,240535,"{'time': 1.6655642200293137, 'inv_time': 0.6003971434871482}",RELATED_TO
281262,240557,"{'time': 1.6655642200293137, 'inv_time': 0.6003971434871482}",RELATED_TO
281262,240603,"{'time': 1.6655642200293137, 'inv_time': 0.6003971434871482}",RELATED_TO
281262,240569,"{'time': 1.6655642200293137, 'inv_time': 0.6003971434871482}",RELATED_TO
281262,240613,"{'time': 1.6655642200293137, 'inv_time': 0.6003971434871482}",RELATED_TO
281262,240637,"{'time': 1.6655642200293137, 'inv_time': 0.6003971434871482}",RELATED_TO
281199,240051,"{'time': 1.6655642200293137, 'inv_time': 0.6003971434871482}",RELATED_TO
281199,240097,"{'time': 1.6655642200293137, 'inv_time': 0.6003971434871482}",RELATED_TO
281199,240073,"{'time': 1.6655642200293137, 'inv_time': 0.6003971434871482}",RELATED_TO
281199,240063,"{'time': 1.6655642200293137, 'inv_time': 0.6003971434871482}",RELATED_TO
281199,240131,"{'time': 1.6655642200293137, 'inv_time': 0.6003971434871482}",RELATED_TO
281199,240153,"{'time': 1.6655642200293137, 'inv_time': 0.6003971434871482}",RELATED_TO
281199,240367,"{'time': 1.6655642200293137, 'inv_time': 0.6003971434871482}",RELATED_TO
281199,240389,"{'time': 1.6655642200293137, 'inv_time': 0.6003971434871482}",RELATED_TO
281199,240401,"{'time': 1.6655642200293137, 'inv_time': 0.6003971434871482}",RELATED_TO
281199,240377,"{'time': 1.6655642200293137, 'inv_time': 0.6003971434871482}",RELATED_TO
281199,240523,"{'time': 1.6655642200293137, 'inv_time': 0.6003971434871482}",RELATED_TO
281199,240535,"{'time': 1.6655642200293137, 'inv_time': 0.6003971434871482}",RELATED_TO
281199,240557,"{'time': 1.6655642200293137, 'inv_time': 0.6003971434871482}",RELATED_TO
281199,240603,"{'time': 1.6655642200293137, 'inv_time': 0.6003971434871482}",RELATED_TO
281199,240569,"{'time': 1.6655642200293137, 'inv_time': 0.6003971434871482}",RELATED_TO
281199,240613,"{'time': 1.6655642200293137, 'inv_time': 0.6003971434871482}",RELATED_TO
281199,240637,"{'time': 1.6655642200293137, 'inv_time': 0.6003971434871482}",RELATED_TO
279964,240051,"{'time': 1.6655642200293137, 'inv_time': 0.6003971434871482}",RELATED_TO
279964,240097,"{'time': 1.6655642200293137, 'inv_time': 0.6003971434871482}",RELATED_TO
279964,240073,"{'time': 1.6655642200293137, 'inv_time': 0.6003971434871482}",RELATED_TO
279964,240063,"{'time': 1.6655642200293137, 'inv_time': 0.6003971434871482}",RELATED_TO
279964,240131,"{'time': 1.6655642200293137, 'inv_time': 0.6003971434871482}",RELATED_TO
279964,240153,"{'time': 1.6655642200293137, 'inv_time': 0.6003971434871482}",RELATED_TO
279964,240367,"{'time': 1.6655642200293137, 'inv_time': 0.6003971434871482}",RELATED_TO
279964,240389,"{'time': 1.6655642200293137, 'inv_time': 0.6003971434871482}",RELATED_TO
279964,240401,"{'time': 1.6655642200293137, 'inv_time': 0.6003971434871482}",RELATED_TO
279964,240377,"{'time': 1.6655642200293137, 'inv_time': 0.6003971434871482}",RELATED_TO
279964,240523,"{'time': 1.6655642200293137, 'inv_time': 0.6003971434871482}",RELATED_TO
279964,240535,"{'time': 1.6655642200293137, 'inv_time': 0.6003971434871482}",RELATED_TO
279964,240557,"{'time': 1.6655642200293137, 'inv_time': 0.6003971434871482}",RELATED_TO
279964,240603,"{'time': 1.6655642200293137, 'inv_time': 0.6003971434871482}",RELATED_TO
279964,240569,"{'time': 1.6655642200293137, 'inv_time': 0.6003971434871482}",RELATED_TO
279964,240613,"{'time': 1.6655642200293137, 'inv_time': 0.6003971434871482}",RELATED_TO
279964,240637,"{'time': 1.6655642200293137, 'inv_time': 0.6003971434871482}",RELATED_TO
280997,240051,"{'time': 1.6655642200293137, 'inv_time': 0.6003971434871482}",RELATED_TO
280997,240097,"{'time': 1.6655642200293137, 'inv_time': 0.6003971434871482}",RELATED_TO
280997,240073,"{'time': 1.6655642200293137, 'inv_time': 0.6003971434871482}",RELATED_TO
280997,240063,"{'time': 1.6655642200293137, 'inv_time': 0.6003971434871482}",RELATED_TO
280997,240131,"{'time': 1.6655642200293137, 'inv_time': 0.6003971434871482}",RELATED_TO
280997,240153,"{'time': 1.6655642200293137, 'inv_time': 0.6003971434871482}",RELATED_TO
280997,240367,"{'time': 1.6655642200293137, 'inv_time': 0.6003971434871482}",RELATED_TO
280997,240389,"{'time': 1.6655642200293137, 'inv_time': 0.6003971434871482}",RELATED_TO
280997,240401,"{'time': 1.6655642200293137, 'inv_time': 0.6003971434871482}",RELATED_TO
280997,240377,"{'time': 1.6655642200293137, 'inv_time': 0.6003971434871482}",RELATED_TO
280997,240523,"{'time': 1.6655642200293137, 'inv_time': 0.6003971434871482}",RELATED_TO
280997,240535,"{'time': 1.6655642200293137, 'inv_time': 0.6003971434871482}",RELATED_TO
280997,240557,"{'time': 1.6655642200293137, 'inv_time': 0.6003971434871482}",RELATED_TO
280997,240603,"{'time': 1.6655642200293137, 'inv_time': 0.6003971434871482}",RELATED_TO
280997,240569,"{'time': 1.6655642200293137, 'inv_time': 0.6003971434871482}",RELATED_TO
280997,240613,"{'time': 1.6655642200293137, 'inv_time': 0.6003971434871482}",RELATED_TO
280997,240637,"{'time': 1.6655642200293137, 'inv_time': 0.6003971434871482}",RELATED_TO
281714,240051,"{'time': 1.6655642200293137, 'inv_time': 0.6003971434871482}",RELATED_TO
281714,240097,"{'time': 1.6655642200293137, 'inv_time': 0.6003971434871482}",RELATED_TO
281714,240073,"{'time': 1.6655642200293137, 'inv_time': 0.6003971434871482}",RELATED_TO
281714,240063,"{'time': 1.6655642200293137, 'inv_time': 0.6003971434871482}",RELATED_TO
281714,240131,"{'time': 1.6655642200293137, 'inv_time': 0.6003971434871482}",RELATED_TO
281714,240153,"{'time': 1.6655642200293137, 'inv_time': 0.6003971434871482}",RELATED_TO
281714,240367,"{'time': 1.6655642200293137, 'inv_time': 0.6003971434871482}",RELATED_TO
281714,240389,"{'time': 1.6655642200293137, 'inv_time': 0.6003971434871482}",RELATED_TO
281714,240401,"{'time': 1.6655642200293137, 'inv_time': 0.6003971434871482}",RELATED_TO
281714,240377,"{'time': 1.6655642200293137, 'inv_time': 0.6003971434871482}",RELATED_TO
281714,240523,"{'time': 1.6655642200293137, 'inv_time': 0.6003971434871482}",RELATED_TO
281714,240535,"{'time': 1.6655642200293137, 'inv_time': 0.6003971434871482}",RELATED_TO
281714,240557,"{'time': 1.6655642200293137, 'inv_time': 0.6003971434871482}",RELATED_TO
281714,240603,"{'time': 1.6655642200293137, 'inv_time': 0.6003971434871482}",RELATED_TO
281714,240569,"{'time': 1.6655642200293137, 'inv_time': 0.6003971434871482}",RELATED_TO
281714,240613,"{'time': 1.6655642200293137, 'inv_time': 0.6003971434871482}",RELATED_TO
281714,240637,"{'time': 1.6655642200293137, 'inv_time': 0.6003971434871482}",RELATED_TO
282820,240051,"{'time': 1.6655642200293137, 'inv_time': 0.6003971434871482}",RELATED_TO
282820,240097,"{'time': 1.6655642200293137, 'inv_time': 0.6003971434871482}",RELATED_TO
282820,240073,"{'time': 1.6655642200293137, 'inv_time': 0.6003971434871482}",RELATED_TO
282820,240063,"{'time': 1.6655642200293137, 'inv_time': 0.6003971434871482}",RELATED_TO
282820,240131,"{'time': 1.6655642200293137, 'inv_time': 0.6003971434871482}",RELATED_TO
282820,240153,"{'time': 1.6655642200293137, 'inv_time': 0.6003971434871482}",RELATED_TO
282820,240367,"{'time': 1.6655642200293137, 'inv_time': 0.6003971434871482}",RELATED_TO
282820,240389,"{'time': 1.6655642200293137, 'inv_time': 0.6003971434871482}",RELATED_TO
282820,240401,"{'time': 1.6655642200293137, 'inv_time': 0.6003971434871482}",RELATED_TO
282820,240377,"{'time': 1.6655642200293137, 'inv_time': 0.6003971434871482}",RELATED_TO
282820,240523,"{'time': 1.6655642200293137, 'inv_time': 0.6003971434871482}",RELATED_TO
282820,240535,"{'time': 1.6655642200293137, 'inv_time': 0.6003971434871482}",RELATED_TO
282820,240557,"{'time': 1.6655642200293137, 'inv_time': 0.6003971434871482}",RELATED_TO
282820,240603,"{'time': 1.6655642200293137, 'inv_time': 0.6003971434871482}",RELATED_TO
282820,240569,"{'time': 1.6655642200293137, 'inv_time': 0.6003971434871482}",RELATED_TO
282820,240613,"{'time': 1.6655642200293137, 'inv_time': 0.6003971434871482}",RELATED_TO
282820,240637,"{'time': 1.6655642200293137, 'inv_time': 0.6003971434871482}",RELATED_TO
282502,240051,"{'time': 1.6655642200293137, 'inv_time': 0.6003971434871482}",RELATED_TO
282502,240097,"{'time': 1.6655642200293137, 'inv_time': 0.6003971434871482}",RELATED_TO
282502,240073,"{'time': 1.6655642200293137, 'inv_time': 0.6003971434871482}",RELATED_TO
282502,240063,"{'time': 1.6655642200293137, 'inv_time': 0.6003971434871482}",RELATED_TO
282502,240131,"{'time': 1.6655642200293137, 'inv_time': 0.6003971434871482}",RELATED_TO
282502,240153,"{'time': 1.6655642200293137, 'inv_time': 0.6003971434871482}",RELATED_TO
282502,240367,"{'time': 1.6655642200293137, 'inv_time': 0.6003971434871482}",RELATED_TO
282502,240389,"{'time': 1.6655642200293137, 'inv_time': 0.6003971434871482}",RELATED_TO
282502,240401,"{'time': 1.6655642200293137, 'inv_time': 0.6003971434871482}",RELATED_TO
282502,240377,"{'time': 1.6655642200293137, 'inv_time': 0.6003971434871482}",RELATED_TO
282502,240523,"{'time': 1.6655642200293137, 'inv_time': 0.6003971434871482}",RELATED_TO
282502,240535,"{'time': 1.6655642200293137, 'inv_time': 0.6003971434871482}",RELATED_TO
282502,240557,"{'time': 1.6655642200293137, 'inv_time': 0.6003971434871482}",RELATED_TO
282502,240603,"{'time': 1.6655642200293137, 'inv_time': 0.6003971434871482}",RELATED_TO
282502,240569,"{'time': 1.6655642200293137, 'inv_time': 0.6003971434871482}",RELATED_TO
282502,240613,"{'time': 1.6655642200293137, 'inv_time': 0.6003971434871482}",RELATED_TO
282502,240637,"{'time': 1.6655642200293137, 'inv_time': 0.6003971434871482}",RELATED_TO
282456,240051,"{'time': 1.6655642200293137, 'inv_time': 0.6003971434871482}",RELATED_TO
282456,240097,"{'time': 1.6655642200293137, 'inv_time': 0.6003971434871482}",RELATED_TO
282456,240073,"{'time': 1.6655642200293137, 'inv_time': 0.6003971434871482}",RELATED_TO
282456,240063,"{'time': 1.6655642200293137, 'inv_time': 0.6003971434871482}",RELATED_TO
282456,240131,"{'time': 1.6655642200293137, 'inv_time': 0.6003971434871482}",RELATED_TO
282456,240153,"{'time': 1.6655642200293137, 'inv_time': 0.6003971434871482}",RELATED_TO
282456,240367,"{'time': 1.6655642200293137, 'inv_time': 0.6003971434871482}",RELATED_TO
282456,240389,"{'time': 1.6655642200293137, 'inv_time': 0.6003971434871482}",RELATED_TO
282456,240401,"{'time': 1.6655642200293137, 'inv_time': 0.6003971434871482}",RELATED_TO
282456,240377,"{'time': 1.6655642200293137, 'inv_time': 0.6003971434871482}",RELATED_TO
282456,240523,"{'time': 1.6655642200293137, 'inv_time': 0.6003971434871482}",RELATED_TO
282456,240535,"{'time': 1.6655642200293137, 'inv_time': 0.6003971434871482}",RELATED_TO
282456,240557,"{'time': 1.6655642200293137, 'inv_time': 0.6003971434871482}",RELATED_TO
282456,240603,"{'time': 1.6655642200293137, 'inv_time': 0.6003971434871482}",RELATED_TO
282456,240569,"{'time': 1.6655642200293137, 'inv_time': 0.6003971434871482}",RELATED_TO
282456,240613,"{'time': 1.6655642200293137, 'inv_time': 0.6003971434871482}",RELATED_TO
282456,240637,"{'time': 1.6655642200293137, 'inv_time': 0.6003971434871482}",RELATED_TO
282403,240051,"{'time': 1.6655642200293137, 'inv_time': 0.6003971434871482}",RELATED_TO
282403,240097,"{'time': 1.6655642200293137, 'inv_time': 0.6003971434871482}",RELATED_TO
282403,240073,"{'time': 1.6655642200293137, 'inv_time': 0.6003971434871482}",RELATED_TO
282403,240063,"{'time': 1.6655642200293137, 'inv_time': 0.6003971434871482}",RELATED_TO
282403,240131,"{'time': 1.6655642200293137, 'inv_time': 0.6003971434871482}",RELATED_TO
282403,240153,"{'time': 1.6655642200293137, 'inv_time': 0.6003971434871482}",RELATED_TO
282403,240367,"{'time': 1.6655642200293137, 'inv_time': 0.6003971434871482}",RELATED_TO
282403,240389,"{'time': 1.6655642200293137, 'inv_time': 0.6003971434871482}",RELATED_TO
282403,240401,"{'time': 1.6655642200293137, 'inv_time': 0.6003971434871482}",RELATED_TO
282403,240377,"{'time': 1.6655642200293137, 'inv_time': 0.6003971434871482}",RELATED_TO
282403,240523,"{'time': 1.6655642200293137, 'inv_time': 0.6003971434871482}",RELATED_TO
282403,240535,"{'time': 1.6655642200293137, 'inv_time': 0.6003971434871482}",RELATED_TO
282403,240557,"{'time': 1.6655642200293137, 'inv_time': 0.6003971434871482}",RELATED_TO
282403,240603,"{'time': 1.6655642200293137, 'inv_time': 0.6003971434871482}",RELATED_TO
282403,240569,"{'time': 1.6655642200293137, 'inv_time': 0.6003971434871482}",RELATED_TO
282403,240613,"{'time': 1.6655642200293137, 'inv_time': 0.6003971434871482}",RELATED_TO
282403,240637,"{'time': 1.6655642200293137, 'inv_time': 0.6003971434871482}",RELATED_TO
282298,240051,"{'time': 1.6655642200293137, 'inv_time': 0.6003971434871482}",RELATED_TO
282298,240097,"{'time': 1.6655642200293137, 'inv_time': 0.6003971434871482}",RELATED_TO
282298,240073,"{'time': 1.6655642200293137, 'inv_time': 0.6003971434871482}",RELATED_TO
282298,240063,"{'time': 1.6655642200293137, 'inv_time': 0.6003971434871482}",RELATED_TO
282298,240131,"{'time': 1.6655642200293137, 'inv_time': 0.6003971434871482}",RELATED_TO
282298,240153,"{'time': 1.6655642200293137, 'inv_time': 0.6003971434871482}",RELATED_TO
282298,240367,"{'time': 1.6655642200293137, 'inv_time': 0.6003971434871482}",RELATED_TO
282298,240389,"{'time': 1.6655642200293137, 'inv_time': 0.6003971434871482}",RELATED_TO
282298,240401,"{'time': 1.6655642200293137, 'inv_time': 0.6003971434871482}",RELATED_TO
282298,240377,"{'time': 1.6655642200293137, 'inv_time': 0.6003971434871482}",RELATED_TO
282298,240523,"{'time': 1.6655642200293137, 'inv_time': 0.6003971434871482}",RELATED_TO
282298,240535,"{'time': 1.6655642200293137, 'inv_time': 0.6003971434871482}",RELATED_TO
282298,240557,"{'time': 1.6655642200293137, 'inv_time': 0.6003971434871482}",RELATED_TO
282298,240603,"{'time': 1.6655642200293137, 'inv_time': 0.6003971434871482}",RELATED_TO
282298,240569,"{'time': 1.6655642200293137, 'inv_time': 0.6003971434871482}",RELATED_TO
282298,240613,"{'time': 1.6655642200293137, 'inv_time': 0.6003971434871482}",RELATED_TO
282298,240637,"{'time': 1.6655642200293137, 'inv_time': 0.6003971434871482}",RELATED_TO
282879,240051,"{'time': 1.6655642200293137, 'inv_time': 0.6003971434871482}",RELATED_TO
282879,240097,"{'time': 1.6655642200293137, 'inv_time': 0.6003971434871482}",RELATED_TO
282879,240073,"{'time': 1.6655642200293137, 'inv_time': 0.6003971434871482}",RELATED_TO
282879,240063,"{'time': 1.6655642200293137, 'inv_time': 0.6003971434871482}",RELATED_TO
282879,240131,"{'time': 1.6655642200293137, 'inv_time': 0.6003971434871482}",RELATED_TO
282879,240153,"{'time': 1.6655642200293137, 'inv_time': 0.6003971434871482}",RELATED_TO
282879,240367,"{'time': 1.6655642200293137, 'inv_time': 0.6003971434871482}",RELATED_TO
282879,240389,"{'time': 1.6655642200293137, 'inv_time': 0.6003971434871482}",RELATED_TO
282879,240401,"{'time': 1.6655642200293137, 'inv_time': 0.6003971434871482}",RELATED_TO
282879,240377,"{'time': 1.6655642200293137, 'inv_time': 0.6003971434871482}",RELATED_TO
282879,240523,"{'time': 1.6655642200293137, 'inv_time': 0.6003971434871482}",RELATED_TO
282879,240535,"{'time': 1.6655642200293137, 'inv_time': 0.6003971434871482}",RELATED_TO
282879,240557,"{'time': 1.6655642200293137, 'inv_time': 0.6003971434871482}",RELATED_TO
282879,240603,"{'time': 1.6655642200293137, 'inv_time': 0.6003971434871482}",RELATED_TO
282879,240569,"{'time': 1.6655642200293137, 'inv_time': 0.6003971434871482}",RELATED_TO
282879,240613,"{'time': 1.6655642200293137, 'inv_time': 0.6003971434871482}",RELATED_TO
282879,240637,"{'time': 1.6655642200293137, 'inv_time': 0.6003971434871482}",RELATED_TO
282611,240051,"{'time': 1.6655642200293137, 'inv_time': 0.6003971434871482}",RELATED_TO
282611,240097,"{'time': 1.6655642200293137, 'inv_time': 0.6003971434871482}",RELATED_TO
282611,240073,"{'time': 1.6655642200293137, 'inv_time': 0.6003971434871482}",RELATED_TO
282611,240063,"{'time': 1.6655642200293137, 'inv_time': 0.6003971434871482}",RELATED_TO
282611,240131,"{'time': 1.6655642200293137, 'inv_time': 0.6003971434871482}",RELATED_TO
282611,240153,"{'time': 1.6655642200293137, 'inv_time': 0.6003971434871482}",RELATED_TO
282611,240367,"{'time': 1.6655642200293137, 'inv_time': 0.6003971434871482}",RELATED_TO
282611,240389,"{'time': 1.6655642200293137, 'inv_time': 0.6003971434871482}",RELATED_TO
282611,240401,"{'time': 1.6655642200293137, 'inv_time': 0.6003971434871482}",RELATED_TO
282611,240377,"{'time': 1.6655642200293137, 'inv_time': 0.6003971434871482}",RELATED_TO
282611,240523,"{'time': 1.6655642200293137, 'inv_time': 0.6003971434871482}",RELATED_TO
282611,240535,"{'time': 1.6655642200293137, 'inv_time': 0.6003971434871482}",RELATED_TO
282611,240557,"{'time': 1.6655642200293137, 'inv_time': 0.6003971434871482}",RELATED_TO
282611,240603,"{'time': 1.6655642200293137, 'inv_time': 0.6003971434871482}",RELATED_TO
282611,240569,"{'time': 1.6655642200293137, 'inv_time': 0.6003971434871482}",RELATED_TO
282611,240613,"{'time': 1.6655642200293137, 'inv_time': 0.6003971434871482}",RELATED_TO
282611,240637,"{'time': 1.6655642200293137, 'inv_time': 0.6003971434871482}",RELATED_TO
282662,240051,"{'time': 1.6655642200293137, 'inv_time': 0.6003971434871482}",RELATED_TO
282662,240097,"{'time': 1.6655642200293137, 'inv_time': 0.6003971434871482}",RELATED_TO
282662,240073,"{'time': 1.6655642200293137, 'inv_time': 0.6003971434871482}",RELATED_TO
282662,240063,"{'time': 1.6655642200293137, 'inv_time': 0.6003971434871482}",RELATED_TO
282662,240131,"{'time': 1.6655642200293137, 'inv_time': 0.6003971434871482}",RELATED_TO
282662,240153,"{'time': 1.6655642200293137, 'inv_time': 0.6003971434871482}",RELATED_TO
282662,240367,"{'time': 1.6655642200293137, 'inv_time': 0.6003971434871482}",RELATED_TO
282662,240389,"{'time': 1.6655642200293137, 'inv_time': 0.6003971434871482}",RELATED_TO
282662,240401,"{'time': 1.6655642200293137, 'inv_time': 0.6003971434871482}",RELATED_TO
282662,240377,"{'time': 1.6655642200293137, 'inv_time': 0.6003971434871482}",RELATED_TO
282662,240523,"{'time': 1.6655642200293137, 'inv_time': 0.6003971434871482}",RELATED_TO
282662,240535,"{'time': 1.6655642200293137, 'inv_time': 0.6003971434871482}",RELATED_TO
282662,240557,"{'time': 1.6655642200293137, 'inv_time': 0.6003971434871482}",RELATED_TO
282662,240603,"{'time': 1.6655642200293137, 'inv_time': 0.6003971434871482}",RELATED_TO
282662,240569,"{'time': 1.6655642200293137, 'inv_time': 0.6003971434871482}",RELATED_TO
282662,240613,"{'time': 1.6655642200293137, 'inv_time': 0.6003971434871482}",RELATED_TO
282662,240637,"{'time': 1.6655642200293137, 'inv_time': 0.6003971434871482}",RELATED_TO
282351,240051,"{'time': 1.6655642200293137, 'inv_time': 0.6003971434871482}",RELATED_TO
282351,240097,"{'time': 1.6655642200293137, 'inv_time': 0.6003971434871482}",RELATED_TO
282351,240073,"{'time': 1.6655642200293137, 'inv_time': 0.6003971434871482}",RELATED_TO
282351,240063,"{'time': 1.6655642200293137, 'inv_time': 0.6003971434871482}",RELATED_TO
282351,240131,"{'time': 1.6655642200293137, 'inv_time': 0.6003971434871482}",RELATED_TO
282351,240153,"{'time': 1.6655642200293137, 'inv_time': 0.6003971434871482}",RELATED_TO
282351,240367,"{'time': 1.6655642200293137, 'inv_time': 0.6003971434871482}",RELATED_TO
282351,240389,"{'time': 1.6655642200293137, 'inv_time': 0.6003971434871482}",RELATED_TO
282351,240401,"{'time': 1.6655642200293137, 'inv_time': 0.6003971434871482}",RELATED_TO
282351,240377,"{'time': 1.6655642200293137, 'inv_time': 0.6003971434871482}",RELATED_TO
282351,240523,"{'time': 1.6655642200293137, 'inv_time': 0.6003971434871482}",RELATED_TO
282351,240535,"{'time': 1.6655642200293137, 'inv_time': 0.6003971434871482}",RELATED_TO
282351,240557,"{'time': 1.6655642200293137, 'inv_time': 0.6003971434871482}",RELATED_TO
282351,240603,"{'time': 1.6655642200293137, 'inv_time': 0.6003971434871482}",RELATED_TO
282351,240569,"{'time': 1.6655642200293137, 'inv_time': 0.6003971434871482}",RELATED_TO
282351,240613,"{'time': 1.6655642200293137, 'inv_time': 0.6003971434871482}",RELATED_TO
282351,240637,"{'time': 1.6655642200293137, 'inv_time': 0.6003971434871482}",RELATED_TO
283163,240051,"{'time': 1.6655642200293137, 'inv_time': 0.6003971434871482}",RELATED_TO
283163,240097,"{'time': 1.6655642200293137, 'inv_time': 0.6003971434871482}",RELATED_TO
283163,240073,"{'time': 1.6655642200293137, 'inv_time': 0.6003971434871482}",RELATED_TO
283163,240063,"{'time': 1.6655642200293137, 'inv_time': 0.6003971434871482}",RELATED_TO
283163,240131,"{'time': 1.6655642200293137, 'inv_time': 0.6003971434871482}",RELATED_TO
283163,240153,"{'time': 1.6655642200293137, 'inv_time': 0.6003971434871482}",RELATED_TO
283163,240367,"{'time': 1.6655642200293137, 'inv_time': 0.6003971434871482}",RELATED_TO
283163,240389,"{'time': 1.6655642200293137, 'inv_time': 0.6003971434871482}",RELATED_TO
283163,240401,"{'time': 1.6655642200293137, 'inv_time': 0.6003971434871482}",RELATED_TO
283163,240377,"{'time': 1.6655642200293137, 'inv_time': 0.6003971434871482}",RELATED_TO
283163,240523,"{'time': 1.6655642200293137, 'inv_time': 0.6003971434871482}",RELATED_TO
283163,240535,"{'time': 1.6655642200293137, 'inv_time': 0.6003971434871482}",RELATED_TO
283163,240557,"{'time': 1.6655642200293137, 'inv_time': 0.6003971434871482}",RELATED_TO
283163,240603,"{'time': 1.6655642200293137, 'inv_time': 0.6003971434871482}",RELATED_TO
283163,240569,"{'time': 1.6655642200293137, 'inv_time': 0.6003971434871482}",RELATED_TO
283163,240613,"{'time': 1.6655642200293137, 'inv_time': 0.6003971434871482}",RELATED_TO
283163,240637,"{'time': 1.6655642200293137, 'inv_time': 0.6003971434871482}",RELATED_TO
283115,240051,"{'time': 1.6655642200293137, 'inv_time': 0.6003971434871482}",RELATED_TO
283115,240097,"{'time': 1.6655642200293137, 'inv_time': 0.6003971434871482}",RELATED_TO
283115,240073,"{'time': 1.6655642200293137, 'inv_time': 0.6003971434871482}",RELATED_TO
283115,240063,"{'time': 1.6655642200293137, 'inv_time': 0.6003971434871482}",RELATED_TO
283115,240131,"{'time': 1.6655642200293137, 'inv_time': 0.6003971434871482}",RELATED_TO
283115,240153,"{'time': 1.6655642200293137, 'inv_time': 0.6003971434871482}",RELATED_TO
283115,240367,"{'time': 1.6655642200293137, 'inv_time': 0.6003971434871482}",RELATED_TO
283115,240389,"{'time': 1.6655642200293137, 'inv_time': 0.6003971434871482}",RELATED_TO
283115,240401,"{'time': 1.6655642200293137, 'inv_time': 0.6003971434871482}",RELATED_TO
283115,240377,"{'time': 1.6655642200293137, 'inv_time': 0.6003971434871482}",RELATED_TO
283115,240523,"{'time': 1.6655642200293137, 'inv_time': 0.6003971434871482}",RELATED_TO
283115,240535,"{'time': 1.6655642200293137, 'inv_time': 0.6003971434871482}",RELATED_TO
283115,240557,"{'time': 1.6655642200293137, 'inv_time': 0.6003971434871482}",RELATED_TO
283115,240603,"{'time': 1.6655642200293137, 'inv_time': 0.6003971434871482}",RELATED_TO
283115,240569,"{'time': 1.6655642200293137, 'inv_time': 0.6003971434871482}",RELATED_TO
283115,240613,"{'time': 1.6655642200293137, 'inv_time': 0.6003971434871482}",RELATED_TO
283115,240637,"{'time': 1.6655642200293137, 'inv_time': 0.6003971434871482}",RELATED_TO
283250,240051,"{'time': 1.6655642200293137, 'inv_time': 0.6003971434871482}",RELATED_TO
283250,240097,"{'time': 1.6655642200293137, 'inv_time': 0.6003971434871482}",RELATED_TO
283250,240073,"{'time': 1.6655642200293137, 'inv_time': 0.6003971434871482}",RELATED_TO
283250,240063,"{'time': 1.6655642200293137, 'inv_time': 0.6003971434871482}",RELATED_TO
283250,240131,"{'time': 1.6655642200293137, 'inv_time': 0.6003971434871482}",RELATED_TO
283250,240153,"{'time': 1.6655642200293137, 'inv_time': 0.6003971434871482}",RELATED_TO
283250,240367,"{'time': 1.6655642200293137, 'inv_time': 0.6003971434871482}",RELATED_TO
283250,240389,"{'time': 1.6655642200293137, 'inv_time': 0.6003971434871482}",RELATED_TO
283250,240401,"{'time': 1.6655642200293137, 'inv_time': 0.6003971434871482}",RELATED_TO
283250,240377,"{'time': 1.6655642200293137, 'inv_time': 0.6003971434871482}",RELATED_TO
283250,240523,"{'time': 1.6655642200293137, 'inv_time': 0.6003971434871482}",RELATED_TO
283250,240535,"{'time': 1.6655642200293137, 'inv_time': 0.6003971434871482}",RELATED_TO
283250,240557,"{'time': 1.6655642200293137, 'inv_time': 0.6003971434871482}",RELATED_TO
283250,240603,"{'time': 1.6655642200293137, 'inv_time': 0.6003971434871482}",RELATED_TO
283250,240569,"{'time': 1.6655642200293137, 'inv_time': 0.6003971434871482}",RELATED_TO
283250,240613,"{'time': 1.6655642200293137, 'inv_time': 0.6003971434871482}",RELATED_TO
283250,240637,"{'time': 1.6655642200293137, 'inv_time': 0.6003971434871482}",RELATED_TO
283346,240051,"{'time': 1.6655642200293137, 'inv_time': 0.6003971434871482}",RELATED_TO
283346,240097,"{'time': 1.6655642200293137, 'inv_time': 0.6003971434871482}",RELATED_TO
283346,240073,"{'time': 1.6655642200293137, 'inv_time': 0.6003971434871482}",RELATED_TO
283346,240063,"{'time': 1.6655642200293137, 'inv_time': 0.6003971434871482}",RELATED_TO
283346,240131,"{'time': 1.6655642200293137, 'inv_time': 0.6003971434871482}",RELATED_TO
283346,240153,"{'time': 1.6655642200293137, 'inv_time': 0.6003971434871482}",RELATED_TO
283346,240367,"{'time': 1.6655642200293137, 'inv_time': 0.6003971434871482}",RELATED_TO
283346,240389,"{'time': 1.6655642200293137, 'inv_time': 0.6003971434871482}",RELATED_TO
283346,240401,"{'time': 1.6655642200293137, 'inv_time': 0.6003971434871482}",RELATED_TO
283346,240377,"{'time': 1.6655642200293137, 'inv_time': 0.6003971434871482}",RELATED_TO
283346,240523,"{'time': 1.6655642200293137, 'inv_time': 0.6003971434871482}",RELATED_TO
283346,240535,"{'time': 1.6655642200293137, 'inv_time': 0.6003971434871482}",RELATED_TO
283346,240557,"{'time': 1.6655642200293137, 'inv_time': 0.6003971434871482}",RELATED_TO
283346,240603,"{'time': 1.6655642200293137, 'inv_time': 0.6003971434871482}",RELATED_TO
283346,240569,"{'time': 1.6655642200293137, 'inv_time': 0.6003971434871482}",RELATED_TO
283346,240613,"{'time': 1.6655642200293137, 'inv_time': 0.6003971434871482}",RELATED_TO
283346,240637,"{'time': 1.6655642200293137, 'inv_time': 0.6003971434871482}",RELATED_TO
283302,240051,"{'time': 1.6655642200293137, 'inv_time': 0.6003971434871482}",RELATED_TO
283302,240097,"{'time': 1.6655642200293137, 'inv_time': 0.6003971434871482}",RELATED_TO
283302,240073,"{'time': 1.6655642200293137, 'inv_time': 0.6003971434871482}",RELATED_TO
283302,240063,"{'time': 1.6655642200293137, 'inv_time': 0.6003971434871482}",RELATED_TO
283302,240131,"{'time': 1.6655642200293137, 'inv_time': 0.6003971434871482}",RELATED_TO
283302,240153,"{'time': 1.6655642200293137, 'inv_time': 0.6003971434871482}",RELATED_TO
283302,240367,"{'time': 1.6655642200293137, 'inv_time': 0.6003971434871482}",RELATED_TO
283302,240389,"{'time': 1.6655642200293137, 'inv_time': 0.6003971434871482}",RELATED_TO
283302,240401,"{'time': 1.6655642200293137, 'inv_time': 0.6003971434871482}",RELATED_TO
283302,240377,"{'time': 1.6655642200293137, 'inv_time': 0.6003971434871482}",RELATED_TO
283302,240523,"{'time': 1.6655642200293137, 'inv_time': 0.6003971434871482}",RELATED_TO
283302,240535,"{'time': 1.6655642200293137, 'inv_time': 0.6003971434871482}",RELATED_TO
283302,240557,"{'time': 1.6655642200293137, 'inv_time': 0.6003971434871482}",RELATED_TO
283302,240603,"{'time': 1.6655642200293137, 'inv_time': 0.6003971434871482}",RELATED_TO
283302,240569,"{'time': 1.6655642200293137, 'inv_time': 0.6003971434871482}",RELATED_TO
283302,240613,"{'time': 1.6655642200293137, 'inv_time': 0.6003971434871482}",RELATED_TO
283302,240637,"{'time': 1.6655642200293137, 'inv_time': 0.6003971434871482}",RELATED_TO
283393,240051,"{'time': 1.6655642200293137, 'inv_time': 0.6003971434871482}",RELATED_TO
283393,240097,"{'time': 1.6655642200293137, 'inv_time': 0.6003971434871482}",RELATED_TO
283393,240073,"{'time': 1.6655642200293137, 'inv_time': 0.6003971434871482}",RELATED_TO
283393,240063,"{'time': 1.6655642200293137, 'inv_time': 0.6003971434871482}",RELATED_TO
283393,240131,"{'time': 1.6655642200293137, 'inv_time': 0.6003971434871482}",RELATED_TO
283393,240153,"{'time': 1.6655642200293137, 'inv_time': 0.6003971434871482}",RELATED_TO
283393,240367,"{'time': 1.6655642200293137, 'inv_time': 0.6003971434871482}",RELATED_TO
283393,240389,"{'time': 1.6655642200293137, 'inv_time': 0.6003971434871482}",RELATED_TO
283393,240401,"{'time': 1.6655642200293137, 'inv_time': 0.6003971434871482}",RELATED_TO
283393,240377,"{'time': 1.6655642200293137, 'inv_time': 0.6003971434871482}",RELATED_TO
283393,240523,"{'time': 1.6655642200293137, 'inv_time': 0.6003971434871482}",RELATED_TO
283393,240535,"{'time': 1.6655642200293137, 'inv_time': 0.6003971434871482}",RELATED_TO
283393,240557,"{'time': 1.6655642200293137, 'inv_time': 0.6003971434871482}",RELATED_TO
283393,240603,"{'time': 1.6655642200293137, 'inv_time': 0.6003971434871482}",RELATED_TO
283393,240569,"{'time': 1.6655642200293137, 'inv_time': 0.6003971434871482}",RELATED_TO
283393,240613,"{'time': 1.6655642200293137, 'inv_time': 0.6003971434871482}",RELATED_TO
283393,240637,"{'time': 1.6655642200293137, 'inv_time': 0.6003971434871482}",RELATED_TO
240051,284320,"{'time': 4.841279999999999, 'inv_time': 0.2065569436182167}",RELATED_TO
240051,284288,"{'time': 4.841279999999999, 'inv_time': 0.2065569436182167}",RELATED_TO
240051,284725,"{'time': 9.682559999999999, 'inv_time': 0.10327847180910835}",RELATED_TO
240051,284759,"{'time': 4.841279999999999, 'inv_time': 0.2065569436182167}",RELATED_TO
240051,284950,"{'time': 4.841279999999999, 'inv_time': 0.2065569436182167}",RELATED_TO
240051,285543,"{'time': 4.841279999999999, 'inv_time': 0.2065569436182167}",RELATED_TO
240051,285688,"{'time': 4.841279999999999, 'inv_time': 0.2065569436182167}",RELATED_TO
240051,285888,"{'time': 9.682559999999999, 'inv_time': 0.10327847180910835}",RELATED_TO
240051,285659,"{'time': 4.841279999999999, 'inv_time': 0.2065569436182167}",RELATED_TO
240097,284320,"{'time': 4.841279999999999, 'inv_time': 0.2065569436182167}",RELATED_TO
240097,284288,"{'time': 4.841279999999999, 'inv_time': 0.2065569436182167}",RELATED_TO
240097,284725,"{'time': 9.682559999999999, 'inv_time': 0.10327847180910835}",RELATED_TO
240097,284759,"{'time': 4.841279999999999, 'inv_time': 0.2065569436182167}",RELATED_TO
240097,284950,"{'time': 4.841279999999999, 'inv_time': 0.2065569436182167}",RELATED_TO
240097,285543,"{'time': 4.841279999999999, 'inv_time': 0.2065569436182167}",RELATED_TO
240097,285688,"{'time': 4.841279999999999, 'inv_time': 0.2065569436182167}",RELATED_TO
240097,285888,"{'time': 9.682559999999999, 'inv_time': 0.10327847180910835}",RELATED_TO
240097,285659,"{'time': 4.841279999999999, 'inv_time': 0.2065569436182167}",RELATED_TO
240073,284320,"{'time': 4.841279999999999, 'inv_time': 0.2065569436182167}",RELATED_TO
240073,284288,"{'time': 4.841279999999999, 'inv_time': 0.2065569436182167}",RELATED_TO
240073,284725,"{'time': 9.682559999999999, 'inv_time': 0.10327847180910835}",RELATED_TO
240073,284759,"{'time': 4.841279999999999, 'inv_time': 0.2065569436182167}",RELATED_TO
240073,284950,"{'time': 4.841279999999999, 'inv_time': 0.2065569436182167}",RELATED_TO
240073,285543,"{'time': 4.841279999999999, 'inv_time': 0.2065569436182167}",RELATED_TO
240073,285688,"{'time': 4.841279999999999, 'inv_time': 0.2065569436182167}",RELATED_TO
240073,285888,"{'time': 9.682559999999999, 'inv_time': 0.10327847180910835}",RELATED_TO
240073,285659,"{'time': 4.841279999999999, 'inv_time': 0.2065569436182167}",RELATED_TO
240063,284320,"{'time': 4.841279999999999, 'inv_time': 0.2065569436182167}",RELATED_TO
240063,284288,"{'time': 4.841279999999999, 'inv_time': 0.2065569436182167}",RELATED_TO
240063,284725,"{'time': 9.682559999999999, 'inv_time': 0.10327847180910835}",RELATED_TO
240063,284759,"{'time': 4.841279999999999, 'inv_time': 0.2065569436182167}",RELATED_TO
240063,284950,"{'time': 4.841279999999999, 'inv_time': 0.2065569436182167}",RELATED_TO
240063,285543,"{'time': 4.841279999999999, 'inv_time': 0.2065569436182167}",RELATED_TO
240063,285688,"{'time': 4.841279999999999, 'inv_time': 0.2065569436182167}",RELATED_TO
240063,285888,"{'time': 9.682559999999999, 'inv_time': 0.10327847180910835}",RELATED_TO
240063,285659,"{'time': 4.841279999999999, 'inv_time': 0.2065569436182167}",RELATED_TO
240131,284320,"{'time': 4.841279999999999, 'inv_time': 0.2065569436182167}",RELATED_TO
240131,284288,"{'time': 4.841279999999999, 'inv_time': 0.2065569436182167}",RELATED_TO
240131,284725,"{'time': 9.682559999999999, 'inv_time': 0.10327847180910835}",RELATED_TO
240131,284759,"{'time': 4.841279999999999, 'inv_time': 0.2065569436182167}",RELATED_TO
240131,284950,"{'time': 4.841279999999999, 'inv_time': 0.2065569436182167}",RELATED_TO
240131,285543,"{'time': 4.841279999999999, 'inv_time': 0.2065569436182167}",RELATED_TO
240131,285688,"{'time': 4.841279999999999, 'inv_time': 0.2065569436182167}",RELATED_TO
240131,285888,"{'time': 9.682559999999999, 'inv_time': 0.10327847180910835}",RELATED_TO
240131,285659,"{'time': 4.841279999999999, 'inv_time': 0.2065569436182167}",RELATED_TO
240153,284320,"{'time': 4.841279999999999, 'inv_time': 0.2065569436182167}",RELATED_TO
240153,284288,"{'time': 4.841279999999999, 'inv_time': 0.2065569436182167}",RELATED_TO
240153,284725,"{'time': 9.682559999999999, 'inv_time': 0.10327847180910835}",RELATED_TO
240153,284759,"{'time': 4.841279999999999, 'inv_time': 0.2065569436182167}",RELATED_TO
240153,284950,"{'time': 4.841279999999999, 'inv_time': 0.2065569436182167}",RELATED_TO
240153,285543,"{'time': 4.841279999999999, 'inv_time': 0.2065569436182167}",RELATED_TO
240153,285688,"{'time': 4.841279999999999, 'inv_time': 0.2065569436182167}",RELATED_TO
240153,285888,"{'time': 9.682559999999999, 'inv_time': 0.10327847180910835}",RELATED_TO
240153,285659,"{'time': 4.841279999999999, 'inv_time': 0.2065569436182167}",RELATED_TO
240367,284320,"{'time': 4.841279999999999, 'inv_time': 0.2065569436182167}",RELATED_TO
240367,284288,"{'time': 4.841279999999999, 'inv_time': 0.2065569436182167}",RELATED_TO
240367,284725,"{'time': 9.682559999999999, 'inv_time': 0.10327847180910835}",RELATED_TO
240367,284759,"{'time': 4.841279999999999, 'inv_time': 0.2065569436182167}",RELATED_TO
240367,284950,"{'time': 4.841279999999999, 'inv_time': 0.2065569436182167}",RELATED_TO
240367,285543,"{'time': 4.841279999999999, 'inv_time': 0.2065569436182167}",RELATED_TO
240367,285688,"{'time': 4.841279999999999, 'inv_time': 0.2065569436182167}",RELATED_TO
240367,285888,"{'time': 9.682559999999999, 'inv_time': 0.10327847180910835}",RELATED_TO
240367,285659,"{'time': 4.841279999999999, 'inv_time': 0.2065569436182167}",RELATED_TO
240389,284320,"{'time': 4.841279999999999, 'inv_time': 0.2065569436182167}",RELATED_TO
240389,284288,"{'time': 4.841279999999999, 'inv_time': 0.2065569436182167}",RELATED_TO
240389,284725,"{'time': 9.682559999999999, 'inv_time': 0.10327847180910835}",RELATED_TO
240389,284759,"{'time': 4.841279999999999, 'inv_time': 0.2065569436182167}",RELATED_TO
240389,284950,"{'time': 4.841279999999999, 'inv_time': 0.2065569436182167}",RELATED_TO
240389,285543,"{'time': 4.841279999999999, 'inv_time': 0.2065569436182167}",RELATED_TO
240389,285688,"{'time': 4.841279999999999, 'inv_time': 0.2065569436182167}",RELATED_TO
240389,285888,"{'time': 9.682559999999999, 'inv_time': 0.10327847180910835}",RELATED_TO
240389,285659,"{'time': 4.841279999999999, 'inv_time': 0.2065569436182167}",RELATED_TO
240401,284320,"{'time': 4.841279999999999, 'inv_time': 0.2065569436182167}",RELATED_TO
240401,284288,"{'time': 4.841279999999999, 'inv_time': 0.2065569436182167}",RELATED_TO
240401,284725,"{'time': 9.682559999999999, 'inv_time': 0.10327847180910835}",RELATED_TO
240401,284759,"{'time': 4.841279999999999, 'inv_time': 0.2065569436182167}",RELATED_TO
240401,284950,"{'time': 4.841279999999999, 'inv_time': 0.2065569436182167}",RELATED_TO
240401,285543,"{'time': 4.841279999999999, 'inv_time': 0.2065569436182167}",RELATED_TO
240401,285688,"{'time': 4.841279999999999, 'inv_time': 0.2065569436182167}",RELATED_TO
240401,285888,"{'time': 9.682559999999999, 'inv_time': 0.10327847180910835}",RELATED_TO
240401,285659,"{'time': 4.841279999999999, 'inv_time': 0.2065569436182167}",RELATED_TO
240377,284320,"{'time': 4.841279999999999, 'inv_time': 0.2065569436182167}",RELATED_TO
240377,284288,"{'time': 4.841279999999999, 'inv_time': 0.2065569436182167}",RELATED_TO
240377,284725,"{'time': 9.682559999999999, 'inv_time': 0.10327847180910835}",RELATED_TO
240377,284759,"{'time': 4.841279999999999, 'inv_time': 0.2065569436182167}",RELATED_TO
240377,284950,"{'time': 4.841279999999999, 'inv_time': 0.2065569436182167}",RELATED_TO
240377,285543,"{'time': 4.841279999999999, 'inv_time': 0.2065569436182167}",RELATED_TO
240377,285688,"{'time': 4.841279999999999, 'inv_time': 0.2065569436182167}",RELATED_TO
240377,285888,"{'time': 9.682559999999999, 'inv_time': 0.10327847180910835}",RELATED_TO
240377,285659,"{'time': 4.841279999999999, 'inv_time': 0.2065569436182167}",RELATED_TO
240523,284320,"{'time': 4.841279999999999, 'inv_time': 0.2065569436182167}",RELATED_TO
240523,284288,"{'time': 4.841279999999999, 'inv_time': 0.2065569436182167}",RELATED_TO
240523,284725,"{'time': 9.682559999999999, 'inv_time': 0.10327847180910835}",RELATED_TO
240523,284759,"{'time': 4.841279999999999, 'inv_time': 0.2065569436182167}",RELATED_TO
240523,284950,"{'time': 4.841279999999999, 'inv_time': 0.2065569436182167}",RELATED_TO
240523,285543,"{'time': 4.841279999999999, 'inv_time': 0.2065569436182167}",RELATED_TO
240523,285688,"{'time': 4.841279999999999, 'inv_time': 0.2065569436182167}",RELATED_TO
240523,285888,"{'time': 9.682559999999999, 'inv_time': 0.10327847180910835}",RELATED_TO
240523,285659,"{'time': 4.841279999999999, 'inv_time': 0.2065569436182167}",RELATED_TO
240535,284320,"{'time': 4.841279999999999, 'inv_time': 0.2065569436182167}",RELATED_TO
240535,284288,"{'time': 4.841279999999999, 'inv_time': 0.2065569436182167}",RELATED_TO
240535,284725,"{'time': 9.682559999999999, 'inv_time': 0.10327847180910835}",RELATED_TO
240535,284759,"{'time': 4.841279999999999, 'inv_time': 0.2065569436182167}",RELATED_TO
240535,284950,"{'time': 4.841279999999999, 'inv_time': 0.2065569436182167}",RELATED_TO
240535,285543,"{'time': 4.841279999999999, 'inv_time': 0.2065569436182167}",RELATED_TO
240535,285688,"{'time': 4.841279999999999, 'inv_time': 0.2065569436182167}",RELATED_TO
240535,285888,"{'time': 9.682559999999999, 'inv_time': 0.10327847180910835}",RELATED_TO
240535,285659,"{'time': 4.841279999999999, 'inv_time': 0.2065569436182167}",RELATED_TO
240557,284320,"{'time': 4.841279999999999, 'inv_time': 0.2065569436182167}",RELATED_TO
240557,284288,"{'time': 4.841279999999999, 'inv_time': 0.2065569436182167}",RELATED_TO
240557,284725,"{'time': 9.682559999999999, 'inv_time': 0.10327847180910835}",RELATED_TO
240557,284759,"{'time': 4.841279999999999, 'inv_time': 0.2065569436182167}",RELATED_TO
240557,284950,"{'time': 4.841279999999999, 'inv_time': 0.2065569436182167}",RELATED_TO
240557,285543,"{'time': 4.841279999999999, 'inv_time': 0.2065569436182167}",RELATED_TO
240557,285688,"{'time': 4.841279999999999, 'inv_time': 0.2065569436182167}",RELATED_TO
240557,285888,"{'time': 9.682559999999999, 'inv_time': 0.10327847180910835}",RELATED_TO
240557,285659,"{'time': 4.841279999999999, 'inv_time': 0.2065569436182167}",RELATED_TO
240603,284320,"{'time': 4.841279999999999, 'inv_time': 0.2065569436182167}",RELATED_TO
240603,284288,"{'time': 4.841279999999999, 'inv_time': 0.2065569436182167}",RELATED_TO
240603,284725,"{'time': 9.682559999999999, 'inv_time': 0.10327847180910835}",RELATED_TO
240603,284759,"{'time': 4.841279999999999, 'inv_time': 0.2065569436182167}",RELATED_TO
240603,284950,"{'time': 4.841279999999999, 'inv_time': 0.2065569436182167}",RELATED_TO
240603,285543,"{'time': 4.841279999999999, 'inv_time': 0.2065569436182167}",RELATED_TO
240603,285688,"{'time': 4.841279999999999, 'inv_time': 0.2065569436182167}",RELATED_TO
240603,285888,"{'time': 9.682559999999999, 'inv_time': 0.10327847180910835}",RELATED_TO
240603,285659,"{'time': 4.841279999999999, 'inv_time': 0.2065569436182167}",RELATED_TO
240569,284320,"{'time': 4.841279999999999, 'inv_time': 0.2065569436182167}",RELATED_TO
240569,284288,"{'time': 4.841279999999999, 'inv_time': 0.2065569436182167}",RELATED_TO
240569,284725,"{'time': 9.682559999999999, 'inv_time': 0.10327847180910835}",RELATED_TO
240569,284759,"{'time': 4.841279999999999, 'inv_time': 0.2065569436182167}",RELATED_TO
240569,284950,"{'time': 4.841279999999999, 'inv_time': 0.2065569436182167}",RELATED_TO
240569,285543,"{'time': 4.841279999999999, 'inv_time': 0.2065569436182167}",RELATED_TO
240569,285688,"{'time': 4.841279999999999, 'inv_time': 0.2065569436182167}",RELATED_TO
240569,285888,"{'time': 9.682559999999999, 'inv_time': 0.10327847180910835}",RELATED_TO
240569,285659,"{'time': 4.841279999999999, 'inv_time': 0.2065569436182167}",RELATED_TO
240613,284320,"{'time': 4.841279999999999, 'inv_time': 0.2065569436182167}",RELATED_TO
240613,284288,"{'time': 4.841279999999999, 'inv_time': 0.2065569436182167}",RELATED_TO
240613,284725,"{'time': 9.682559999999999, 'inv_time': 0.10327847180910835}",RELATED_TO
240613,284759,"{'time': 4.841279999999999, 'inv_time': 0.2065569436182167}",RELATED_TO
240613,284950,"{'time': 4.841279999999999, 'inv_time': 0.2065569436182167}",RELATED_TO
240613,285543,"{'time': 4.841279999999999, 'inv_time': 0.2065569436182167}",RELATED_TO
240613,285688,"{'time': 4.841279999999999, 'inv_time': 0.2065569436182167}",RELATED_TO
240613,285888,"{'time': 9.682559999999999, 'inv_time': 0.10327847180910835}",RELATED_TO
240613,285659,"{'time': 4.841279999999999, 'inv_time': 0.2065569436182167}",RELATED_TO
240637,284320,"{'time': 4.841279999999999, 'inv_time': 0.2065569436182167}",RELATED_TO
240637,284288,"{'time': 4.841279999999999, 'inv_time': 0.2065569436182167}",RELATED_TO
240637,284725,"{'time': 9.682559999999999, 'inv_time': 0.10327847180910835}",RELATED_TO
240637,284759,"{'time': 4.841279999999999, 'inv_time': 0.2065569436182167}",RELATED_TO
240637,284950,"{'time': 4.841279999999999, 'inv_time': 0.2065569436182167}",RELATED_TO
240637,285543,"{'time': 4.841279999999999, 'inv_time': 0.2065569436182167}",RELATED_TO
240637,285688,"{'time': 4.841279999999999, 'inv_time': 0.2065569436182167}",RELATED_TO
240637,285888,"{'time': 9.682559999999999, 'inv_time': 0.10327847180910835}",RELATED_TO
240637,285659,"{'time': 4.841279999999999, 'inv_time': 0.2065569436182167}",RELATED_TO
284320,240873,"{'time': 1.6655642200293137, 'inv_time': 0.6003971434871482}",RELATED_TO
284320,240883,"{'time': 1.6655642200293137, 'inv_time': 0.6003971434871482}",RELATED_TO
284320,241211,"{'time': 1.6655642200293137, 'inv_time': 0.6003971434871482}",RELATED_TO
284288,240873,"{'time': 1.6655642200293137, 'inv_time': 0.6003971434871482}",RELATED_TO
284288,240883,"{'time': 1.6655642200293137, 'inv_time': 0.6003971434871482}",RELATED_TO
284288,241211,"{'time': 1.6655642200293137, 'inv_time': 0.6003971434871482}",RELATED_TO
284725,240873,"{'time': 1.6655642200293137, 'inv_time': 0.6003971434871482}",RELATED_TO
284725,240883,"{'time': 1.6655642200293137, 'inv_time': 0.6003971434871482}",RELATED_TO
284725,241211,"{'time': 1.6655642200293137, 'inv_time': 0.6003971434871482}",RELATED_TO
284759,240873,"{'time': 1.6655642200293137, 'inv_time': 0.6003971434871482}",RELATED_TO
284759,240883,"{'time': 1.6655642200293137, 'inv_time': 0.6003971434871482}",RELATED_TO
284759,241211,"{'time': 1.6655642200293137, 'inv_time': 0.6003971434871482}",RELATED_TO
284950,240873,"{'time': 1.6655642200293137, 'inv_time': 0.6003971434871482}",RELATED_TO
284950,240883,"{'time': 1.6655642200293137, 'inv_time': 0.6003971434871482}",RELATED_TO
284950,241211,"{'time': 1.6655642200293137, 'inv_time': 0.6003971434871482}",RELATED_TO
285543,240873,"{'time': 1.6655642200293137, 'inv_time': 0.6003971434871482}",RELATED_TO
285543,240883,"{'time': 1.6655642200293137, 'inv_time': 0.6003971434871482}",RELATED_TO
285543,241211,"{'time': 1.6655642200293137, 'inv_time': 0.6003971434871482}",RELATED_TO
285688,240873,"{'time': 1.6655642200293137, 'inv_time': 0.6003971434871482}",RELATED_TO
285688,240883,"{'time': 1.6655642200293137, 'inv_time': 0.6003971434871482}",RELATED_TO
285688,241211,"{'time': 1.6655642200293137, 'inv_time': 0.6003971434871482}",RELATED_TO
285888,240873,"{'time': 1.6655642200293137, 'inv_time': 0.6003971434871482}",RELATED_TO
285888,240883,"{'time': 1.6655642200293137, 'inv_time': 0.6003971434871482}",RELATED_TO
285888,241211,"{'time': 1.6655642200293137, 'inv_time': 0.6003971434871482}",RELATED_TO
285659,240873,"{'time': 1.6655642200293137, 'inv_time': 0.6003971434871482}",RELATED_TO
285659,240883,"{'time': 1.6655642200293137, 'inv_time': 0.6003971434871482}",RELATED_TO
285659,241211,"{'time': 1.6655642200293137, 'inv_time': 0.6003971434871482}",RELATED_TO
235444,238590,"{'time': 2.3601903525000005, 'inv_time': 0.4236946392653301}",RELATED_TO
235444,238529,"{'time': 2.3601903525000005, 'inv_time': 0.4236946392653301}",RELATED_TO
235444,238550,"{'time': 2.3601903525000005, 'inv_time': 0.4236946392653301}",RELATED_TO
235444,238630,"{'time': 2.3601903525000005, 'inv_time': 0.4236946392653301}",RELATED_TO
235444,238570,"{'time': 2.3601903525000005, 'inv_time': 0.4236946392653301}",RELATED_TO
235444,238610,"{'time': 2.3601903525000005, 'inv_time': 0.4236946392653301}",RELATED_TO
235465,238590,"{'time': 2.3601903525000005, 'inv_time': 0.4236946392653301}",RELATED_TO
235465,238529,"{'time': 2.3601903525000005, 'inv_time': 0.4236946392653301}",RELATED_TO
235465,238550,"{'time': 2.3601903525000005, 'inv_time': 0.4236946392653301}",RELATED_TO
235465,238630,"{'time': 2.3601903525000005, 'inv_time': 0.4236946392653301}",RELATED_TO
235465,238570,"{'time': 2.3601903525000005, 'inv_time': 0.4236946392653301}",RELATED_TO
235465,238610,"{'time': 2.3601903525000005, 'inv_time': 0.4236946392653301}",RELATED_TO
235485,238590,"{'time': 2.3601903525000005, 'inv_time': 0.4236946392653301}",RELATED_TO
235485,238529,"{'time': 2.3601903525000005, 'inv_time': 0.4236946392653301}",RELATED_TO
235485,238550,"{'time': 2.3601903525000005, 'inv_time': 0.4236946392653301}",RELATED_TO
235485,238630,"{'time': 2.3601903525000005, 'inv_time': 0.4236946392653301}",RELATED_TO
235485,238570,"{'time': 2.3601903525000005, 'inv_time': 0.4236946392653301}",RELATED_TO
235485,238610,"{'time': 2.3601903525000005, 'inv_time': 0.4236946392653301}",RELATED_TO
235505,238590,"{'time': 2.3601903525000005, 'inv_time': 0.4236946392653301}",RELATED_TO
235505,238529,"{'time': 2.3601903525000005, 'inv_time': 0.4236946392653301}",RELATED_TO
235505,238550,"{'time': 2.3601903525000005, 'inv_time': 0.4236946392653301}",RELATED_TO
235505,238630,"{'time': 2.3601903525000005, 'inv_time': 0.4236946392653301}",RELATED_TO
235505,238570,"{'time': 2.3601903525000005, 'inv_time': 0.4236946392653301}",RELATED_TO
235505,238610,"{'time': 2.3601903525000005, 'inv_time': 0.4236946392653301}",RELATED_TO
238590,271634,"{'time': 29.04768, 'inv_time': 0.03442615726970278}",RELATED_TO
238590,271060,"{'time': 77.46047999999999, 'inv_time': 0.012909808976138543}",RELATED_TO
238529,271634,"{'time': 29.04768, 'inv_time': 0.03442615726970278}",RELATED_TO
238529,271060,"{'time': 77.46047999999999, 'inv_time': 0.012909808976138543}",RELATED_TO
238550,271634,"{'time': 29.04768, 'inv_time': 0.03442615726970278}",RELATED_TO
238550,271060,"{'time': 77.46047999999999, 'inv_time': 0.012909808976138543}",RELATED_TO
238630,271634,"{'time': 29.04768, 'inv_time': 0.03442615726970278}",RELATED_TO
238630,271060,"{'time': 77.46047999999999, 'inv_time': 0.012909808976138543}",RELATED_TO
238570,271634,"{'time': 29.04768, 'inv_time': 0.03442615726970278}",RELATED_TO
238570,271060,"{'time': 77.46047999999999, 'inv_time': 0.012909808976138543}",RELATED_TO
238610,271634,"{'time': 29.04768, 'inv_time': 0.03442615726970278}",RELATED_TO
238610,271060,"{'time': 77.46047999999999, 'inv_time': 0.012909808976138543}",RELATED_TO
271634,239244,"{'time': 1.6655642200293137, 'inv_time': 0.6003971434871482}",RELATED_TO
271634,239187,"{'time': 1.6655642200293137, 'inv_time': 0.6003971434871482}",RELATED_TO
271634,239221,"{'time': 1.6655642200293137, 'inv_time': 0.6003971434871482}",RELATED_TO
271634,239356,"{'time': 1.6655642200293137, 'inv_time': 0.6003971434871482}",RELATED_TO
271634,239277,"{'time': 1.6655642200293137, 'inv_time': 0.6003971434871482}",RELATED_TO
271634,239210,"{'time': 1.6655642200293137, 'inv_time': 0.6003971434871482}",RELATED_TO
271634,239300,"{'time': 1.6655642200293137, 'inv_time': 0.6003971434871482}",RELATED_TO
271634,239544,"{'time': 1.6655642200293137, 'inv_time': 0.6003971434871482}",RELATED_TO
271634,239579,"{'time': 1.6655642200293137, 'inv_time': 0.6003971434871482}",RELATED_TO
271634,239591,"{'time': 1.6655642200293137, 'inv_time': 0.6003971434871482}",RELATED_TO
271634,239601,"{'time': 1.6655642200293137, 'inv_time': 0.6003971434871482}",RELATED_TO
271634,239657,"{'time': 1.6655642200293137, 'inv_time': 0.6003971434871482}",RELATED_TO
271634,239522,"{'time': 1.6655642200293137, 'inv_time': 0.6003971434871482}",RELATED_TO
271634,239703,"{'time': 1.6655642200293137, 'inv_time': 0.6003971434871482}",RELATED_TO
271634,239771,"{'time': 1.6655642200293137, 'inv_time': 0.6003971434871482}",RELATED_TO
271634,239793,"{'time': 1.6655642200293137, 'inv_time': 0.6003971434871482}",RELATED_TO
271634,239725,"{'time': 1.6655642200293137, 'inv_time': 0.6003971434871482}",RELATED_TO
271634,239747,"{'time': 1.6655642200293137, 'inv_time': 0.6003971434871482}",RELATED_TO
271634,239815,"{'time': 1.6655642200293137, 'inv_time': 0.6003971434871482}",RELATED_TO
271060,239244,"{'time': 1.6655642200293137, 'inv_time': 0.6003971434871482}",RELATED_TO
271060,239187,"{'time': 1.6655642200293137, 'inv_time': 0.6003971434871482}",RELATED_TO
271060,239221,"{'time': 1.6655642200293137, 'inv_time': 0.6003971434871482}",RELATED_TO
271060,239356,"{'time': 1.6655642200293137, 'inv_time': 0.6003971434871482}",RELATED_TO
271060,239277,"{'time': 1.6655642200293137, 'inv_time': 0.6003971434871482}",RELATED_TO
271060,239210,"{'time': 1.6655642200293137, 'inv_time': 0.6003971434871482}",RELATED_TO
271060,239300,"{'time': 1.6655642200293137, 'inv_time': 0.6003971434871482}",RELATED_TO
271060,239544,"{'time': 1.6655642200293137, 'inv_time': 0.6003971434871482}",RELATED_TO
271060,239579,"{'time': 1.6655642200293137, 'inv_time': 0.6003971434871482}",RELATED_TO
271060,239591,"{'time': 1.6655642200293137, 'inv_time': 0.6003971434871482}",RELATED_TO
271060,239601,"{'time': 1.6655642200293137, 'inv_time': 0.6003971434871482}",RELATED_TO
271060,239657,"{'time': 1.6655642200293137, 'inv_time': 0.6003971434871482}",RELATED_TO
271060,239522,"{'time': 1.6655642200293137, 'inv_time': 0.6003971434871482}",RELATED_TO
271060,239703,"{'time': 1.6655642200293137, 'inv_time': 0.6003971434871482}",RELATED_TO
271060,239771,"{'time': 1.6655642200293137, 'inv_time': 0.6003971434871482}",RELATED_TO
271060,239793,"{'time': 1.6655642200293137, 'inv_time': 0.6003971434871482}",RELATED_TO
271060,239725,"{'time': 1.6655642200293137, 'inv_time': 0.6003971434871482}",RELATED_TO
271060,239747,"{'time': 1.6655642200293137, 'inv_time': 0.6003971434871482}",RELATED_TO
271060,239815,"{'time': 1.6655642200293137, 'inv_time': 0.6003971434871482}",RELATED_TO
239244,238752,"{'time': 2.3601903525000005, 'inv_time': 0.4236946392653301}",RELATED_TO
239244,238691,"{'time': 2.3601903525000005, 'inv_time': 0.4236946392653301}",RELATED_TO
239244,238651,"{'time': 2.3601903525000005, 'inv_time': 0.4236946392653301}",RELATED_TO
239244,238712,"{'time': 2.3601903525000005, 'inv_time': 0.4236946392653301}",RELATED_TO
239244,238732,"{'time': 2.3601903525000005, 'inv_time': 0.4236946392653301}",RELATED_TO
239244,238671,"{'time': 2.3601903525000005, 'inv_time': 0.4236946392653301}",RELATED_TO
239187,238752,"{'time': 2.3601903525000005, 'inv_time': 0.4236946392653301}",RELATED_TO
239187,238691,"{'time': 2.3601903525000005, 'inv_time': 0.4236946392653301}",RELATED_TO
239187,238651,"{'time': 2.3601903525000005, 'inv_time': 0.4236946392653301}",RELATED_TO
239187,238712,"{'time': 2.3601903525000005, 'inv_time': 0.4236946392653301}",RELATED_TO
239187,238732,"{'time': 2.3601903525000005, 'inv_time': 0.4236946392653301}",RELATED_TO
239187,238671,"{'time': 2.3601903525000005, 'inv_time': 0.4236946392653301}",RELATED_TO
239221,238752,"{'time': 2.3601903525000005, 'inv_time': 0.4236946392653301}",RELATED_TO
239221,238691,"{'time': 2.3601903525000005, 'inv_time': 0.4236946392653301}",RELATED_TO
239221,238651,"{'time': 2.3601903525000005, 'inv_time': 0.4236946392653301}",RELATED_TO
239221,238712,"{'time': 2.3601903525000005, 'inv_time': 0.4236946392653301}",RELATED_TO
239221,238732,"{'time': 2.3601903525000005, 'inv_time': 0.4236946392653301}",RELATED_TO
239221,238671,"{'time': 2.3601903525000005, 'inv_time': 0.4236946392653301}",RELATED_TO
239356,238752,"{'time': 2.3601903525000005, 'inv_time': 0.4236946392653301}",RELATED_TO
239356,238691,"{'time': 2.3601903525000005, 'inv_time': 0.4236946392653301}",RELATED_TO
239356,238651,"{'time': 2.3601903525000005, 'inv_time': 0.4236946392653301}",RELATED_TO
239356,238712,"{'time': 2.3601903525000005, 'inv_time': 0.4236946392653301}",RELATED_TO
239356,238732,"{'time': 2.3601903525000005, 'inv_time': 0.4236946392653301}",RELATED_TO
239356,238671,"{'time': 2.3601903525000005, 'inv_time': 0.4236946392653301}",RELATED_TO
239277,238752,"{'time': 2.3601903525000005, 'inv_time': 0.4236946392653301}",RELATED_TO
239277,238691,"{'time': 2.3601903525000005, 'inv_time': 0.4236946392653301}",RELATED_TO
239277,238651,"{'time': 2.3601903525000005, 'inv_time': 0.4236946392653301}",RELATED_TO
239277,238712,"{'time': 2.3601903525000005, 'inv_time': 0.4236946392653301}",RELATED_TO
239277,238732,"{'time': 2.3601903525000005, 'inv_time': 0.4236946392653301}",RELATED_TO
239277,238671,"{'time': 2.3601903525000005, 'inv_time': 0.4236946392653301}",RELATED_TO
239210,238752,"{'time': 2.3601903525000005, 'inv_time': 0.4236946392653301}",RELATED_TO
239210,238691,"{'time': 2.3601903525000005, 'inv_time': 0.4236946392653301}",RELATED_TO
239210,238651,"{'time': 2.3601903525000005, 'inv_time': 0.4236946392653301}",RELATED_TO
239210,238712,"{'time': 2.3601903525000005, 'inv_time': 0.4236946392653301}",RELATED_TO
239210,238732,"{'time': 2.3601903525000005, 'inv_time': 0.4236946392653301}",RELATED_TO
239210,238671,"{'time': 2.3601903525000005, 'inv_time': 0.4236946392653301}",RELATED_TO
239300,238752,"{'time': 2.3601903525000005, 'inv_time': 0.4236946392653301}",RELATED_TO
239300,238691,"{'time': 2.3601903525000005, 'inv_time': 0.4236946392653301}",RELATED_TO
239300,238651,"{'time': 2.3601903525000005, 'inv_time': 0.4236946392653301}",RELATED_TO
239300,238712,"{'time': 2.3601903525000005, 'inv_time': 0.4236946392653301}",RELATED_TO
239300,238732,"{'time': 2.3601903525000005, 'inv_time': 0.4236946392653301}",RELATED_TO
239300,238671,"{'time': 2.3601903525000005, 'inv_time': 0.4236946392653301}",RELATED_TO
239544,238752,"{'time': 2.3601903525000005, 'inv_time': 0.4236946392653301}",RELATED_TO
239544,238691,"{'time': 2.3601903525000005, 'inv_time': 0.4236946392653301}",RELATED_TO
239544,238651,"{'time': 2.3601903525000005, 'inv_time': 0.4236946392653301}",RELATED_TO
239544,238712,"{'time': 2.3601903525000005, 'inv_time': 0.4236946392653301}",RELATED_TO
239544,238732,"{'time': 2.3601903525000005, 'inv_time': 0.4236946392653301}",RELATED_TO
239544,238671,"{'time': 2.3601903525000005, 'inv_time': 0.4236946392653301}",RELATED_TO
239579,238752,"{'time': 2.3601903525000005, 'inv_time': 0.4236946392653301}",RELATED_TO
239579,238691,"{'time': 2.3601903525000005, 'inv_time': 0.4236946392653301}",RELATED_TO
239579,238651,"{'time': 2.3601903525000005, 'inv_time': 0.4236946392653301}",RELATED_TO
239579,238712,"{'time': 2.3601903525000005, 'inv_time': 0.4236946392653301}",RELATED_TO
239579,238732,"{'time': 2.3601903525000005, 'inv_time': 0.4236946392653301}",RELATED_TO
239579,238671,"{'time': 2.3601903525000005, 'inv_time': 0.4236946392653301}",RELATED_TO
239591,238752,"{'time': 2.3601903525000005, 'inv_time': 0.4236946392653301}",RELATED_TO
239591,238691,"{'time': 2.3601903525000005, 'inv_time': 0.4236946392653301}",RELATED_TO
239591,238651,"{'time': 2.3601903525000005, 'inv_time': 0.4236946392653301}",RELATED_TO
239591,238712,"{'time': 2.3601903525000005, 'inv_time': 0.4236946392653301}",RELATED_TO
239591,238732,"{'time': 2.3601903525000005, 'inv_time': 0.4236946392653301}",RELATED_TO
239591,238671,"{'time': 2.3601903525000005, 'inv_time': 0.4236946392653301}",RELATED_TO
239601,238752,"{'time': 2.3601903525000005, 'inv_time': 0.4236946392653301}",RELATED_TO
239601,238691,"{'time': 2.3601903525000005, 'inv_time': 0.4236946392653301}",RELATED_TO
239601,238651,"{'time': 2.3601903525000005, 'inv_time': 0.4236946392653301}",RELATED_TO
239601,238712,"{'time': 2.3601903525000005, 'inv_time': 0.4236946392653301}",RELATED_TO
239601,238732,"{'time': 2.3601903525000005, 'inv_time': 0.4236946392653301}",RELATED_TO
239601,238671,"{'time': 2.3601903525000005, 'inv_time': 0.4236946392653301}",RELATED_TO
239657,238752,"{'time': 2.3601903525000005, 'inv_time': 0.4236946392653301}",RELATED_TO
239657,238691,"{'time': 2.3601903525000005, 'inv_time': 0.4236946392653301}",RELATED_TO
239657,238651,"{'time': 2.3601903525000005, 'inv_time': 0.4236946392653301}",RELATED_TO
239657,238712,"{'time': 2.3601903525000005, 'inv_time': 0.4236946392653301}",RELATED_TO
239657,238732,"{'time': 2.3601903525000005, 'inv_time': 0.4236946392653301}",RELATED_TO
239657,238671,"{'time': 2.3601903525000005, 'inv_time': 0.4236946392653301}",RELATED_TO
239522,238752,"{'time': 2.3601903525000005, 'inv_time': 0.4236946392653301}",RELATED_TO
239522,238691,"{'time': 2.3601903525000005, 'inv_time': 0.4236946392653301}",RELATED_TO
239522,238651,"{'time': 2.3601903525000005, 'inv_time': 0.4236946392653301}",RELATED_TO
239522,238712,"{'time': 2.3601903525000005, 'inv_time': 0.4236946392653301}",RELATED_TO
239522,238732,"{'time': 2.3601903525000005, 'inv_time': 0.4236946392653301}",RELATED_TO
239522,238671,"{'time': 2.3601903525000005, 'inv_time': 0.4236946392653301}",RELATED_TO
239703,238752,"{'time': 2.3601903525000005, 'inv_time': 0.4236946392653301}",RELATED_TO
239703,238691,"{'time': 2.3601903525000005, 'inv_time': 0.4236946392653301}",RELATED_TO
239703,238651,"{'time': 2.3601903525000005, 'inv_time': 0.4236946392653301}",RELATED_TO
239703,238712,"{'time': 2.3601903525000005, 'inv_time': 0.4236946392653301}",RELATED_TO
239703,238732,"{'time': 2.3601903525000005, 'inv_time': 0.4236946392653301}",RELATED_TO
239703,238671,"{'time': 2.3601903525000005, 'inv_time': 0.4236946392653301}",RELATED_TO
239771,238752,"{'time': 2.3601903525000005, 'inv_time': 0.4236946392653301}",RELATED_TO
239771,238691,"{'time': 2.3601903525000005, 'inv_time': 0.4236946392653301}",RELATED_TO
239771,238651,"{'time': 2.3601903525000005, 'inv_time': 0.4236946392653301}",RELATED_TO
239771,238712,"{'time': 2.3601903525000005, 'inv_time': 0.4236946392653301}",RELATED_TO
239771,238732,"{'time': 2.3601903525000005, 'inv_time': 0.4236946392653301}",RELATED_TO
239771,238671,"{'time': 2.3601903525000005, 'inv_time': 0.4236946392653301}",RELATED_TO
239793,238752,"{'time': 2.3601903525000005, 'inv_time': 0.4236946392653301}",RELATED_TO
239793,238691,"{'time': 2.3601903525000005, 'inv_time': 0.4236946392653301}",RELATED_TO
239793,238651,"{'time': 2.3601903525000005, 'inv_time': 0.4236946392653301}",RELATED_TO
239793,238712,"{'time': 2.3601903525000005, 'inv_time': 0.4236946392653301}",RELATED_TO
239793,238732,"{'time': 2.3601903525000005, 'inv_time': 0.4236946392653301}",RELATED_TO
239793,238671,"{'time': 2.3601903525000005, 'inv_time': 0.4236946392653301}",RELATED_TO
239725,238752,"{'time': 2.3601903525000005, 'inv_time': 0.4236946392653301}",RELATED_TO
239725,238691,"{'time': 2.3601903525000005, 'inv_time': 0.4236946392653301}",RELATED_TO
239725,238651,"{'time': 2.3601903525000005, 'inv_time': 0.4236946392653301}",RELATED_TO
239725,238712,"{'time': 2.3601903525000005, 'inv_time': 0.4236946392653301}",RELATED_TO
239725,238732,"{'time': 2.3601903525000005, 'inv_time': 0.4236946392653301}",RELATED_TO
239725,238671,"{'time': 2.3601903525000005, 'inv_time': 0.4236946392653301}",RELATED_TO
239747,238752,"{'time': 2.3601903525000005, 'inv_time': 0.4236946392653301}",RELATED_TO
239747,238691,"{'time': 2.3601903525000005, 'inv_time': 0.4236946392653301}",RELATED_TO
239747,238651,"{'time': 2.3601903525000005, 'inv_time': 0.4236946392653301}",RELATED_TO
239747,238712,"{'time': 2.3601903525000005, 'inv_time': 0.4236946392653301}",RELATED_TO
239747,238732,"{'time': 2.3601903525000005, 'inv_time': 0.4236946392653301}",RELATED_TO
239747,238671,"{'time': 2.3601903525000005, 'inv_time': 0.4236946392653301}",RELATED_TO
239815,238752,"{'time': 2.3601903525000005, 'inv_time': 0.4236946392653301}",RELATED_TO
239815,238691,"{'time': 2.3601903525000005, 'inv_time': 0.4236946392653301}",RELATED_TO
239815,238651,"{'time': 2.3601903525000005, 'inv_time': 0.4236946392653301}",RELATED_TO
239815,238712,"{'time': 2.3601903525000005, 'inv_time': 0.4236946392653301}",RELATED_TO
239815,238732,"{'time': 2.3601903525000005, 'inv_time': 0.4236946392653301}",RELATED_TO
239815,238671,"{'time': 2.3601903525000005, 'inv_time': 0.4236946392653301}",RELATED_TO
238752,273326,"{'time': 9.682559999999999, 'inv_time': 0.10327847180910835}",RELATED_TO
238752,273147,"{'time': 4.841279999999999, 'inv_time': 0.2065569436182167}",RELATED_TO
238752,273532,"{'time': 4.841279999999999, 'inv_time': 0.2065569436182167}",RELATED_TO
238752,273695,"{'time': 9.682559999999999, 'inv_time': 0.10327847180910835}",RELATED_TO
238752,275377,"{'time': 4.841279999999999, 'inv_time': 0.2065569436182167}",RELATED_TO
238752,274272,"{'time': 9.682559999999999, 'inv_time': 0.10327847180910835}",RELATED_TO
238752,274075,"{'time': 4.841279999999999, 'inv_time': 0.2065569436182167}",RELATED_TO
238752,273892,"{'time': 4.841279999999999, 'inv_time': 0.2065569436182167}",RELATED_TO
238752,274840,"{'time': 4.841279999999999, 'inv_time': 0.2065569436182167}",RELATED_TO
238752,276436,"{'time': 9.682559999999999, 'inv_time': 0.10327847180910835}",RELATED_TO
238752,275008,"{'time': 9.682559999999999, 'inv_time': 0.10327847180910835}",RELATED_TO
238752,276578,"{'time': 9.682559999999999, 'inv_time': 0.10327847180910835}",RELATED_TO
238752,276293,"{'time': 4.841279999999999, 'inv_time': 0.2065569436182167}",RELATED_TO
238752,275210,"{'time': 4.841279999999999, 'inv_time': 0.2065569436182167}",RELATED_TO
238752,276707,"{'time': 4.841279999999999, 'inv_time': 0.2065569436182167}",RELATED_TO
238752,278698,"{'time': 19.365119999999997, 'inv_time': 0.05163923590455417}",RELATED_TO
238752,278894,"{'time': 38.730239999999995, 'inv_time': 0.025819617952277087}",RELATED_TO
238752,278489,"{'time': 4.841279999999999, 'inv_time': 0.2065569436182167}",RELATED_TO
238752,280475,"{'time': 14.52384, 'inv_time': 0.06885231453940556}",RELATED_TO
238752,280379,"{'time': 9.682559999999999, 'inv_time': 0.10327847180910835}",RELATED_TO
238752,283206,"{'time': 4.841279999999999, 'inv_time': 0.2065569436182167}",RELATED_TO
238691,273326,"{'time': 9.682559999999999, 'inv_time': 0.10327847180910835}",RELATED_TO
238691,273147,"{'time': 4.841279999999999, 'inv_time': 0.2065569436182167}",RELATED_TO
238691,273532,"{'time': 4.841279999999999, 'inv_time': 0.2065569436182167}",RELATED_TO
238691,273695,"{'time': 9.682559999999999, 'inv_time': 0.10327847180910835}",RELATED_TO
238691,275377,"{'time': 4.841279999999999, 'inv_time': 0.2065569436182167}",RELATED_TO
238691,274272,"{'time': 9.682559999999999, 'inv_time': 0.10327847180910835}",RELATED_TO
238691,274075,"{'time': 4.841279999999999, 'inv_time': 0.2065569436182167}",RELATED_TO
238691,273892,"{'time': 4.841279999999999, 'inv_time': 0.2065569436182167}",RELATED_TO
238691,274840,"{'time': 4.841279999999999, 'inv_time': 0.2065569436182167}",RELATED_TO
238691,276436,"{'time': 9.682559999999999, 'inv_time': 0.10327847180910835}",RELATED_TO
238691,275008,"{'time': 9.682559999999999, 'inv_time': 0.10327847180910835}",RELATED_TO
238691,276578,"{'time': 9.682559999999999, 'inv_time': 0.10327847180910835}",RELATED_TO
238691,276293,"{'time': 4.841279999999999, 'inv_time': 0.2065569436182167}",RELATED_TO
238691,275210,"{'time': 4.841279999999999, 'inv_time': 0.2065569436182167}",RELATED_TO
238691,276707,"{'time': 4.841279999999999, 'inv_time': 0.2065569436182167}",RELATED_TO
238691,278698,"{'time': 19.365119999999997, 'inv_time': 0.05163923590455417}",RELATED_TO
238691,278894,"{'time': 38.730239999999995, 'inv_time': 0.025819617952277087}",RELATED_TO
238691,278489,"{'time': 4.841279999999999, 'inv_time': 0.2065569436182167}",RELATED_TO
238691,280475,"{'time': 14.52384, 'inv_time': 0.06885231453940556}",RELATED_TO
238691,280379,"{'time': 9.682559999999999, 'inv_time': 0.10327847180910835}",RELATED_TO
238691,283206,"{'time': 4.841279999999999, 'inv_time': 0.2065569436182167}",RELATED_TO
238651,273326,"{'time': 9.682559999999999, 'inv_time': 0.10327847180910835}",RELATED_TO
238651,273147,"{'time': 4.841279999999999, 'inv_time': 0.2065569436182167}",RELATED_TO
238651,273532,"{'time': 4.841279999999999, 'inv_time': 0.2065569436182167}",RELATED_TO
238651,273695,"{'time': 9.682559999999999, 'inv_time': 0.10327847180910835}",RELATED_TO
238651,275377,"{'time': 4.841279999999999, 'inv_time': 0.2065569436182167}",RELATED_TO
238651,274272,"{'time': 9.682559999999999, 'inv_time': 0.10327847180910835}",RELATED_TO
238651,274075,"{'time': 4.841279999999999, 'inv_time': 0.2065569436182167}",RELATED_TO
238651,273892,"{'time': 4.841279999999999, 'inv_time': 0.2065569436182167}",RELATED_TO
238651,274840,"{'time': 4.841279999999999, 'inv_time': 0.2065569436182167}",RELATED_TO
238651,276436,"{'time': 9.682559999999999, 'inv_time': 0.10327847180910835}",RELATED_TO
238651,275008,"{'time': 9.682559999999999, 'inv_time': 0.10327847180910835}",RELATED_TO
238651,276578,"{'time': 9.682559999999999, 'inv_time': 0.10327847180910835}",RELATED_TO
238651,276293,"{'time': 4.841279999999999, 'inv_time': 0.2065569436182167}",RELATED_TO
238651,275210,"{'time': 4.841279999999999, 'inv_time': 0.2065569436182167}",RELATED_TO
238651,276707,"{'time': 4.841279999999999, 'inv_time': 0.2065569436182167}",RELATED_TO
238651,278698,"{'time': 19.365119999999997, 'inv_time': 0.05163923590455417}",RELATED_TO
238651,278894,"{'time': 38.730239999999995, 'inv_time': 0.025819617952277087}",RELATED_TO
238651,278489,"{'time': 4.841279999999999, 'inv_time': 0.2065569436182167}",RELATED_TO
238651,280475,"{'time': 14.52384, 'inv_time': 0.06885231453940556}",RELATED_TO
238651,280379,"{'time': 9.682559999999999, 'inv_time': 0.10327847180910835}",RELATED_TO
238651,283206,"{'time': 4.841279999999999, 'inv_time': 0.2065569436182167}",RELATED_TO
238712,273326,"{'time': 9.682559999999999, 'inv_time': 0.10327847180910835}",RELATED_TO
238712,273147,"{'time': 4.841279999999999, 'inv_time': 0.2065569436182167}",RELATED_TO
238712,273532,"{'time': 4.841279999999999, 'inv_time': 0.2065569436182167}",RELATED_TO
238712,273695,"{'time': 9.682559999999999, 'inv_time': 0.10327847180910835}",RELATED_TO
238712,275377,"{'time': 4.841279999999999, 'inv_time': 0.2065569436182167}",RELATED_TO
238712,274272,"{'time': 9.682559999999999, 'inv_time': 0.10327847180910835}",RELATED_TO
238712,274075,"{'time': 4.841279999999999, 'inv_time': 0.2065569436182167}",RELATED_TO
238712,273892,"{'time': 4.841279999999999, 'inv_time': 0.2065569436182167}",RELATED_TO
238712,274840,"{'time': 4.841279999999999, 'inv_time': 0.2065569436182167}",RELATED_TO
238712,276436,"{'time': 9.682559999999999, 'inv_time': 0.10327847180910835}",RELATED_TO
238712,275008,"{'time': 9.682559999999999, 'inv_time': 0.10327847180910835}",RELATED_TO
238712,276578,"{'time': 9.682559999999999, 'inv_time': 0.10327847180910835}",RELATED_TO
238712,276293,"{'time': 4.841279999999999, 'inv_time': 0.2065569436182167}",RELATED_TO
238712,275210,"{'time': 4.841279999999999, 'inv_time': 0.2065569436182167}",RELATED_TO
238712,276707,"{'time': 4.841279999999999, 'inv_time': 0.2065569436182167}",RELATED_TO
238712,278698,"{'time': 19.365119999999997, 'inv_time': 0.05163923590455417}",RELATED_TO
238712,278894,"{'time': 38.730239999999995, 'inv_time': 0.025819617952277087}",RELATED_TO
238712,278489,"{'time': 4.841279999999999, 'inv_time': 0.2065569436182167}",RELATED_TO
238712,280475,"{'time': 14.52384, 'inv_time': 0.06885231453940556}",RELATED_TO
238712,280379,"{'time': 9.682559999999999, 'inv_time': 0.10327847180910835}",RELATED_TO
238712,283206,"{'time': 4.841279999999999, 'inv_time': 0.2065569436182167}",RELATED_TO
238732,273326,"{'time': 9.682559999999999, 'inv_time': 0.10327847180910835}",RELATED_TO
238732,273147,"{'time': 4.841279999999999, 'inv_time': 0.2065569436182167}",RELATED_TO
238732,273532,"{'time': 4.841279999999999, 'inv_time': 0.2065569436182167}",RELATED_TO
238732,273695,"{'time': 9.682559999999999, 'inv_time': 0.10327847180910835}",RELATED_TO
238732,275377,"{'time': 4.841279999999999, 'inv_time': 0.2065569436182167}",RELATED_TO
238732,274272,"{'time': 9.682559999999999, 'inv_time': 0.10327847180910835}",RELATED_TO
238732,274075,"{'time': 4.841279999999999, 'inv_time': 0.2065569436182167}",RELATED_TO
238732,273892,"{'time': 4.841279999999999, 'inv_time': 0.2065569436182167}",RELATED_TO
238732,274840,"{'time': 4.841279999999999, 'inv_time': 0.2065569436182167}",RELATED_TO
238732,276436,"{'time': 9.682559999999999, 'inv_time': 0.10327847180910835}",RELATED_TO
238732,275008,"{'time': 9.682559999999999, 'inv_time': 0.10327847180910835}",RELATED_TO
238732,276578,"{'time': 9.682559999999999, 'inv_time': 0.10327847180910835}",RELATED_TO
238732,276293,"{'time': 4.841279999999999, 'inv_time': 0.2065569436182167}",RELATED_TO
238732,275210,"{'time': 4.841279999999999, 'inv_time': 0.2065569436182167}",RELATED_TO
238732,276707,"{'time': 4.841279999999999, 'inv_time': 0.2065569436182167}",RELATED_TO
238732,278698,"{'time': 19.365119999999997, 'inv_time': 0.05163923590455417}",RELATED_TO
238732,278894,"{'time': 38.730239999999995, 'inv_time': 0.025819617952277087}",RELATED_TO
238732,278489,"{'time': 4.841279999999999, 'inv_time': 0.2065569436182167}",RELATED_TO
238732,280475,"{'time': 14.52384, 'inv_time': 0.06885231453940556}",RELATED_TO
238732,280379,"{'time': 9.682559999999999, 'inv_time': 0.10327847180910835}",RELATED_TO
238732,283206,"{'time': 4.841279999999999, 'inv_time': 0.2065569436182167}",RELATED_TO
238671,273326,"{'time': 9.682559999999999, 'inv_time': 0.10327847180910835}",RELATED_TO
238671,273147,"{'time': 4.841279999999999, 'inv_time': 0.2065569436182167}",RELATED_TO
238671,273532,"{'time': 4.841279999999999, 'inv_time': 0.2065569436182167}",RELATED_TO
238671,273695,"{'time': 9.682559999999999, 'inv_time': 0.10327847180910835}",RELATED_TO
238671,275377,"{'time': 4.841279999999999, 'inv_time': 0.2065569436182167}",RELATED_TO
238671,274272,"{'time': 9.682559999999999, 'inv_time': 0.10327847180910835}",RELATED_TO
238671,274075,"{'time': 4.841279999999999, 'inv_time': 0.2065569436182167}",RELATED_TO
238671,273892,"{'time': 4.841279999999999, 'inv_time': 0.2065569436182167}",RELATED_TO
238671,274840,"{'time': 4.841279999999999, 'inv_time': 0.2065569436182167}",RELATED_TO
238671,276436,"{'time': 9.682559999999999, 'inv_time': 0.10327847180910835}",RELATED_TO
238671,275008,"{'time': 9.682559999999999, 'inv_time': 0.10327847180910835}",RELATED_TO
238671,276578,"{'time': 9.682559999999999, 'inv_time': 0.10327847180910835}",RELATED_TO
238671,276293,"{'time': 4.841279999999999, 'inv_time': 0.2065569436182167}",RELATED_TO
238671,275210,"{'time': 4.841279999999999, 'inv_time': 0.2065569436182167}",RELATED_TO
238671,276707,"{'time': 4.841279999999999, 'inv_time': 0.2065569436182167}",RELATED_TO
238671,278698,"{'time': 19.365119999999997, 'inv_time': 0.05163923590455417}",RELATED_TO
238671,278894,"{'time': 38.730239999999995, 'inv_time': 0.025819617952277087}",RELATED_TO
238671,278489,"{'time': 4.841279999999999, 'inv_time': 0.2065569436182167}",RELATED_TO
238671,280475,"{'time': 14.52384, 'inv_time': 0.06885231453940556}",RELATED_TO
238671,280379,"{'time': 9.682559999999999, 'inv_time': 0.10327847180910835}",RELATED_TO
238671,283206,"{'time': 4.841279999999999, 'inv_time': 0.2065569436182167}",RELATED_TO
273326,240007,"{'time': 1.6655642200293137, 'inv_time': 0.6003971434871482}",RELATED_TO
273326,240017,"{'time': 1.6655642200293137, 'inv_time': 0.6003971434871482}",RELATED_TO
273326,239995,"{'time': 1.6655642200293137, 'inv_time': 0.6003971434871482}",RELATED_TO
273326,240029,"{'time': 1.6655642200293137, 'inv_time': 0.6003971434871482}",RELATED_TO
273326,240041,"{'time': 1.6655642200293137, 'inv_time': 0.6003971434871482}",RELATED_TO
273326,240107,"{'time': 1.6655642200293137, 'inv_time': 0.6003971434871482}",RELATED_TO
273326,240141,"{'time': 1.6655642200293137, 'inv_time': 0.6003971434871482}",RELATED_TO
273326,240119,"{'time': 1.6655642200293137, 'inv_time': 0.6003971434871482}",RELATED_TO
273326,240163,"{'time': 1.6655642200293137, 'inv_time': 0.6003971434871482}",RELATED_TO
273326,240355,"{'time': 1.6655642200293137, 'inv_time': 0.6003971434871482}",RELATED_TO
273326,240501,"{'time': 1.6655642200293137, 'inv_time': 0.6003971434871482}",RELATED_TO
273326,240467,"{'time': 1.6655642200293137, 'inv_time': 0.6003971434871482}",RELATED_TO
273326,240491,"{'time': 1.6655642200293137, 'inv_time': 0.6003971434871482}",RELATED_TO
273326,240581,"{'time': 1.6655642200293137, 'inv_time': 0.6003971434871482}",RELATED_TO
273326,240547,"{'time': 1.6655642200293137, 'inv_time': 0.6003971434871482}",RELATED_TO
273326,240591,"{'time': 1.6655642200293137, 'inv_time': 0.6003971434871482}",RELATED_TO
273326,240625,"{'time': 1.6655642200293137, 'inv_time': 0.6003971434871482}",RELATED_TO
273147,240007,"{'time': 1.6655642200293137, 'inv_time': 0.6003971434871482}",RELATED_TO
273147,240017,"{'time': 1.6655642200293137, 'inv_time': 0.6003971434871482}",RELATED_TO
273147,239995,"{'time': 1.6655642200293137, 'inv_time': 0.6003971434871482}",RELATED_TO
273147,240029,"{'time': 1.6655642200293137, 'inv_time': 0.6003971434871482}",RELATED_TO
273147,240041,"{'time': 1.6655642200293137, 'inv_time': 0.6003971434871482}",RELATED_TO
273147,240107,"{'time': 1.6655642200293137, 'inv_time': 0.6003971434871482}",RELATED_TO
273147,240141,"{'time': 1.6655642200293137, 'inv_time': 0.6003971434871482}",RELATED_TO
273147,240119,"{'time': 1.6655642200293137, 'inv_time': 0.6003971434871482}",RELATED_TO
273147,240163,"{'time': 1.6655642200293137, 'inv_time': 0.6003971434871482}",RELATED_TO
273147,240355,"{'time': 1.6655642200293137, 'inv_time': 0.6003971434871482}",RELATED_TO
273147,240501,"{'time': 1.6655642200293137, 'inv_time': 0.6003971434871482}",RELATED_TO
273147,240467,"{'time': 1.6655642200293137, 'inv_time': 0.6003971434871482}",RELATED_TO
273147,240491,"{'time': 1.6655642200293137, 'inv_time': 0.6003971434871482}",RELATED_TO
273147,240581,"{'time': 1.6655642200293137, 'inv_time': 0.6003971434871482}",RELATED_TO
273147,240547,"{'time': 1.6655642200293137, 'inv_time': 0.6003971434871482}",RELATED_TO
273147,240591,"{'time': 1.6655642200293137, 'inv_time': 0.6003971434871482}",RELATED_TO
273147,240625,"{'time': 1.6655642200293137, 'inv_time': 0.6003971434871482}",RELATED_TO
273532,240007,"{'time': 1.6655642200293137, 'inv_time': 0.6003971434871482}",RELATED_TO
273532,240017,"{'time': 1.6655642200293137, 'inv_time': 0.6003971434871482}",RELATED_TO
273532,239995,"{'time': 1.6655642200293137, 'inv_time': 0.6003971434871482}",RELATED_TO
273532,240029,"{'time': 1.6655642200293137, 'inv_time': 0.6003971434871482}",RELATED_TO
273532,240041,"{'time': 1.6655642200293137, 'inv_time': 0.6003971434871482}",RELATED_TO
273532,240107,"{'time': 1.6655642200293137, 'inv_time': 0.6003971434871482}",RELATED_TO
273532,240141,"{'time': 1.6655642200293137, 'inv_time': 0.6003971434871482}",RELATED_TO
273532,240119,"{'time': 1.6655642200293137, 'inv_time': 0.6003971434871482}",RELATED_TO
273532,240163,"{'time': 1.6655642200293137, 'inv_time': 0.6003971434871482}",RELATED_TO
273532,240355,"{'time': 1.6655642200293137, 'inv_time': 0.6003971434871482}",RELATED_TO
273532,240501,"{'time': 1.6655642200293137, 'inv_time': 0.6003971434871482}",RELATED_TO
273532,240467,"{'time': 1.6655642200293137, 'inv_time': 0.6003971434871482}",RELATED_TO
273532,240491,"{'time': 1.6655642200293137, 'inv_time': 0.6003971434871482}",RELATED_TO
273532,240581,"{'time': 1.6655642200293137, 'inv_time': 0.6003971434871482}",RELATED_TO
273532,240547,"{'time': 1.6655642200293137, 'inv_time': 0.6003971434871482}",RELATED_TO
273532,240591,"{'time': 1.6655642200293137, 'inv_time': 0.6003971434871482}",RELATED_TO
273532,240625,"{'time': 1.6655642200293137, 'inv_time': 0.6003971434871482}",RELATED_TO
273695,240007,"{'time': 1.6655642200293137, 'inv_time': 0.6003971434871482}",RELATED_TO
273695,240017,"{'time': 1.6655642200293137, 'inv_time': 0.6003971434871482}",RELATED_TO
273695,239995,"{'time': 1.6655642200293137, 'inv_time': 0.6003971434871482}",RELATED_TO
273695,240029,"{'time': 1.6655642200293137, 'inv_time': 0.6003971434871482}",RELATED_TO
273695,240041,"{'time': 1.6655642200293137, 'inv_time': 0.6003971434871482}",RELATED_TO
273695,240107,"{'time': 1.6655642200293137, 'inv_time': 0.6003971434871482}",RELATED_TO
273695,240141,"{'time': 1.6655642200293137, 'inv_time': 0.6003971434871482}",RELATED_TO
273695,240119,"{'time': 1.6655642200293137, 'inv_time': 0.6003971434871482}",RELATED_TO
273695,240163,"{'time': 1.6655642200293137, 'inv_time': 0.6003971434871482}",RELATED_TO
273695,240355,"{'time': 1.6655642200293137, 'inv_time': 0.6003971434871482}",RELATED_TO
273695,240501,"{'time': 1.6655642200293137, 'inv_time': 0.6003971434871482}",RELATED_TO
273695,240467,"{'time': 1.6655642200293137, 'inv_time': 0.6003971434871482}",RELATED_TO
273695,240491,"{'time': 1.6655642200293137, 'inv_time': 0.6003971434871482}",RELATED_TO
273695,240581,"{'time': 1.6655642200293137, 'inv_time': 0.6003971434871482}",RELATED_TO
273695,240547,"{'time': 1.6655642200293137, 'inv_time': 0.6003971434871482}",RELATED_TO
273695,240591,"{'time': 1.6655642200293137, 'inv_time': 0.6003971434871482}",RELATED_TO
273695,240625,"{'time': 1.6655642200293137, 'inv_time': 0.6003971434871482}",RELATED_TO
275377,240007,"{'time': 1.6655642200293137, 'inv_time': 0.6003971434871482}",RELATED_TO
275377,240017,"{'time': 1.6655642200293137, 'inv_time': 0.6003971434871482}",RELATED_TO
275377,239995,"{'time': 1.6655642200293137, 'inv_time': 0.6003971434871482}",RELATED_TO
275377,240029,"{'time': 1.6655642200293137, 'inv_time': 0.6003971434871482}",RELATED_TO
275377,240041,"{'time': 1.6655642200293137, 'inv_time': 0.6003971434871482}",RELATED_TO
275377,240107,"{'time': 1.6655642200293137, 'inv_time': 0.6003971434871482}",RELATED_TO
275377,240141,"{'time': 1.6655642200293137, 'inv_time': 0.6003971434871482}",RELATED_TO
275377,240119,"{'time': 1.6655642200293137, 'inv_time': 0.6003971434871482}",RELATED_TO
275377,240163,"{'time': 1.6655642200293137, 'inv_time': 0.6003971434871482}",RELATED_TO
275377,240355,"{'time': 1.6655642200293137, 'inv_time': 0.6003971434871482}",RELATED_TO
275377,240501,"{'time': 1.6655642200293137, 'inv_time': 0.6003971434871482}",RELATED_TO
275377,240467,"{'time': 1.6655642200293137, 'inv_time': 0.6003971434871482}",RELATED_TO
275377,240491,"{'time': 1.6655642200293137, 'inv_time': 0.6003971434871482}",RELATED_TO
275377,240581,"{'time': 1.6655642200293137, 'inv_time': 0.6003971434871482}",RELATED_TO
275377,240547,"{'time': 1.6655642200293137, 'inv_time': 0.6003971434871482}",RELATED_TO
275377,240591,"{'time': 1.6655642200293137, 'inv_time': 0.6003971434871482}",RELATED_TO
275377,240625,"{'time': 1.6655642200293137, 'inv_time': 0.6003971434871482}",RELATED_TO
274272,240007,"{'time': 1.6655642200293137, 'inv_time': 0.6003971434871482}",RELATED_TO
274272,240017,"{'time': 1.6655642200293137, 'inv_time': 0.6003971434871482}",RELATED_TO
274272,239995,"{'time': 1.6655642200293137, 'inv_time': 0.6003971434871482}",RELATED_TO
274272,240029,"{'time': 1.6655642200293137, 'inv_time': 0.6003971434871482}",RELATED_TO
274272,240041,"{'time': 1.6655642200293137, 'inv_time': 0.6003971434871482}",RELATED_TO
274272,240107,"{'time': 1.6655642200293137, 'inv_time': 0.6003971434871482}",RELATED_TO
274272,240141,"{'time': 1.6655642200293137, 'inv_time': 0.6003971434871482}",RELATED_TO
274272,240119,"{'time': 1.6655642200293137, 'inv_time': 0.6003971434871482}",RELATED_TO
274272,240163,"{'time': 1.6655642200293137, 'inv_time': 0.6003971434871482}",RELATED_TO
274272,240355,"{'time': 1.6655642200293137, 'inv_time': 0.6003971434871482}",RELATED_TO
274272,240501,"{'time': 1.6655642200293137, 'inv_time': 0.6003971434871482}",RELATED_TO
274272,240467,"{'time': 1.6655642200293137, 'inv_time': 0.6003971434871482}",RELATED_TO
274272,240491,"{'time': 1.6655642200293137, 'inv_time': 0.6003971434871482}",RELATED_TO
274272,240581,"{'time': 1.6655642200293137, 'inv_time': 0.6003971434871482}",RELATED_TO
274272,240547,"{'time': 1.6655642200293137, 'inv_time': 0.6003971434871482}",RELATED_TO
274272,240591,"{'time': 1.6655642200293137, 'inv_time': 0.6003971434871482}",RELATED_TO
274272,240625,"{'time': 1.6655642200293137, 'inv_time': 0.6003971434871482}",RELATED_TO
274075,240007,"{'time': 1.6655642200293137, 'inv_time': 0.6003971434871482}",RELATED_TO
274075,240017,"{'time': 1.6655642200293137, 'inv_time': 0.6003971434871482}",RELATED_TO
274075,239995,"{'time': 1.6655642200293137, 'inv_time': 0.6003971434871482}",RELATED_TO
274075,240029,"{'time': 1.6655642200293137, 'inv_time': 0.6003971434871482}",RELATED_TO
274075,240041,"{'time': 1.6655642200293137, 'inv_time': 0.6003971434871482}",RELATED_TO
274075,240107,"{'time': 1.6655642200293137, 'inv_time': 0.6003971434871482}",RELATED_TO
274075,240141,"{'time': 1.6655642200293137, 'inv_time': 0.6003971434871482}",RELATED_TO
274075,240119,"{'time': 1.6655642200293137, 'inv_time': 0.6003971434871482}",RELATED_TO
274075,240163,"{'time': 1.6655642200293137, 'inv_time': 0.6003971434871482}",RELATED_TO
274075,240355,"{'time': 1.6655642200293137, 'inv_time': 0.6003971434871482}",RELATED_TO
274075,240501,"{'time': 1.6655642200293137, 'inv_time': 0.6003971434871482}",RELATED_TO
274075,240467,"{'time': 1.6655642200293137, 'inv_time': 0.6003971434871482}",RELATED_TO
274075,240491,"{'time': 1.6655642200293137, 'inv_time': 0.6003971434871482}",RELATED_TO
274075,240581,"{'time': 1.6655642200293137, 'inv_time': 0.6003971434871482}",RELATED_TO
274075,240547,"{'time': 1.6655642200293137, 'inv_time': 0.6003971434871482}",RELATED_TO
274075,240591,"{'time': 1.6655642200293137, 'inv_time': 0.6003971434871482}",RELATED_TO
274075,240625,"{'time': 1.6655642200293137, 'inv_time': 0.6003971434871482}",RELATED_TO
273892,240007,"{'time': 1.6655642200293137, 'inv_time': 0.6003971434871482}",RELATED_TO
273892,240017,"{'time': 1.6655642200293137, 'inv_time': 0.6003971434871482}",RELATED_TO
273892,239995,"{'time': 1.6655642200293137, 'inv_time': 0.6003971434871482}",RELATED_TO
273892,240029,"{'time': 1.6655642200293137, 'inv_time': 0.6003971434871482}",RELATED_TO
273892,240041,"{'time': 1.6655642200293137, 'inv_time': 0.6003971434871482}",RELATED_TO
273892,240107,"{'time': 1.6655642200293137, 'inv_time': 0.6003971434871482}",RELATED_TO
273892,240141,"{'time': 1.6655642200293137, 'inv_time': 0.6003971434871482}",RELATED_TO
273892,240119,"{'time': 1.6655642200293137, 'inv_time': 0.6003971434871482}",RELATED_TO
273892,240163,"{'time': 1.6655642200293137, 'inv_time': 0.6003971434871482}",RELATED_TO
273892,240355,"{'time': 1.6655642200293137, 'inv_time': 0.6003971434871482}",RELATED_TO
273892,240501,"{'time': 1.6655642200293137, 'inv_time': 0.6003971434871482}",RELATED_TO
273892,240467,"{'time': 1.6655642200293137, 'inv_time': 0.6003971434871482}",RELATED_TO
273892,240491,"{'time': 1.6655642200293137, 'inv_time': 0.6003971434871482}",RELATED_TO
273892,240581,"{'time': 1.6655642200293137, 'inv_time': 0.6003971434871482}",RELATED_TO
273892,240547,"{'time': 1.6655642200293137, 'inv_time': 0.6003971434871482}",RELATED_TO
273892,240591,"{'time': 1.6655642200293137, 'inv_time': 0.6003971434871482}",RELATED_TO
273892,240625,"{'time': 1.6655642200293137, 'inv_time': 0.6003971434871482}",RELATED_TO
274840,240007,"{'time': 1.6655642200293137, 'inv_time': 0.6003971434871482}",RELATED_TO
274840,240017,"{'time': 1.6655642200293137, 'inv_time': 0.6003971434871482}",RELATED_TO
274840,239995,"{'time': 1.6655642200293137, 'inv_time': 0.6003971434871482}",RELATED_TO
274840,240029,"{'time': 1.6655642200293137, 'inv_time': 0.6003971434871482}",RELATED_TO
274840,240041,"{'time': 1.6655642200293137, 'inv_time': 0.6003971434871482}",RELATED_TO
274840,240107,"{'time': 1.6655642200293137, 'inv_time': 0.6003971434871482}",RELATED_TO
274840,240141,"{'time': 1.6655642200293137, 'inv_time': 0.6003971434871482}",RELATED_TO
274840,240119,"{'time': 1.6655642200293137, 'inv_time': 0.6003971434871482}",RELATED_TO
274840,240163,"{'time': 1.6655642200293137, 'inv_time': 0.6003971434871482}",RELATED_TO
274840,240355,"{'time': 1.6655642200293137, 'inv_time': 0.6003971434871482}",RELATED_TO
274840,240501,"{'time': 1.6655642200293137, 'inv_time': 0.6003971434871482}",RELATED_TO
274840,240467,"{'time': 1.6655642200293137, 'inv_time': 0.6003971434871482}",RELATED_TO
274840,240491,"{'time': 1.6655642200293137, 'inv_time': 0.6003971434871482}",RELATED_TO
274840,240581,"{'time': 1.6655642200293137, 'inv_time': 0.6003971434871482}",RELATED_TO
274840,240547,"{'time': 1.6655642200293137, 'inv_time': 0.6003971434871482}",RELATED_TO
274840,240591,"{'time': 1.6655642200293137, 'inv_time': 0.6003971434871482}",RELATED_TO
274840,240625,"{'time': 1.6655642200293137, 'inv_time': 0.6003971434871482}",RELATED_TO
276436,240007,"{'time': 1.6655642200293137, 'inv_time': 0.6003971434871482}",RELATED_TO
276436,240017,"{'time': 1.6655642200293137, 'inv_time': 0.6003971434871482}",RELATED_TO
276436,239995,"{'time': 1.6655642200293137, 'inv_time': 0.6003971434871482}",RELATED_TO
276436,240029,"{'time': 1.6655642200293137, 'inv_time': 0.6003971434871482}",RELATED_TO
276436,240041,"{'time': 1.6655642200293137, 'inv_time': 0.6003971434871482}",RELATED_TO
276436,240107,"{'time': 1.6655642200293137, 'inv_time': 0.6003971434871482}",RELATED_TO
276436,240141,"{'time': 1.6655642200293137, 'inv_time': 0.6003971434871482}",RELATED_TO
276436,240119,"{'time': 1.6655642200293137, 'inv_time': 0.6003971434871482}",RELATED_TO
276436,240163,"{'time': 1.6655642200293137, 'inv_time': 0.6003971434871482}",RELATED_TO
276436,240355,"{'time': 1.6655642200293137, 'inv_time': 0.6003971434871482}",RELATED_TO
276436,240501,"{'time': 1.6655642200293137, 'inv_time': 0.6003971434871482}",RELATED_TO
276436,240467,"{'time': 1.6655642200293137, 'inv_time': 0.6003971434871482}",RELATED_TO
276436,240491,"{'time': 1.6655642200293137, 'inv_time': 0.6003971434871482}",RELATED_TO
276436,240581,"{'time': 1.6655642200293137, 'inv_time': 0.6003971434871482}",RELATED_TO
276436,240547,"{'time': 1.6655642200293137, 'inv_time': 0.6003971434871482}",RELATED_TO
276436,240591,"{'time': 1.6655642200293137, 'inv_time': 0.6003971434871482}",RELATED_TO
276436,240625,"{'time': 1.6655642200293137, 'inv_time': 0.6003971434871482}",RELATED_TO
275008,240007,"{'time': 1.6655642200293137, 'inv_time': 0.6003971434871482}",RELATED_TO
275008,240017,"{'time': 1.6655642200293137, 'inv_time': 0.6003971434871482}",RELATED_TO
275008,239995,"{'time': 1.6655642200293137, 'inv_time': 0.6003971434871482}",RELATED_TO
275008,240029,"{'time': 1.6655642200293137, 'inv_time': 0.6003971434871482}",RELATED_TO
275008,240041,"{'time': 1.6655642200293137, 'inv_time': 0.6003971434871482}",RELATED_TO
275008,240107,"{'time': 1.6655642200293137, 'inv_time': 0.6003971434871482}",RELATED_TO
275008,240141,"{'time': 1.6655642200293137, 'inv_time': 0.6003971434871482}",RELATED_TO
275008,240119,"{'time': 1.6655642200293137, 'inv_time': 0.6003971434871482}",RELATED_TO
275008,240163,"{'time': 1.6655642200293137, 'inv_time': 0.6003971434871482}",RELATED_TO
275008,240355,"{'time': 1.6655642200293137, 'inv_time': 0.6003971434871482}",RELATED_TO
275008,240501,"{'time': 1.6655642200293137, 'inv_time': 0.6003971434871482}",RELATED_TO
275008,240467,"{'time': 1.6655642200293137, 'inv_time': 0.6003971434871482}",RELATED_TO
275008,240491,"{'time': 1.6655642200293137, 'inv_time': 0.6003971434871482}",RELATED_TO
275008,240581,"{'time': 1.6655642200293137, 'inv_time': 0.6003971434871482}",RELATED_TO
275008,240547,"{'time': 1.6655642200293137, 'inv_time': 0.6003971434871482}",RELATED_TO
275008,240591,"{'time': 1.6655642200293137, 'inv_time': 0.6003971434871482}",RELATED_TO
275008,240625,"{'time': 1.6655642200293137, 'inv_time': 0.6003971434871482}",RELATED_TO
276578,240007,"{'time': 1.6655642200293137, 'inv_time': 0.6003971434871482}",RELATED_TO
276578,240017,"{'time': 1.6655642200293137, 'inv_time': 0.6003971434871482}",RELATED_TO
276578,239995,"{'time': 1.6655642200293137, 'inv_time': 0.6003971434871482}",RELATED_TO
276578,240029,"{'time': 1.6655642200293137, 'inv_time': 0.6003971434871482}",RELATED_TO
276578,240041,"{'time': 1.6655642200293137, 'inv_time': 0.6003971434871482}",RELATED_TO
276578,240107,"{'time': 1.6655642200293137, 'inv_time': 0.6003971434871482}",RELATED_TO
276578,240141,"{'time': 1.6655642200293137, 'inv_time': 0.6003971434871482}",RELATED_TO
276578,240119,"{'time': 1.6655642200293137, 'inv_time': 0.6003971434871482}",RELATED_TO
276578,240163,"{'time': 1.6655642200293137, 'inv_time': 0.6003971434871482}",RELATED_TO
276578,240355,"{'time': 1.6655642200293137, 'inv_time': 0.6003971434871482}",RELATED_TO
276578,240501,"{'time': 1.6655642200293137, 'inv_time': 0.6003971434871482}",RELATED_TO
276578,240467,"{'time': 1.6655642200293137, 'inv_time': 0.6003971434871482}",RELATED_TO
276578,240491,"{'time': 1.6655642200293137, 'inv_time': 0.6003971434871482}",RELATED_TO
276578,240581,"{'time': 1.6655642200293137, 'inv_time': 0.6003971434871482}",RELATED_TO
276578,240547,"{'time': 1.6655642200293137, 'inv_time': 0.6003971434871482}",RELATED_TO
276578,240591,"{'time': 1.6655642200293137, 'inv_time': 0.6003971434871482}",RELATED_TO
276578,240625,"{'time': 1.6655642200293137, 'inv_time': 0.6003971434871482}",RELATED_TO
276293,240007,"{'time': 1.6655642200293137, 'inv_time': 0.6003971434871482}",RELATED_TO
276293,240017,"{'time': 1.6655642200293137, 'inv_time': 0.6003971434871482}",RELATED_TO
276293,239995,"{'time': 1.6655642200293137, 'inv_time': 0.6003971434871482}",RELATED_TO
276293,240029,"{'time': 1.6655642200293137, 'inv_time': 0.6003971434871482}",RELATED_TO
276293,240041,"{'time': 1.6655642200293137, 'inv_time': 0.6003971434871482}",RELATED_TO
276293,240107,"{'time': 1.6655642200293137, 'inv_time': 0.6003971434871482}",RELATED_TO
276293,240141,"{'time': 1.6655642200293137, 'inv_time': 0.6003971434871482}",RELATED_TO
276293,240119,"{'time': 1.6655642200293137, 'inv_time': 0.6003971434871482}",RELATED_TO
276293,240163,"{'time': 1.6655642200293137, 'inv_time': 0.6003971434871482}",RELATED_TO
276293,240355,"{'time': 1.6655642200293137, 'inv_time': 0.6003971434871482}",RELATED_TO
276293,240501,"{'time': 1.6655642200293137, 'inv_time': 0.6003971434871482}",RELATED_TO
276293,240467,"{'time': 1.6655642200293137, 'inv_time': 0.6003971434871482}",RELATED_TO
276293,240491,"{'time': 1.6655642200293137, 'inv_time': 0.6003971434871482}",RELATED_TO
276293,240581,"{'time': 1.6655642200293137, 'inv_time': 0.6003971434871482}",RELATED_TO
276293,240547,"{'time': 1.6655642200293137, 'inv_time': 0.6003971434871482}",RELATED_TO
276293,240591,"{'time': 1.6655642200293137, 'inv_time': 0.6003971434871482}",RELATED_TO
276293,240625,"{'time': 1.6655642200293137, 'inv_time': 0.6003971434871482}",RELATED_TO
275210,240007,"{'time': 1.6655642200293137, 'inv_time': 0.6003971434871482}",RELATED_TO
275210,240017,"{'time': 1.6655642200293137, 'inv_time': 0.6003971434871482}",RELATED_TO
275210,239995,"{'time': 1.6655642200293137, 'inv_time': 0.6003971434871482}",RELATED_TO
275210,240029,"{'time': 1.6655642200293137, 'inv_time': 0.6003971434871482}",RELATED_TO
275210,240041,"{'time': 1.6655642200293137, 'inv_time': 0.6003971434871482}",RELATED_TO
275210,240107,"{'time': 1.6655642200293137, 'inv_time': 0.6003971434871482}",RELATED_TO
275210,240141,"{'time': 1.6655642200293137, 'inv_time': 0.6003971434871482}",RELATED_TO
275210,240119,"{'time': 1.6655642200293137, 'inv_time': 0.6003971434871482}",RELATED_TO
275210,240163,"{'time': 1.6655642200293137, 'inv_time': 0.6003971434871482}",RELATED_TO
275210,240355,"{'time': 1.6655642200293137, 'inv_time': 0.6003971434871482}",RELATED_TO
275210,240501,"{'time': 1.6655642200293137, 'inv_time': 0.6003971434871482}",RELATED_TO
275210,240467,"{'time': 1.6655642200293137, 'inv_time': 0.6003971434871482}",RELATED_TO
275210,240491,"{'time': 1.6655642200293137, 'inv_time': 0.6003971434871482}",RELATED_TO
275210,240581,"{'time': 1.6655642200293137, 'inv_time': 0.6003971434871482}",RELATED_TO
275210,240547,"{'time': 1.6655642200293137, 'inv_time': 0.6003971434871482}",RELATED_TO
275210,240591,"{'time': 1.6655642200293137, 'inv_time': 0.6003971434871482}",RELATED_TO
275210,240625,"{'time': 1.6655642200293137, 'inv_time': 0.6003971434871482}",RELATED_TO
276707,240007,"{'time': 1.6655642200293137, 'inv_time': 0.6003971434871482}",RELATED_TO
276707,240017,"{'time': 1.6655642200293137, 'inv_time': 0.6003971434871482}",RELATED_TO
276707,239995,"{'time': 1.6655642200293137, 'inv_time': 0.6003971434871482}",RELATED_TO
276707,240029,"{'time': 1.6655642200293137, 'inv_time': 0.6003971434871482}",RELATED_TO
276707,240041,"{'time': 1.6655642200293137, 'inv_time': 0.6003971434871482}",RELATED_TO
276707,240107,"{'time': 1.6655642200293137, 'inv_time': 0.6003971434871482}",RELATED_TO
276707,240141,"{'time': 1.6655642200293137, 'inv_time': 0.6003971434871482}",RELATED_TO
276707,240119,"{'time': 1.6655642200293137, 'inv_time': 0.6003971434871482}",RELATED_TO
276707,240163,"{'time': 1.6655642200293137, 'inv_time': 0.6003971434871482}",RELATED_TO
276707,240355,"{'time': 1.6655642200293137, 'inv_time': 0.6003971434871482}",RELATED_TO
276707,240501,"{'time': 1.6655642200293137, 'inv_time': 0.6003971434871482}",RELATED_TO
276707,240467,"{'time': 1.6655642200293137, 'inv_time': 0.6003971434871482}",RELATED_TO
276707,240491,"{'time': 1.6655642200293137, 'inv_time': 0.6003971434871482}",RELATED_TO
276707,240581,"{'time': 1.6655642200293137, 'inv_time': 0.6003971434871482}",RELATED_TO
276707,240547,"{'time': 1.6655642200293137, 'inv_time': 0.6003971434871482}",RELATED_TO
276707,240591,"{'time': 1.6655642200293137, 'inv_time': 0.6003971434871482}",RELATED_TO
276707,240625,"{'time': 1.6655642200293137, 'inv_time': 0.6003971434871482}",RELATED_TO
278698,240007,"{'time': 1.6655642200293137, 'inv_time': 0.6003971434871482}",RELATED_TO
278698,240017,"{'time': 1.6655642200293137, 'inv_time': 0.6003971434871482}",RELATED_TO
278698,239995,"{'time': 1.6655642200293137, 'inv_time': 0.6003971434871482}",RELATED_TO
278698,240029,"{'time': 1.6655642200293137, 'inv_time': 0.6003971434871482}",RELATED_TO
278698,240041,"{'time': 1.6655642200293137, 'inv_time': 0.6003971434871482}",RELATED_TO
278698,240107,"{'time': 1.6655642200293137, 'inv_time': 0.6003971434871482}",RELATED_TO
278698,240141,"{'time': 1.6655642200293137, 'inv_time': 0.6003971434871482}",RELATED_TO
278698,240119,"{'time': 1.6655642200293137, 'inv_time': 0.6003971434871482}",RELATED_TO
278698,240163,"{'time': 1.6655642200293137, 'inv_time': 0.6003971434871482}",RELATED_TO
278698,240355,"{'time': 1.6655642200293137, 'inv_time': 0.6003971434871482}",RELATED_TO
278698,240501,"{'time': 1.6655642200293137, 'inv_time': 0.6003971434871482}",RELATED_TO
278698,240467,"{'time': 1.6655642200293137, 'inv_time': 0.6003971434871482}",RELATED_TO
278698,240491,"{'time': 1.6655642200293137, 'inv_time': 0.6003971434871482}",RELATED_TO
278698,240581,"{'time': 1.6655642200293137, 'inv_time': 0.6003971434871482}",RELATED_TO
278698,240547,"{'time': 1.6655642200293137, 'inv_time': 0.6003971434871482}",RELATED_TO
278698,240591,"{'time': 1.6655642200293137, 'inv_time': 0.6003971434871482}",RELATED_TO
278698,240625,"{'time': 1.6655642200293137, 'inv_time': 0.6003971434871482}",RELATED_TO
278894,240007,"{'time': 1.6655642200293137, 'inv_time': 0.6003971434871482}",RELATED_TO
278894,240017,"{'time': 1.6655642200293137, 'inv_time': 0.6003971434871482}",RELATED_TO
278894,239995,"{'time': 1.6655642200293137, 'inv_time': 0.6003971434871482}",RELATED_TO
278894,240029,"{'time': 1.6655642200293137, 'inv_time': 0.6003971434871482}",RELATED_TO
278894,240041,"{'time': 1.6655642200293137, 'inv_time': 0.6003971434871482}",RELATED_TO
278894,240107,"{'time': 1.6655642200293137, 'inv_time': 0.6003971434871482}",RELATED_TO
278894,240141,"{'time': 1.6655642200293137, 'inv_time': 0.6003971434871482}",RELATED_TO
278894,240119,"{'time': 1.6655642200293137, 'inv_time': 0.6003971434871482}",RELATED_TO
278894,240163,"{'time': 1.6655642200293137, 'inv_time': 0.6003971434871482}",RELATED_TO
278894,240355,"{'time': 1.6655642200293137, 'inv_time': 0.6003971434871482}",RELATED_TO
278894,240501,"{'time': 1.6655642200293137, 'inv_time': 0.6003971434871482}",RELATED_TO
278894,240467,"{'time': 1.6655642200293137, 'inv_time': 0.6003971434871482}",RELATED_TO
278894,240491,"{'time': 1.6655642200293137, 'inv_time': 0.6003971434871482}",RELATED_TO
278894,240581,"{'time': 1.6655642200293137, 'inv_time': 0.6003971434871482}",RELATED_TO
278894,240547,"{'time': 1.6655642200293137, 'inv_time': 0.6003971434871482}",RELATED_TO
278894,240591,"{'time': 1.6655642200293137, 'inv_time': 0.6003971434871482}",RELATED_TO
278894,240625,"{'time': 1.6655642200293137, 'inv_time': 0.6003971434871482}",RELATED_TO
278489,240007,"{'time': 1.6655642200293137, 'inv_time': 0.6003971434871482}",RELATED_TO
278489,240017,"{'time': 1.6655642200293137, 'inv_time': 0.6003971434871482}",RELATED_TO
278489,239995,"{'time': 1.6655642200293137, 'inv_time': 0.6003971434871482}",RELATED_TO
278489,240029,"{'time': 1.6655642200293137, 'inv_time': 0.6003971434871482}",RELATED_TO
278489,240041,"{'time': 1.6655642200293137, 'inv_time': 0.6003971434871482}",RELATED_TO
278489,240107,"{'time': 1.6655642200293137, 'inv_time': 0.6003971434871482}",RELATED_TO
278489,240141,"{'time': 1.6655642200293137, 'inv_time': 0.6003971434871482}",RELATED_TO
278489,240119,"{'time': 1.6655642200293137, 'inv_time': 0.6003971434871482}",RELATED_TO
278489,240163,"{'time': 1.6655642200293137, 'inv_time': 0.6003971434871482}",RELATED_TO
278489,240355,"{'time': 1.6655642200293137, 'inv_time': 0.6003971434871482}",RELATED_TO
278489,240501,"{'time': 1.6655642200293137, 'inv_time': 0.6003971434871482}",RELATED_TO
278489,240467,"{'time': 1.6655642200293137, 'inv_time': 0.6003971434871482}",RELATED_TO
278489,240491,"{'time': 1.6655642200293137, 'inv_time': 0.6003971434871482}",RELATED_TO
278489,240581,"{'time': 1.6655642200293137, 'inv_time': 0.6003971434871482}",RELATED_TO
278489,240547,"{'time': 1.6655642200293137, 'inv_time': 0.6003971434871482}",RELATED_TO
278489,240591,"{'time': 1.6655642200293137, 'inv_time': 0.6003971434871482}",RELATED_TO
278489,240625,"{'time': 1.6655642200293137, 'inv_time': 0.6003971434871482}",RELATED_TO
280475,240007,"{'time': 1.6655642200293137, 'inv_time': 0.6003971434871482}",RELATED_TO
280475,240017,"{'time': 1.6655642200293137, 'inv_time': 0.6003971434871482}",RELATED_TO
280475,239995,"{'time': 1.6655642200293137, 'inv_time': 0.6003971434871482}",RELATED_TO
280475,240029,"{'time': 1.6655642200293137, 'inv_time': 0.6003971434871482}",RELATED_TO
280475,240041,"{'time': 1.6655642200293137, 'inv_time': 0.6003971434871482}",RELATED_TO
280475,240107,"{'time': 1.6655642200293137, 'inv_time': 0.6003971434871482}",RELATED_TO
280475,240141,"{'time': 1.6655642200293137, 'inv_time': 0.6003971434871482}",RELATED_TO
280475,240119,"{'time': 1.6655642200293137, 'inv_time': 0.6003971434871482}",RELATED_TO
280475,240163,"{'time': 1.6655642200293137, 'inv_time': 0.6003971434871482}",RELATED_TO
280475,240355,"{'time': 1.6655642200293137, 'inv_time': 0.6003971434871482}",RELATED_TO
280475,240501,"{'time': 1.6655642200293137, 'inv_time': 0.6003971434871482}",RELATED_TO
280475,240467,"{'time': 1.6655642200293137, 'inv_time': 0.6003971434871482}",RELATED_TO
280475,240491,"{'time': 1.6655642200293137, 'inv_time': 0.6003971434871482}",RELATED_TO
280475,240581,"{'time': 1.6655642200293137, 'inv_time': 0.6003971434871482}",RELATED_TO
280475,240547,"{'time': 1.6655642200293137, 'inv_time': 0.6003971434871482}",RELATED_TO
280475,240591,"{'time': 1.6655642200293137, 'inv_time': 0.6003971434871482}",RELATED_TO
280475,240625,"{'time': 1.6655642200293137, 'inv_time': 0.6003971434871482}",RELATED_TO
280379,240007,"{'time': 1.6655642200293137, 'inv_time': 0.6003971434871482}",RELATED_TO
280379,240017,"{'time': 1.6655642200293137, 'inv_time': 0.6003971434871482}",RELATED_TO
280379,239995,"{'time': 1.6655642200293137, 'inv_time': 0.6003971434871482}",RELATED_TO
280379,240029,"{'time': 1.6655642200293137, 'inv_time': 0.6003971434871482}",RELATED_TO
280379,240041,"{'time': 1.6655642200293137, 'inv_time': 0.6003971434871482}",RELATED_TO
280379,240107,"{'time': 1.6655642200293137, 'inv_time': 0.6003971434871482}",RELATED_TO
280379,240141,"{'time': 1.6655642200293137, 'inv_time': 0.6003971434871482}",RELATED_TO
280379,240119,"{'time': 1.6655642200293137, 'inv_time': 0.6003971434871482}",RELATED_TO
280379,240163,"{'time': 1.6655642200293137, 'inv_time': 0.6003971434871482}",RELATED_TO
280379,240355,"{'time': 1.6655642200293137, 'inv_time': 0.6003971434871482}",RELATED_TO
280379,240501,"{'time': 1.6655642200293137, 'inv_time': 0.6003971434871482}",RELATED_TO
280379,240467,"{'time': 1.6655642200293137, 'inv_time': 0.6003971434871482}",RELATED_TO
280379,240491,"{'time': 1.6655642200293137, 'inv_time': 0.6003971434871482}",RELATED_TO
280379,240581,"{'time': 1.6655642200293137, 'inv_time': 0.6003971434871482}",RELATED_TO
280379,240547,"{'time': 1.6655642200293137, 'inv_time': 0.6003971434871482}",RELATED_TO
280379,240591,"{'time': 1.6655642200293137, 'inv_time': 0.6003971434871482}",RELATED_TO
280379,240625,"{'time': 1.6655642200293137, 'inv_time': 0.6003971434871482}",RELATED_TO
283206,240007,"{'time': 1.6655642200293137, 'inv_time': 0.6003971434871482}",RELATED_TO
283206,240017,"{'time': 1.6655642200293137, 'inv_time': 0.6003971434871482}",RELATED_TO
283206,239995,"{'time': 1.6655642200293137, 'inv_time': 0.6003971434871482}",RELATED_TO
283206,240029,"{'time': 1.6655642200293137, 'inv_time': 0.6003971434871482}",RELATED_TO
283206,240041,"{'time': 1.6655642200293137, 'inv_time': 0.6003971434871482}",RELATED_TO
283206,240107,"{'time': 1.6655642200293137, 'inv_time': 0.6003971434871482}",RELATED_TO
283206,240141,"{'time': 1.6655642200293137, 'inv_time': 0.6003971434871482}",RELATED_TO
283206,240119,"{'time': 1.6655642200293137, 'inv_time': 0.6003971434871482}",RELATED_TO
283206,240163,"{'time': 1.6655642200293137, 'inv_time': 0.6003971434871482}",RELATED_TO
283206,240355,"{'time': 1.6655642200293137, 'inv_time': 0.6003971434871482}",RELATED_TO
283206,240501,"{'time': 1.6655642200293137, 'inv_time': 0.6003971434871482}",RELATED_TO
283206,240467,"{'time': 1.6655642200293137, 'inv_time': 0.6003971434871482}",RELATED_TO
283206,240491,"{'time': 1.6655642200293137, 'inv_time': 0.6003971434871482}",RELATED_TO
283206,240581,"{'time': 1.6655642200293137, 'inv_time': 0.6003971434871482}",RELATED_TO
283206,240547,"{'time': 1.6655642200293137, 'inv_time': 0.6003971434871482}",RELATED_TO
283206,240591,"{'time': 1.6655642200293137, 'inv_time': 0.6003971434871482}",RELATED_TO
283206,240625,"{'time': 1.6655642200293137, 'inv_time': 0.6003971434871482}",RELATED_TO
240007,238813,"{'time': 2.3601903525000005, 'inv_time': 0.4236946392653301}",RELATED_TO
240007,238833,"{'time': 2.3601903525000005, 'inv_time': 0.4236946392653301}",RELATED_TO
240007,238772,"{'time': 2.3601903525000005, 'inv_time': 0.4236946392653301}",RELATED_TO
240007,238874,"{'time': 2.3601903525000005, 'inv_time': 0.4236946392653301}",RELATED_TO
240007,238792,"{'time': 2.3601903525000005, 'inv_time': 0.4236946392653301}",RELATED_TO
240007,238853,"{'time': 2.3601903525000005, 'inv_time': 0.4236946392653301}",RELATED_TO
240017,238813,"{'time': 2.3601903525000005, 'inv_time': 0.4236946392653301}",RELATED_TO
240017,238833,"{'time': 2.3601903525000005, 'inv_time': 0.4236946392653301}",RELATED_TO
240017,238772,"{'time': 2.3601903525000005, 'inv_time': 0.4236946392653301}",RELATED_TO
240017,238874,"{'time': 2.3601903525000005, 'inv_time': 0.4236946392653301}",RELATED_TO
240017,238792,"{'time': 2.3601903525000005, 'inv_time': 0.4236946392653301}",RELATED_TO
240017,238853,"{'time': 2.3601903525000005, 'inv_time': 0.4236946392653301}",RELATED_TO
239995,238813,"{'time': 2.3601903525000005, 'inv_time': 0.4236946392653301}",RELATED_TO
239995,238833,"{'time': 2.3601903525000005, 'inv_time': 0.4236946392653301}",RELATED_TO
239995,238772,"{'time': 2.3601903525000005, 'inv_time': 0.4236946392653301}",RELATED_TO
239995,238874,"{'time': 2.3601903525000005, 'inv_time': 0.4236946392653301}",RELATED_TO
239995,238792,"{'time': 2.3601903525000005, 'inv_time': 0.4236946392653301}",RELATED_TO
239995,238853,"{'time': 2.3601903525000005, 'inv_time': 0.4236946392653301}",RELATED_TO
240029,238813,"{'time': 2.3601903525000005, 'inv_time': 0.4236946392653301}",RELATED_TO
240029,238833,"{'time': 2.3601903525000005, 'inv_time': 0.4236946392653301}",RELATED_TO
240029,238772,"{'time': 2.3601903525000005, 'inv_time': 0.4236946392653301}",RELATED_TO
240029,238874,"{'time': 2.3601903525000005, 'inv_time': 0.4236946392653301}",RELATED_TO
240029,238792,"{'time': 2.3601903525000005, 'inv_time': 0.4236946392653301}",RELATED_TO
240029,238853,"{'time': 2.3601903525000005, 'inv_time': 0.4236946392653301}",RELATED_TO
240041,238813,"{'time': 2.3601903525000005, 'inv_time': 0.4236946392653301}",RELATED_TO
240041,238833,"{'time': 2.3601903525000005, 'inv_time': 0.4236946392653301}",RELATED_TO
240041,238772,"{'time': 2.3601903525000005, 'inv_time': 0.4236946392653301}",RELATED_TO
240041,238874,"{'time': 2.3601903525000005, 'inv_time': 0.4236946392653301}",RELATED_TO
240041,238792,"{'time': 2.3601903525000005, 'inv_time': 0.4236946392653301}",RELATED_TO
240041,238853,"{'time': 2.3601903525000005, 'inv_time': 0.4236946392653301}",RELATED_TO
240107,238813,"{'time': 2.3601903525000005, 'inv_time': 0.4236946392653301}",RELATED_TO
240107,238833,"{'time': 2.3601903525000005, 'inv_time': 0.4236946392653301}",RELATED_TO
240107,238772,"{'time': 2.3601903525000005, 'inv_time': 0.4236946392653301}",RELATED_TO
240107,238874,"{'time': 2.3601903525000005, 'inv_time': 0.4236946392653301}",RELATED_TO
240107,238792,"{'time': 2.3601903525000005, 'inv_time': 0.4236946392653301}",RELATED_TO
240107,238853,"{'time': 2.3601903525000005, 'inv_time': 0.4236946392653301}",RELATED_TO
240141,238813,"{'time': 2.3601903525000005, 'inv_time': 0.4236946392653301}",RELATED_TO
240141,238833,"{'time': 2.3601903525000005, 'inv_time': 0.4236946392653301}",RELATED_TO
240141,238772,"{'time': 2.3601903525000005, 'inv_time': 0.4236946392653301}",RELATED_TO
240141,238874,"{'time': 2.3601903525000005, 'inv_time': 0.4236946392653301}",RELATED_TO
240141,238792,"{'time': 2.3601903525000005, 'inv_time': 0.4236946392653301}",RELATED_TO
240141,238853,"{'time': 2.3601903525000005, 'inv_time': 0.4236946392653301}",RELATED_TO
240119,238813,"{'time': 2.3601903525000005, 'inv_time': 0.4236946392653301}",RELATED_TO
240119,238833,"{'time': 2.3601903525000005, 'inv_time': 0.4236946392653301}",RELATED_TO
240119,238772,"{'time': 2.3601903525000005, 'inv_time': 0.4236946392653301}",RELATED_TO
240119,238874,"{'time': 2.3601903525000005, 'inv_time': 0.4236946392653301}",RELATED_TO
240119,238792,"{'time': 2.3601903525000005, 'inv_time': 0.4236946392653301}",RELATED_TO
240119,238853,"{'time': 2.3601903525000005, 'inv_time': 0.4236946392653301}",RELATED_TO
240163,238813,"{'time': 2.3601903525000005, 'inv_time': 0.4236946392653301}",RELATED_TO
240163,238833,"{'time': 2.3601903525000005, 'inv_time': 0.4236946392653301}",RELATED_TO
240163,238772,"{'time': 2.3601903525000005, 'inv_time': 0.4236946392653301}",RELATED_TO
240163,238874,"{'time': 2.3601903525000005, 'inv_time': 0.4236946392653301}",RELATED_TO
240163,238792,"{'time': 2.3601903525000005, 'inv_time': 0.4236946392653301}",RELATED_TO
240163,238853,"{'time': 2.3601903525000005, 'inv_time': 0.4236946392653301}",RELATED_TO
240355,238813,"{'time': 2.3601903525000005, 'inv_time': 0.4236946392653301}",RELATED_TO
240355,238833,"{'time': 2.3601903525000005, 'inv_time': 0.4236946392653301}",RELATED_TO
240355,238772,"{'time': 2.3601903525000005, 'inv_time': 0.4236946392653301}",RELATED_TO
240355,238874,"{'time': 2.3601903525000005, 'inv_time': 0.4236946392653301}",RELATED_TO
240355,238792,"{'time': 2.3601903525000005, 'inv_time': 0.4236946392653301}",RELATED_TO
240355,238853,"{'time': 2.3601903525000005, 'inv_time': 0.4236946392653301}",RELATED_TO
240501,238813,"{'time': 2.3601903525000005, 'inv_time': 0.4236946392653301}",RELATED_TO
240501,238833,"{'time': 2.3601903525000005, 'inv_time': 0.4236946392653301}",RELATED_TO
240501,238772,"{'time': 2.3601903525000005, 'inv_time': 0.4236946392653301}",RELATED_TO
240501,238874,"{'time': 2.3601903525000005, 'inv_time': 0.4236946392653301}",RELATED_TO
240501,238792,"{'time': 2.3601903525000005, 'inv_time': 0.4236946392653301}",RELATED_TO
240501,238853,"{'time': 2.3601903525000005, 'inv_time': 0.4236946392653301}",RELATED_TO
240467,238813,"{'time': 2.3601903525000005, 'inv_time': 0.4236946392653301}",RELATED_TO
240467,238833,"{'time': 2.3601903525000005, 'inv_time': 0.4236946392653301}",RELATED_TO
240467,238772,"{'time': 2.3601903525000005, 'inv_time': 0.4236946392653301}",RELATED_TO
240467,238874,"{'time': 2.3601903525000005, 'inv_time': 0.4236946392653301}",RELATED_TO
240467,238792,"{'time': 2.3601903525000005, 'inv_time': 0.4236946392653301}",RELATED_TO
240467,238853,"{'time': 2.3601903525000005, 'inv_time': 0.4236946392653301}",RELATED_TO
240491,238813,"{'time': 2.3601903525000005, 'inv_time': 0.4236946392653301}",RELATED_TO
240491,238833,"{'time': 2.3601903525000005, 'inv_time': 0.4236946392653301}",RELATED_TO
240491,238772,"{'time': 2.3601903525000005, 'inv_time': 0.4236946392653301}",RELATED_TO
240491,238874,"{'time': 2.3601903525000005, 'inv_time': 0.4236946392653301}",RELATED_TO
240491,238792,"{'time': 2.3601903525000005, 'inv_time': 0.4236946392653301}",RELATED_TO
240491,238853,"{'time': 2.3601903525000005, 'inv_time': 0.4236946392653301}",RELATED_TO
240581,238813,"{'time': 2.3601903525000005, 'inv_time': 0.4236946392653301}",RELATED_TO
240581,238833,"{'time': 2.3601903525000005, 'inv_time': 0.4236946392653301}",RELATED_TO
240581,238772,"{'time': 2.3601903525000005, 'inv_time': 0.4236946392653301}",RELATED_TO
240581,238874,"{'time': 2.3601903525000005, 'inv_time': 0.4236946392653301}",RELATED_TO
240581,238792,"{'time': 2.3601903525000005, 'inv_time': 0.4236946392653301}",RELATED_TO
240581,238853,"{'time': 2.3601903525000005, 'inv_time': 0.4236946392653301}",RELATED_TO
240547,238813,"{'time': 2.3601903525000005, 'inv_time': 0.4236946392653301}",RELATED_TO
240547,238833,"{'time': 2.3601903525000005, 'inv_time': 0.4236946392653301}",RELATED_TO
240547,238772,"{'time': 2.3601903525000005, 'inv_time': 0.4236946392653301}",RELATED_TO
240547,238874,"{'time': 2.3601903525000005, 'inv_time': 0.4236946392653301}",RELATED_TO
240547,238792,"{'time': 2.3601903525000005, 'inv_time': 0.4236946392653301}",RELATED_TO
240547,238853,"{'time': 2.3601903525000005, 'inv_time': 0.4236946392653301}",RELATED_TO
240591,238813,"{'time': 2.3601903525000005, 'inv_time': 0.4236946392653301}",RELATED_TO
240591,238833,"{'time': 2.3601903525000005, 'inv_time': 0.4236946392653301}",RELATED_TO
240591,238772,"{'time': 2.3601903525000005, 'inv_time': 0.4236946392653301}",RELATED_TO
240591,238874,"{'time': 2.3601903525000005, 'inv_time': 0.4236946392653301}",RELATED_TO
240591,238792,"{'time': 2.3601903525000005, 'inv_time': 0.4236946392653301}",RELATED_TO
240591,238853,"{'time': 2.3601903525000005, 'inv_time': 0.4236946392653301}",RELATED_TO
240625,238813,"{'time': 2.3601903525000005, 'inv_time': 0.4236946392653301}",RELATED_TO
240625,238833,"{'time': 2.3601903525000005, 'inv_time': 0.4236946392653301}",RELATED_TO
240625,238772,"{'time': 2.3601903525000005, 'inv_time': 0.4236946392653301}",RELATED_TO
240625,238874,"{'time': 2.3601903525000005, 'inv_time': 0.4236946392653301}",RELATED_TO
240625,238792,"{'time': 2.3601903525000005, 'inv_time': 0.4236946392653301}",RELATED_TO
240625,238853,"{'time': 2.3601903525000005, 'inv_time': 0.4236946392653301}",RELATED_TO
238813,284118,"{'time': 4.841279999999999, 'inv_time': 0.2065569436182167}",RELATED_TO
238813,284158,"{'time': 4.841279999999999, 'inv_time': 0.2065569436182167}",RELATED_TO
238813,284080,"{'time': 4.841279999999999, 'inv_time': 0.2065569436182167}",RELATED_TO
238813,284248,"{'time': 4.841279999999999, 'inv_time': 0.2065569436182167}",RELATED_TO
238813,284616,"{'time': 4.841279999999999, 'inv_time': 0.2065569436182167}",RELATED_TO
238813,284654,"{'time': 9.682559999999999, 'inv_time': 0.10327847180910835}",RELATED_TO
238813,284914,"{'time': 4.841279999999999, 'inv_time': 0.2065569436182167}",RELATED_TO
238813,284880,"{'time': 4.841279999999999, 'inv_time': 0.2065569436182167}",RELATED_TO
238813,284690,"{'time': 4.841279999999999, 'inv_time': 0.2065569436182167}",RELATED_TO
238813,285108,"{'time': 4.841279999999999, 'inv_time': 0.2065569436182167}",RELATED_TO
238813,285141,"{'time': 4.841279999999999, 'inv_time': 0.2065569436182167}",RELATED_TO
238813,285239,"{'time': 4.841279999999999, 'inv_time': 0.2065569436182167}",RELATED_TO
238813,285436,"{'time': 4.841279999999999, 'inv_time': 0.2065569436182167}",RELATED_TO
238813,285272,"{'time': 4.841279999999999, 'inv_time': 0.2065569436182167}",RELATED_TO
238813,285602,"{'time': 29.04768, 'inv_time': 0.03442615726970278}",RELATED_TO
238813,285629,"{'time': 4.841279999999999, 'inv_time': 0.2065569436182167}",RELATED_TO
238813,286631,"{'time': 4.841279999999999, 'inv_time': 0.2065569436182167}",RELATED_TO
238813,286655,"{'time': 4.841279999999999, 'inv_time': 0.2065569436182167}",RELATED_TO
238813,286679,"{'time': 4.841279999999999, 'inv_time': 0.2065569436182167}",RELATED_TO
238813,286706,"{'time': 4.841279999999999, 'inv_time': 0.2065569436182167}",RELATED_TO
238833,284118,"{'time': 4.841279999999999, 'inv_time': 0.2065569436182167}",RELATED_TO
238833,284158,"{'time': 4.841279999999999, 'inv_time': 0.2065569436182167}",RELATED_TO
238833,284080,"{'time': 4.841279999999999, 'inv_time': 0.2065569436182167}",RELATED_TO
238833,284248,"{'time': 4.841279999999999, 'inv_time': 0.2065569436182167}",RELATED_TO
238833,284616,"{'time': 4.841279999999999, 'inv_time': 0.2065569436182167}",RELATED_TO
238833,284654,"{'time': 9.682559999999999, 'inv_time': 0.10327847180910835}",RELATED_TO
238833,284914,"{'time': 4.841279999999999, 'inv_time': 0.2065569436182167}",RELATED_TO
238833,284880,"{'time': 4.841279999999999, 'inv_time': 0.2065569436182167}",RELATED_TO
238833,284690,"{'time': 4.841279999999999, 'inv_time': 0.2065569436182167}",RELATED_TO
238833,285108,"{'time': 4.841279999999999, 'inv_time': 0.2065569436182167}",RELATED_TO
238833,285141,"{'time': 4.841279999999999, 'inv_time': 0.2065569436182167}",RELATED_TO
238833,285239,"{'time': 4.841279999999999, 'inv_time': 0.2065569436182167}",RELATED_TO
238833,285436,"{'time': 4.841279999999999, 'inv_time': 0.2065569436182167}",RELATED_TO
238833,285272,"{'time': 4.841279999999999, 'inv_time': 0.2065569436182167}",RELATED_TO
238833,285602,"{'time': 29.04768, 'inv_time': 0.03442615726970278}",RELATED_TO
238833,285629,"{'time': 4.841279999999999, 'inv_time': 0.2065569436182167}",RELATED_TO
238833,286631,"{'time': 4.841279999999999, 'inv_time': 0.2065569436182167}",RELATED_TO
238833,286655,"{'time': 4.841279999999999, 'inv_time': 0.2065569436182167}",RELATED_TO
238833,286679,"{'time': 4.841279999999999, 'inv_time': 0.2065569436182167}",RELATED_TO
238833,286706,"{'time': 4.841279999999999, 'inv_time': 0.2065569436182167}",RELATED_TO
238772,284118,"{'time': 4.841279999999999, 'inv_time': 0.2065569436182167}",RELATED_TO
238772,284158,"{'time': 4.841279999999999, 'inv_time': 0.2065569436182167}",RELATED_TO
238772,284080,"{'time': 4.841279999999999, 'inv_time': 0.2065569436182167}",RELATED_TO
238772,284248,"{'time': 4.841279999999999, 'inv_time': 0.2065569436182167}",RELATED_TO
238772,284616,"{'time': 4.841279999999999, 'inv_time': 0.2065569436182167}",RELATED_TO
238772,284654,"{'time': 9.682559999999999, 'inv_time': 0.10327847180910835}",RELATED_TO
238772,284914,"{'time': 4.841279999999999, 'inv_time': 0.2065569436182167}",RELATED_TO
238772,284880,"{'time': 4.841279999999999, 'inv_time': 0.2065569436182167}",RELATED_TO
238772,284690,"{'time': 4.841279999999999, 'inv_time': 0.2065569436182167}",RELATED_TO
238772,285108,"{'time': 4.841279999999999, 'inv_time': 0.2065569436182167}",RELATED_TO
238772,285141,"{'time': 4.841279999999999, 'inv_time': 0.2065569436182167}",RELATED_TO
238772,285239,"{'time': 4.841279999999999, 'inv_time': 0.2065569436182167}",RELATED_TO
238772,285436,"{'time': 4.841279999999999, 'inv_time': 0.2065569436182167}",RELATED_TO
238772,285272,"{'time': 4.841279999999999, 'inv_time': 0.2065569436182167}",RELATED_TO
238772,285602,"{'time': 29.04768, 'inv_time': 0.03442615726970278}",RELATED_TO
238772,285629,"{'time': 4.841279999999999, 'inv_time': 0.2065569436182167}",RELATED_TO
238772,286631,"{'time': 4.841279999999999, 'inv_time': 0.2065569436182167}",RELATED_TO
238772,286655,"{'time': 4.841279999999999, 'inv_time': 0.2065569436182167}",RELATED_TO
238772,286679,"{'time': 4.841279999999999, 'inv_time': 0.2065569436182167}",RELATED_TO
238772,286706,"{'time': 4.841279999999999, 'inv_time': 0.2065569436182167}",RELATED_TO
238874,284118,"{'time': 4.841279999999999, 'inv_time': 0.2065569436182167}",RELATED_TO
238874,284158,"{'time': 4.841279999999999, 'inv_time': 0.2065569436182167}",RELATED_TO
238874,284080,"{'time': 4.841279999999999, 'inv_time': 0.2065569436182167}",RELATED_TO
238874,284248,"{'time': 4.841279999999999, 'inv_time': 0.2065569436182167}",RELATED_TO
238874,284616,"{'time': 4.841279999999999, 'inv_time': 0.2065569436182167}",RELATED_TO
238874,284654,"{'time': 9.682559999999999, 'inv_time': 0.10327847180910835}",RELATED_TO
238874,284914,"{'time': 4.841279999999999, 'inv_time': 0.2065569436182167}",RELATED_TO
238874,284880,"{'time': 4.841279999999999, 'inv_time': 0.2065569436182167}",RELATED_TO
238874,284690,"{'time': 4.841279999999999, 'inv_time': 0.2065569436182167}",RELATED_TO
238874,285108,"{'time': 4.841279999999999, 'inv_time': 0.2065569436182167}",RELATED_TO
238874,285141,"{'time': 4.841279999999999, 'inv_time': 0.2065569436182167}",RELATED_TO
238874,285239,"{'time': 4.841279999999999, 'inv_time': 0.2065569436182167}",RELATED_TO
238874,285436,"{'time': 4.841279999999999, 'inv_time': 0.2065569436182167}",RELATED_TO
238874,285272,"{'time': 4.841279999999999, 'inv_time': 0.2065569436182167}",RELATED_TO
238874,285602,"{'time': 29.04768, 'inv_time': 0.03442615726970278}",RELATED_TO
238874,285629,"{'time': 4.841279999999999, 'inv_time': 0.2065569436182167}",RELATED_TO
238874,286631,"{'time': 4.841279999999999, 'inv_time': 0.2065569436182167}",RELATED_TO
238874,286655,"{'time': 4.841279999999999, 'inv_time': 0.2065569436182167}",RELATED_TO
238874,286679,"{'time': 4.841279999999999, 'inv_time': 0.2065569436182167}",RELATED_TO
238874,286706,"{'time': 4.841279999999999, 'inv_time': 0.2065569436182167}",RELATED_TO
238792,284118,"{'time': 4.841279999999999, 'inv_time': 0.2065569436182167}",RELATED_TO
238792,284158,"{'time': 4.841279999999999, 'inv_time': 0.2065569436182167}",RELATED_TO
238792,284080,"{'time': 4.841279999999999, 'inv_time': 0.2065569436182167}",RELATED_TO
238792,284248,"{'time': 4.841279999999999, 'inv_time': 0.2065569436182167}",RELATED_TO
238792,284616,"{'time': 4.841279999999999, 'inv_time': 0.2065569436182167}",RELATED_TO
238792,284654,"{'time': 9.682559999999999, 'inv_time': 0.10327847180910835}",RELATED_TO
238792,284914,"{'time': 4.841279999999999, 'inv_time': 0.2065569436182167}",RELATED_TO
238792,284880,"{'time': 4.841279999999999, 'inv_time': 0.2065569436182167}",RELATED_TO
238792,284690,"{'time': 4.841279999999999, 'inv_time': 0.2065569436182167}",RELATED_TO
238792,285108,"{'time': 4.841279999999999, 'inv_time': 0.2065569436182167}",RELATED_TO
238792,285141,"{'time': 4.841279999999999, 'inv_time': 0.2065569436182167}",RELATED_TO
238792,285239,"{'time': 4.841279999999999, 'inv_time': 0.2065569436182167}",RELATED_TO
238792,285436,"{'time': 4.841279999999999, 'inv_time': 0.2065569436182167}",RELATED_TO
238792,285272,"{'time': 4.841279999999999, 'inv_time': 0.2065569436182167}",RELATED_TO
238792,285602,"{'time': 29.04768, 'inv_time': 0.03442615726970278}",RELATED_TO
238792,285629,"{'time': 4.841279999999999, 'inv_time': 0.2065569436182167}",RELATED_TO
238792,286631,"{'time': 4.841279999999999, 'inv_time': 0.2065569436182167}",RELATED_TO
238792,286655,"{'time': 4.841279999999999, 'inv_time': 0.2065569436182167}",RELATED_TO
238792,286679,"{'time': 4.841279999999999, 'inv_time': 0.2065569436182167}",RELATED_TO
238792,286706,"{'time': 4.841279999999999, 'inv_time': 0.2065569436182167}",RELATED_TO
238853,284118,"{'time': 4.841279999999999, 'inv_time': 0.2065569436182167}",RELATED_TO
238853,284158,"{'time': 4.841279999999999, 'inv_time': 0.2065569436182167}",RELATED_TO
238853,284080,"{'time': 4.841279999999999, 'inv_time': 0.2065569436182167}",RELATED_TO
238853,284248,"{'time': 4.841279999999999, 'inv_time': 0.2065569436182167}",RELATED_TO
238853,284616,"{'time': 4.841279999999999, 'inv_time': 0.2065569436182167}",RELATED_TO
238853,284654,"{'time': 9.682559999999999, 'inv_time': 0.10327847180910835}",RELATED_TO
238853,284914,"{'time': 4.841279999999999, 'inv_time': 0.2065569436182167}",RELATED_TO
238853,284880,"{'time': 4.841279999999999, 'inv_time': 0.2065569436182167}",RELATED_TO
238853,284690,"{'time': 4.841279999999999, 'inv_time': 0.2065569436182167}",RELATED_TO
238853,285108,"{'time': 4.841279999999999, 'inv_time': 0.2065569436182167}",RELATED_TO
238853,285141,"{'time': 4.841279999999999, 'inv_time': 0.2065569436182167}",RELATED_TO
238853,285239,"{'time': 4.841279999999999, 'inv_time': 0.2065569436182167}",RELATED_TO
238853,285436,"{'time': 4.841279999999999, 'inv_time': 0.2065569436182167}",RELATED_TO
238853,285272,"{'time': 4.841279999999999, 'inv_time': 0.2065569436182167}",RELATED_TO
238853,285602,"{'time': 29.04768, 'inv_time': 0.03442615726970278}",RELATED_TO
238853,285629,"{'time': 4.841279999999999, 'inv_time': 0.2065569436182167}",RELATED_TO
238853,286631,"{'time': 4.841279999999999, 'inv_time': 0.2065569436182167}",RELATED_TO
238853,286655,"{'time': 4.841279999999999, 'inv_time': 0.2065569436182167}",RELATED_TO
238853,286679,"{'time': 4.841279999999999, 'inv_time': 0.2065569436182167}",RELATED_TO
238853,286706,"{'time': 4.841279999999999, 'inv_time': 0.2065569436182167}",RELATED_TO
284118,240827,"{'time': 1.6655642200293137, 'inv_time': 0.6003971434871482}",RELATED_TO
284118,240817,"{'time': 1.6655642200293137, 'inv_time': 0.6003971434871482}",RELATED_TO
284118,240839,"{'time': 1.6655642200293137, 'inv_time': 0.6003971434871482}",RELATED_TO
284118,240851,"{'time': 1.6655642200293137, 'inv_time': 0.6003971434871482}",RELATED_TO
284118,240861,"{'time': 1.6655642200293137, 'inv_time': 0.6003971434871482}",RELATED_TO
284118,241165,"{'time': 1.6655642200293137, 'inv_time': 0.6003971434871482}",RELATED_TO
284118,241143,"{'time': 1.6655642200293137, 'inv_time': 0.6003971434871482}",RELATED_TO
284118,241177,"{'time': 1.6655642200293137, 'inv_time': 0.6003971434871482}",RELATED_TO
284118,241221,"{'time': 1.6655642200293137, 'inv_time': 0.6003971434871482}",RELATED_TO
284158,240827,"{'time': 1.6655642200293137, 'inv_time': 0.6003971434871482}",RELATED_TO
284158,240817,"{'time': 1.6655642200293137, 'inv_time': 0.6003971434871482}",RELATED_TO
284158,240839,"{'time': 1.6655642200293137, 'inv_time': 0.6003971434871482}",RELATED_TO
284158,240851,"{'time': 1.6655642200293137, 'inv_time': 0.6003971434871482}",RELATED_TO
284158,240861,"{'time': 1.6655642200293137, 'inv_time': 0.6003971434871482}",RELATED_TO
284158,241165,"{'time': 1.6655642200293137, 'inv_time': 0.6003971434871482}",RELATED_TO
284158,241143,"{'time': 1.6655642200293137, 'inv_time': 0.6003971434871482}",RELATED_TO
284158,241177,"{'time': 1.6655642200293137, 'inv_time': 0.6003971434871482}",RELATED_TO
284158,241221,"{'time': 1.6655642200293137, 'inv_time': 0.6003971434871482}",RELATED_TO
284080,240827,"{'time': 1.6655642200293137, 'inv_time': 0.6003971434871482}",RELATED_TO
284080,240817,"{'time': 1.6655642200293137, 'inv_time': 0.6003971434871482}",RELATED_TO
284080,240839,"{'time': 1.6655642200293137, 'inv_time': 0.6003971434871482}",RELATED_TO
284080,240851,"{'time': 1.6655642200293137, 'inv_time': 0.6003971434871482}",RELATED_TO
284080,240861,"{'time': 1.6655642200293137, 'inv_time': 0.6003971434871482}",RELATED_TO
284080,241165,"{'time': 1.6655642200293137, 'inv_time': 0.6003971434871482}",RELATED_TO
284080,241143,"{'time': 1.6655642200293137, 'inv_time': 0.6003971434871482}",RELATED_TO
284080,241177,"{'time': 1.6655642200293137, 'inv_time': 0.6003971434871482}",RELATED_TO
284080,241221,"{'time': 1.6655642200293137, 'inv_time': 0.6003971434871482}",RELATED_TO
284248,240827,"{'time': 1.6655642200293137, 'inv_time': 0.6003971434871482}",RELATED_TO
284248,240817,"{'time': 1.6655642200293137, 'inv_time': 0.6003971434871482}",RELATED_TO
284248,240839,"{'time': 1.6655642200293137, 'inv_time': 0.6003971434871482}",RELATED_TO
284248,240851,"{'time': 1.6655642200293137, 'inv_time': 0.6003971434871482}",RELATED_TO
284248,240861,"{'time': 1.6655642200293137, 'inv_time': 0.6003971434871482}",RELATED_TO
284248,241165,"{'time': 1.6655642200293137, 'inv_time': 0.6003971434871482}",RELATED_TO
284248,241143,"{'time': 1.6655642200293137, 'inv_time': 0.6003971434871482}",RELATED_TO
284248,241177,"{'time': 1.6655642200293137, 'inv_time': 0.6003971434871482}",RELATED_TO
284248,241221,"{'time': 1.6655642200293137, 'inv_time': 0.6003971434871482}",RELATED_TO
284616,240827,"{'time': 1.6655642200293137, 'inv_time': 0.6003971434871482}",RELATED_TO
284616,240817,"{'time': 1.6655642200293137, 'inv_time': 0.6003971434871482}",RELATED_TO
284616,240839,"{'time': 1.6655642200293137, 'inv_time': 0.6003971434871482}",RELATED_TO
284616,240851,"{'time': 1.6655642200293137, 'inv_time': 0.6003971434871482}",RELATED_TO
284616,240861,"{'time': 1.6655642200293137, 'inv_time': 0.6003971434871482}",RELATED_TO
284616,241165,"{'time': 1.6655642200293137, 'inv_time': 0.6003971434871482}",RELATED_TO
284616,241143,"{'time': 1.6655642200293137, 'inv_time': 0.6003971434871482}",RELATED_TO
284616,241177,"{'time': 1.6655642200293137, 'inv_time': 0.6003971434871482}",RELATED_TO
284616,241221,"{'time': 1.6655642200293137, 'inv_time': 0.6003971434871482}",RELATED_TO
284654,240827,"{'time': 1.6655642200293137, 'inv_time': 0.6003971434871482}",RELATED_TO
284654,240817,"{'time': 1.6655642200293137, 'inv_time': 0.6003971434871482}",RELATED_TO
284654,240839,"{'time': 1.6655642200293137, 'inv_time': 0.6003971434871482}",RELATED_TO
284654,240851,"{'time': 1.6655642200293137, 'inv_time': 0.6003971434871482}",RELATED_TO
284654,240861,"{'time': 1.6655642200293137, 'inv_time': 0.6003971434871482}",RELATED_TO
284654,241165,"{'time': 1.6655642200293137, 'inv_time': 0.6003971434871482}",RELATED_TO
284654,241143,"{'time': 1.6655642200293137, 'inv_time': 0.6003971434871482}",RELATED_TO
284654,241177,"{'time': 1.6655642200293137, 'inv_time': 0.6003971434871482}",RELATED_TO
284654,241221,"{'time': 1.6655642200293137, 'inv_time': 0.6003971434871482}",RELATED_TO
284914,240827,"{'time': 1.6655642200293137, 'inv_time': 0.6003971434871482}",RELATED_TO
284914,240817,"{'time': 1.6655642200293137, 'inv_time': 0.6003971434871482}",RELATED_TO
284914,240839,"{'time': 1.6655642200293137, 'inv_time': 0.6003971434871482}",RELATED_TO
284914,240851,"{'time': 1.6655642200293137, 'inv_time': 0.6003971434871482}",RELATED_TO
284914,240861,"{'time': 1.6655642200293137, 'inv_time': 0.6003971434871482}",RELATED_TO
284914,241165,"{'time': 1.6655642200293137, 'inv_time': 0.6003971434871482}",RELATED_TO
284914,241143,"{'time': 1.6655642200293137, 'inv_time': 0.6003971434871482}",RELATED_TO
284914,241177,"{'time': 1.6655642200293137, 'inv_time': 0.6003971434871482}",RELATED_TO
284914,241221,"{'time': 1.6655642200293137, 'inv_time': 0.6003971434871482}",RELATED_TO
284880,240827,"{'time': 1.6655642200293137, 'inv_time': 0.6003971434871482}",RELATED_TO
284880,240817,"{'time': 1.6655642200293137, 'inv_time': 0.6003971434871482}",RELATED_TO
284880,240839,"{'time': 1.6655642200293137, 'inv_time': 0.6003971434871482}",RELATED_TO
284880,240851,"{'time': 1.6655642200293137, 'inv_time': 0.6003971434871482}",RELATED_TO
284880,240861,"{'time': 1.6655642200293137, 'inv_time': 0.6003971434871482}",RELATED_TO
284880,241165,"{'time': 1.6655642200293137, 'inv_time': 0.6003971434871482}",RELATED_TO
284880,241143,"{'time': 1.6655642200293137, 'inv_time': 0.6003971434871482}",RELATED_TO
284880,241177,"{'time': 1.6655642200293137, 'inv_time': 0.6003971434871482}",RELATED_TO
284880,241221,"{'time': 1.6655642200293137, 'inv_time': 0.6003971434871482}",RELATED_TO
284690,240827,"{'time': 1.6655642200293137, 'inv_time': 0.6003971434871482}",RELATED_TO
284690,240817,"{'time': 1.6655642200293137, 'inv_time': 0.6003971434871482}",RELATED_TO
284690,240839,"{'time': 1.6655642200293137, 'inv_time': 0.6003971434871482}",RELATED_TO
284690,240851,"{'time': 1.6655642200293137, 'inv_time': 0.6003971434871482}",RELATED_TO
284690,240861,"{'time': 1.6655642200293137, 'inv_time': 0.6003971434871482}",RELATED_TO
284690,241165,"{'time': 1.6655642200293137, 'inv_time': 0.6003971434871482}",RELATED_TO
284690,241143,"{'time': 1.6655642200293137, 'inv_time': 0.6003971434871482}",RELATED_TO
284690,241177,"{'time': 1.6655642200293137, 'inv_time': 0.6003971434871482}",RELATED_TO
284690,241221,"{'time': 1.6655642200293137, 'inv_time': 0.6003971434871482}",RELATED_TO
285108,240827,"{'time': 1.6655642200293137, 'inv_time': 0.6003971434871482}",RELATED_TO
285108,240817,"{'time': 1.6655642200293137, 'inv_time': 0.6003971434871482}",RELATED_TO
285108,240839,"{'time': 1.6655642200293137, 'inv_time': 0.6003971434871482}",RELATED_TO
285108,240851,"{'time': 1.6655642200293137, 'inv_time': 0.6003971434871482}",RELATED_TO
285108,240861,"{'time': 1.6655642200293137, 'inv_time': 0.6003971434871482}",RELATED_TO
285108,241165,"{'time': 1.6655642200293137, 'inv_time': 0.6003971434871482}",RELATED_TO
285108,241143,"{'time': 1.6655642200293137, 'inv_time': 0.6003971434871482}",RELATED_TO
285108,241177,"{'time': 1.6655642200293137, 'inv_time': 0.6003971434871482}",RELATED_TO
285108,241221,"{'time': 1.6655642200293137, 'inv_time': 0.6003971434871482}",RELATED_TO
285141,240827,"{'time': 1.6655642200293137, 'inv_time': 0.6003971434871482}",RELATED_TO
285141,240817,"{'time': 1.6655642200293137, 'inv_time': 0.6003971434871482}",RELATED_TO
285141,240839,"{'time': 1.6655642200293137, 'inv_time': 0.6003971434871482}",RELATED_TO
285141,240851,"{'time': 1.6655642200293137, 'inv_time': 0.6003971434871482}",RELATED_TO
285141,240861,"{'time': 1.6655642200293137, 'inv_time': 0.6003971434871482}",RELATED_TO
285141,241165,"{'time': 1.6655642200293137, 'inv_time': 0.6003971434871482}",RELATED_TO
285141,241143,"{'time': 1.6655642200293137, 'inv_time': 0.6003971434871482}",RELATED_TO
285141,241177,"{'time': 1.6655642200293137, 'inv_time': 0.6003971434871482}",RELATED_TO
285141,241221,"{'time': 1.6655642200293137, 'inv_time': 0.6003971434871482}",RELATED_TO
285239,240827,"{'time': 1.6655642200293137, 'inv_time': 0.6003971434871482}",RELATED_TO
285239,240817,"{'time': 1.6655642200293137, 'inv_time': 0.6003971434871482}",RELATED_TO
285239,240839,"{'time': 1.6655642200293137, 'inv_time': 0.6003971434871482}",RELATED_TO
285239,240851,"{'time': 1.6655642200293137, 'inv_time': 0.6003971434871482}",RELATED_TO
285239,240861,"{'time': 1.6655642200293137, 'inv_time': 0.6003971434871482}",RELATED_TO
285239,241165,"{'time': 1.6655642200293137, 'inv_time': 0.6003971434871482}",RELATED_TO
285239,241143,"{'time': 1.6655642200293137, 'inv_time': 0.6003971434871482}",RELATED_TO
285239,241177,"{'time': 1.6655642200293137, 'inv_time': 0.6003971434871482}",RELATED_TO
285239,241221,"{'time': 1.6655642200293137, 'inv_time': 0.6003971434871482}",RELATED_TO
285436,240827,"{'time': 1.6655642200293137, 'inv_time': 0.6003971434871482}",RELATED_TO
285436,240817,"{'time': 1.6655642200293137, 'inv_time': 0.6003971434871482}",RELATED_TO
285436,240839,"{'time': 1.6655642200293137, 'inv_time': 0.6003971434871482}",RELATED_TO
285436,240851,"{'time': 1.6655642200293137, 'inv_time': 0.6003971434871482}",RELATED_TO
285436,240861,"{'time': 1.6655642200293137, 'inv_time': 0.6003971434871482}",RELATED_TO
285436,241165,"{'time': 1.6655642200293137, 'inv_time': 0.6003971434871482}",RELATED_TO
285436,241143,"{'time': 1.6655642200293137, 'inv_time': 0.6003971434871482}",RELATED_TO
285436,241177,"{'time': 1.6655642200293137, 'inv_time': 0.6003971434871482}",RELATED_TO
285436,241221,"{'time': 1.6655642200293137, 'inv_time': 0.6003971434871482}",RELATED_TO
285272,240827,"{'time': 1.6655642200293137, 'inv_time': 0.6003971434871482}",RELATED_TO
285272,240817,"{'time': 1.6655642200293137, 'inv_time': 0.6003971434871482}",RELATED_TO
285272,240839,"{'time': 1.6655642200293137, 'inv_time': 0.6003971434871482}",RELATED_TO
285272,240851,"{'time': 1.6655642200293137, 'inv_time': 0.6003971434871482}",RELATED_TO
285272,240861,"{'time': 1.6655642200293137, 'inv_time': 0.6003971434871482}",RELATED_TO
285272,241165,"{'time': 1.6655642200293137, 'inv_time': 0.6003971434871482}",RELATED_TO
285272,241143,"{'time': 1.6655642200293137, 'inv_time': 0.6003971434871482}",RELATED_TO
285272,241177,"{'time': 1.6655642200293137, 'inv_time': 0.6003971434871482}",RELATED_TO
285272,241221,"{'time': 1.6655642200293137, 'inv_time': 0.6003971434871482}",RELATED_TO
285602,240827,"{'time': 1.6655642200293137, 'inv_time': 0.6003971434871482}",RELATED_TO
285602,240817,"{'time': 1.6655642200293137, 'inv_time': 0.6003971434871482}",RELATED_TO
285602,240839,"{'time': 1.6655642200293137, 'inv_time': 0.6003971434871482}",RELATED_TO
285602,240851,"{'time': 1.6655642200293137, 'inv_time': 0.6003971434871482}",RELATED_TO
285602,240861,"{'time': 1.6655642200293137, 'inv_time': 0.6003971434871482}",RELATED_TO
285602,241165,"{'time': 1.6655642200293137, 'inv_time': 0.6003971434871482}",RELATED_TO
285602,241143,"{'time': 1.6655642200293137, 'inv_time': 0.6003971434871482}",RELATED_TO
285602,241177,"{'time': 1.6655642200293137, 'inv_time': 0.6003971434871482}",RELATED_TO
285602,241221,"{'time': 1.6655642200293137, 'inv_time': 0.6003971434871482}",RELATED_TO
285629,240827,"{'time': 1.6655642200293137, 'inv_time': 0.6003971434871482}",RELATED_TO
285629,240817,"{'time': 1.6655642200293137, 'inv_time': 0.6003971434871482}",RELATED_TO
285629,240839,"{'time': 1.6655642200293137, 'inv_time': 0.6003971434871482}",RELATED_TO
285629,240851,"{'time': 1.6655642200293137, 'inv_time': 0.6003971434871482}",RELATED_TO
285629,240861,"{'time': 1.6655642200293137, 'inv_time': 0.6003971434871482}",RELATED_TO
285629,241165,"{'time': 1.6655642200293137, 'inv_time': 0.6003971434871482}",RELATED_TO
285629,241143,"{'time': 1.6655642200293137, 'inv_time': 0.6003971434871482}",RELATED_TO
285629,241177,"{'time': 1.6655642200293137, 'inv_time': 0.6003971434871482}",RELATED_TO
285629,241221,"{'time': 1.6655642200293137, 'inv_time': 0.6003971434871482}",RELATED_TO
286631,240827,"{'time': 1.6655642200293137, 'inv_time': 0.6003971434871482}",RELATED_TO
286631,240817,"{'time': 1.6655642200293137, 'inv_time': 0.6003971434871482}",RELATED_TO
286631,240839,"{'time': 1.6655642200293137, 'inv_time': 0.6003971434871482}",RELATED_TO
286631,240851,"{'time': 1.6655642200293137, 'inv_time': 0.6003971434871482}",RELATED_TO
286631,240861,"{'time': 1.6655642200293137, 'inv_time': 0.6003971434871482}",RELATED_TO
286631,241165,"{'time': 1.6655642200293137, 'inv_time': 0.6003971434871482}",RELATED_TO
286631,241143,"{'time': 1.6655642200293137, 'inv_time': 0.6003971434871482}",RELATED_TO
286631,241177,"{'time': 1.6655642200293137, 'inv_time': 0.6003971434871482}",RELATED_TO
286631,241221,"{'time': 1.6655642200293137, 'inv_time': 0.6003971434871482}",RELATED_TO
286655,240827,"{'time': 1.6655642200293137, 'inv_time': 0.6003971434871482}",RELATED_TO
286655,240817,"{'time': 1.6655642200293137, 'inv_time': 0.6003971434871482}",RELATED_TO
286655,240839,"{'time': 1.6655642200293137, 'inv_time': 0.6003971434871482}",RELATED_TO
286655,240851,"{'time': 1.6655642200293137, 'inv_time': 0.6003971434871482}",RELATED_TO
286655,240861,"{'time': 1.6655642200293137, 'inv_time': 0.6003971434871482}",RELATED_TO
286655,241165,"{'time': 1.6655642200293137, 'inv_time': 0.6003971434871482}",RELATED_TO
286655,241143,"{'time': 1.6655642200293137, 'inv_time': 0.6003971434871482}",RELATED_TO
286655,241177,"{'time': 1.6655642200293137, 'inv_time': 0.6003971434871482}",RELATED_TO
286655,241221,"{'time': 1.6655642200293137, 'inv_time': 0.6003971434871482}",RELATED_TO
286679,240827,"{'time': 1.6655642200293137, 'inv_time': 0.6003971434871482}",RELATED_TO
286679,240817,"{'time': 1.6655642200293137, 'inv_time': 0.6003971434871482}",RELATED_TO
286679,240839,"{'time': 1.6655642200293137, 'inv_time': 0.6003971434871482}",RELATED_TO
286679,240851,"{'time': 1.6655642200293137, 'inv_time': 0.6003971434871482}",RELATED_TO
286679,240861,"{'time': 1.6655642200293137, 'inv_time': 0.6003971434871482}",RELATED_TO
286679,241165,"{'time': 1.6655642200293137, 'inv_time': 0.6003971434871482}",RELATED_TO
286679,241143,"{'time': 1.6655642200293137, 'inv_time': 0.6003971434871482}",RELATED_TO
286679,241177,"{'time': 1.6655642200293137, 'inv_time': 0.6003971434871482}",RELATED_TO
286679,241221,"{'time': 1.6655642200293137, 'inv_time': 0.6003971434871482}",RELATED_TO
286706,240827,"{'time': 1.6655642200293137, 'inv_time': 0.6003971434871482}",RELATED_TO
286706,240817,"{'time': 1.6655642200293137, 'inv_time': 0.6003971434871482}",RELATED_TO
286706,240839,"{'time': 1.6655642200293137, 'inv_time': 0.6003971434871482}",RELATED_TO
286706,240851,"{'time': 1.6655642200293137, 'inv_time': 0.6003971434871482}",RELATED_TO
286706,240861,"{'time': 1.6655642200293137, 'inv_time': 0.6003971434871482}",RELATED_TO
286706,241165,"{'time': 1.6655642200293137, 'inv_time': 0.6003971434871482}",RELATED_TO
286706,241143,"{'time': 1.6655642200293137, 'inv_time': 0.6003971434871482}",RELATED_TO
286706,241177,"{'time': 1.6655642200293137, 'inv_time': 0.6003971434871482}",RELATED_TO
286706,241221,"{'time': 1.6655642200293137, 'inv_time': 0.6003971434871482}",RELATED_TO
240827,287667,"{'time': 4.841279999999999, 'inv_time': 0.2065569436182167}",RELATED_TO
240827,287627,"{'time': 4.841279999999999, 'inv_time': 0.2065569436182167}",RELATED_TO
240827,287607,"{'time': 9.682559999999999, 'inv_time': 0.10327847180910835}",RELATED_TO
240827,287809,"{'time': 4.841279999999999, 'inv_time': 0.2065569436182167}",RELATED_TO
240827,287769,"{'time': 4.841279999999999, 'inv_time': 0.2065569436182167}",RELATED_TO
240817,287667,"{'time': 4.841279999999999, 'inv_time': 0.2065569436182167}",RELATED_TO
240817,287627,"{'time': 4.841279999999999, 'inv_time': 0.2065569436182167}",RELATED_TO
240817,287607,"{'time': 9.682559999999999, 'inv_time': 0.10327847180910835}",RELATED_TO
240817,287809,"{'time': 4.841279999999999, 'inv_time': 0.2065569436182167}",RELATED_TO
240817,287769,"{'time': 4.841279999999999, 'inv_time': 0.2065569436182167}",RELATED_TO
240839,287667,"{'time': 4.841279999999999, 'inv_time': 0.2065569436182167}",RELATED_TO
240839,287627,"{'time': 4.841279999999999, 'inv_time': 0.2065569436182167}",RELATED_TO
240839,287607,"{'time': 9.682559999999999, 'inv_time': 0.10327847180910835}",RELATED_TO
240839,287809,"{'time': 4.841279999999999, 'inv_time': 0.2065569436182167}",RELATED_TO
240839,287769,"{'time': 4.841279999999999, 'inv_time': 0.2065569436182167}",RELATED_TO
240851,287667,"{'time': 4.841279999999999, 'inv_time': 0.2065569436182167}",RELATED_TO
240851,287627,"{'time': 4.841279999999999, 'inv_time': 0.2065569436182167}",RELATED_TO
240851,287607,"{'time': 9.682559999999999, 'inv_time': 0.10327847180910835}",RELATED_TO
240851,287809,"{'time': 4.841279999999999, 'inv_time': 0.2065569436182167}",RELATED_TO
240851,287769,"{'time': 4.841279999999999, 'inv_time': 0.2065569436182167}",RELATED_TO
240861,287667,"{'time': 4.841279999999999, 'inv_time': 0.2065569436182167}",RELATED_TO
240861,287627,"{'time': 4.841279999999999, 'inv_time': 0.2065569436182167}",RELATED_TO
240861,287607,"{'time': 9.682559999999999, 'inv_time': 0.10327847180910835}",RELATED_TO
240861,287809,"{'time': 4.841279999999999, 'inv_time': 0.2065569436182167}",RELATED_TO
240861,287769,"{'time': 4.841279999999999, 'inv_time': 0.2065569436182167}",RELATED_TO
241165,287667,"{'time': 4.841279999999999, 'inv_time': 0.2065569436182167}",RELATED_TO
241165,287627,"{'time': 4.841279999999999, 'inv_time': 0.2065569436182167}",RELATED_TO
241165,287607,"{'time': 9.682559999999999, 'inv_time': 0.10327847180910835}",RELATED_TO
241165,287809,"{'time': 4.841279999999999, 'inv_time': 0.2065569436182167}",RELATED_TO
241165,287769,"{'time': 4.841279999999999, 'inv_time': 0.2065569436182167}",RELATED_TO
241143,287667,"{'time': 4.841279999999999, 'inv_time': 0.2065569436182167}",RELATED_TO
241143,287627,"{'time': 4.841279999999999, 'inv_time': 0.2065569436182167}",RELATED_TO
241143,287607,"{'time': 9.682559999999999, 'inv_time': 0.10327847180910835}",RELATED_TO
241143,287809,"{'time': 4.841279999999999, 'inv_time': 0.2065569436182167}",RELATED_TO
241143,287769,"{'time': 4.841279999999999, 'inv_time': 0.2065569436182167}",RELATED_TO
241177,287667,"{'time': 4.841279999999999, 'inv_time': 0.2065569436182167}",RELATED_TO
241177,287627,"{'time': 4.841279999999999, 'inv_time': 0.2065569436182167}",RELATED_TO
241177,287607,"{'time': 9.682559999999999, 'inv_time': 0.10327847180910835}",RELATED_TO
241177,287809,"{'time': 4.841279999999999, 'inv_time': 0.2065569436182167}",RELATED_TO
241177,287769,"{'time': 4.841279999999999, 'inv_time': 0.2065569436182167}",RELATED_TO
241221,287667,"{'time': 4.841279999999999, 'inv_time': 0.2065569436182167}",RELATED_TO
241221,287627,"{'time': 4.841279999999999, 'inv_time': 0.2065569436182167}",RELATED_TO
241221,287607,"{'time': 9.682559999999999, 'inv_time': 0.10327847180910835}",RELATED_TO
241221,287809,"{'time': 4.841279999999999, 'inv_time': 0.2065569436182167}",RELATED_TO
241221,287769,"{'time': 4.841279999999999, 'inv_time': 0.2065569436182167}",RELATED_TO
287667,241345,"{'time': 1.6655642200293137, 'inv_time': 0.6003971434871482}",RELATED_TO
287667,241333,"{'time': 1.6655642200293137, 'inv_time': 0.6003971434871482}",RELATED_TO
287667,241469,"{'time': 1.6655642200293137, 'inv_time': 0.6003971434871482}",RELATED_TO
287627,241345,"{'time': 1.6655642200293137, 'inv_time': 0.6003971434871482}",RELATED_TO
287627,241333,"{'time': 1.6655642200293137, 'inv_time': 0.6003971434871482}",RELATED_TO
287627,241469,"{'time': 1.6655642200293137, 'inv_time': 0.6003971434871482}",RELATED_TO
287607,241345,"{'time': 1.6655642200293137, 'inv_time': 0.6003971434871482}",RELATED_TO
287607,241333,"{'time': 1.6655642200293137, 'inv_time': 0.6003971434871482}",RELATED_TO
287607,241469,"{'time': 1.6655642200293137, 'inv_time': 0.6003971434871482}",RELATED_TO
287809,241345,"{'time': 1.6655642200293137, 'inv_time': 0.6003971434871482}",RELATED_TO
287809,241333,"{'time': 1.6655642200293137, 'inv_time': 0.6003971434871482}",RELATED_TO
287809,241469,"{'time': 1.6655642200293137, 'inv_time': 0.6003971434871482}",RELATED_TO
287769,241345,"{'time': 1.6655642200293137, 'inv_time': 0.6003971434871482}",RELATED_TO
287769,241333,"{'time': 1.6655642200293137, 'inv_time': 0.6003971434871482}",RELATED_TO
287769,241469,"{'time': 1.6655642200293137, 'inv_time': 0.6003971434871482}",RELATED_TO
235618,235762,"{'time': 2.3601903525000005, 'inv_time': 0.4236946392653301}",RELATED_TO
235618,235782,"{'time': 2.3601903525000005, 'inv_time': 0.4236946392653301}",RELATED_TO
235618,235843,"{'time': 2.3601903525000005, 'inv_time': 0.4236946392653301}",RELATED_TO
235618,235863,"{'time': 2.3601903525000005, 'inv_time': 0.4236946392653301}",RELATED_TO
235618,235822,"{'time': 2.3601903525000005, 'inv_time': 0.4236946392653301}",RELATED_TO
235618,235802,"{'time': 2.3601903525000005, 'inv_time': 0.4236946392653301}",RELATED_TO
235557,235762,"{'time': 2.3601903525000005, 'inv_time': 0.4236946392653301}",RELATED_TO
235557,235782,"{'time': 2.3601903525000005, 'inv_time': 0.4236946392653301}",RELATED_TO
235557,235843,"{'time': 2.3601903525000005, 'inv_time': 0.4236946392653301}",RELATED_TO
235557,235863,"{'time': 2.3601903525000005, 'inv_time': 0.4236946392653301}",RELATED_TO
235557,235822,"{'time': 2.3601903525000005, 'inv_time': 0.4236946392653301}",RELATED_TO
235557,235802,"{'time': 2.3601903525000005, 'inv_time': 0.4236946392653301}",RELATED_TO
235577,235762,"{'time': 2.3601903525000005, 'inv_time': 0.4236946392653301}",RELATED_TO
235577,235782,"{'time': 2.3601903525000005, 'inv_time': 0.4236946392653301}",RELATED_TO
235577,235843,"{'time': 2.3601903525000005, 'inv_time': 0.4236946392653301}",RELATED_TO
235577,235863,"{'time': 2.3601903525000005, 'inv_time': 0.4236946392653301}",RELATED_TO
235577,235822,"{'time': 2.3601903525000005, 'inv_time': 0.4236946392653301}",RELATED_TO
235577,235802,"{'time': 2.3601903525000005, 'inv_time': 0.4236946392653301}",RELATED_TO
235598,235762,"{'time': 2.3601903525000005, 'inv_time': 0.4236946392653301}",RELATED_TO
235598,235782,"{'time': 2.3601903525000005, 'inv_time': 0.4236946392653301}",RELATED_TO
235598,235843,"{'time': 2.3601903525000005, 'inv_time': 0.4236946392653301}",RELATED_TO
235598,235863,"{'time': 2.3601903525000005, 'inv_time': 0.4236946392653301}",RELATED_TO
235598,235822,"{'time': 2.3601903525000005, 'inv_time': 0.4236946392653301}",RELATED_TO
235598,235802,"{'time': 2.3601903525000005, 'inv_time': 0.4236946392653301}",RELATED_TO
235762,270152,"{'time': 96.8256, 'inv_time': 0.010327847180910834}",RELATED_TO
235762,271270,"{'time': 53.25407999999999, 'inv_time': 0.018777903965292428}",RELATED_TO
235782,270152,"{'time': 96.8256, 'inv_time': 0.010327847180910834}",RELATED_TO
235782,271270,"{'time': 53.25407999999999, 'inv_time': 0.018777903965292428}",RELATED_TO
235843,270152,"{'time': 96.8256, 'inv_time': 0.010327847180910834}",RELATED_TO
235843,271270,"{'time': 53.25407999999999, 'inv_time': 0.018777903965292428}",RELATED_TO
235863,270152,"{'time': 96.8256, 'inv_time': 0.010327847180910834}",RELATED_TO
235863,271270,"{'time': 53.25407999999999, 'inv_time': 0.018777903965292428}",RELATED_TO
235822,270152,"{'time': 96.8256, 'inv_time': 0.010327847180910834}",RELATED_TO
235822,271270,"{'time': 53.25407999999999, 'inv_time': 0.018777903965292428}",RELATED_TO
235802,270152,"{'time': 96.8256, 'inv_time': 0.010327847180910834}",RELATED_TO
235802,271270,"{'time': 53.25407999999999, 'inv_time': 0.018777903965292428}",RELATED_TO
270152,239007,"{'time': 1.6655642200293137, 'inv_time': 0.6003971434871482}",RELATED_TO
270152,239019,"{'time': 1.6655642200293137, 'inv_time': 0.6003971434871482}",RELATED_TO
270152,239064,"{'time': 1.6655642200293137, 'inv_time': 0.6003971434871482}",RELATED_TO
270152,239053,"{'time': 1.6655642200293137, 'inv_time': 0.6003971434871482}",RELATED_TO
270152,239041,"{'time': 1.6655642200293137, 'inv_time': 0.6003971434871482}",RELATED_TO
270152,239401,"{'time': 1.6655642200293137, 'inv_time': 0.6003971434871482}",RELATED_TO
270152,239423,"{'time': 1.6655642200293137, 'inv_time': 0.6003971434871482}",RELATED_TO
270152,239883,"{'time': 1.6655642200293137, 'inv_time': 0.6003971434871482}",RELATED_TO
270152,239861,"{'time': 1.6655642200293137, 'inv_time': 0.6003971434871482}",RELATED_TO
271270,239007,"{'time': 1.6655642200293137, 'inv_time': 0.6003971434871482}",RELATED_TO
271270,239019,"{'time': 1.6655642200293137, 'inv_time': 0.6003971434871482}",RELATED_TO
271270,239064,"{'time': 1.6655642200293137, 'inv_time': 0.6003971434871482}",RELATED_TO
271270,239053,"{'time': 1.6655642200293137, 'inv_time': 0.6003971434871482}",RELATED_TO
271270,239041,"{'time': 1.6655642200293137, 'inv_time': 0.6003971434871482}",RELATED_TO
271270,239401,"{'time': 1.6655642200293137, 'inv_time': 0.6003971434871482}",RELATED_TO
271270,239423,"{'time': 1.6655642200293137, 'inv_time': 0.6003971434871482}",RELATED_TO
271270,239883,"{'time': 1.6655642200293137, 'inv_time': 0.6003971434871482}",RELATED_TO
271270,239861,"{'time': 1.6655642200293137, 'inv_time': 0.6003971434871482}",RELATED_TO
239007,235883,"{'time': 2.3601903525000005, 'inv_time': 0.4236946392653301}",RELATED_TO
239007,235904,"{'time': 2.3601903525000005, 'inv_time': 0.4236946392653301}",RELATED_TO
239007,235984,"{'time': 2.3601903525000005, 'inv_time': 0.4236946392653301}",RELATED_TO
239007,235924,"{'time': 2.3601903525000005, 'inv_time': 0.4236946392653301}",RELATED_TO
239007,235964,"{'time': 2.3601903525000005, 'inv_time': 0.4236946392653301}",RELATED_TO
239007,235944,"{'time': 2.3601903525000005, 'inv_time': 0.4236946392653301}",RELATED_TO
239019,235883,"{'time': 2.3601903525000005, 'inv_time': 0.4236946392653301}",RELATED_TO
239019,235904,"{'time': 2.3601903525000005, 'inv_time': 0.4236946392653301}",RELATED_TO
239019,235984,"{'time': 2.3601903525000005, 'inv_time': 0.4236946392653301}",RELATED_TO
239019,235924,"{'time': 2.3601903525000005, 'inv_time': 0.4236946392653301}",RELATED_TO
239019,235964,"{'time': 2.3601903525000005, 'inv_time': 0.4236946392653301}",RELATED_TO
239019,235944,"{'time': 2.3601903525000005, 'inv_time': 0.4236946392653301}",RELATED_TO
239064,235883,"{'time': 2.3601903525000005, 'inv_time': 0.4236946392653301}",RELATED_TO
239064,235904,"{'time': 2.3601903525000005, 'inv_time': 0.4236946392653301}",RELATED_TO
239064,235984,"{'time': 2.3601903525000005, 'inv_time': 0.4236946392653301}",RELATED_TO
239064,235924,"{'time': 2.3601903525000005, 'inv_time': 0.4236946392653301}",RELATED_TO
239064,235964,"{'time': 2.3601903525000005, 'inv_time': 0.4236946392653301}",RELATED_TO
239064,235944,"{'time': 2.3601903525000005, 'inv_time': 0.4236946392653301}",RELATED_TO
239053,235883,"{'time': 2.3601903525000005, 'inv_time': 0.4236946392653301}",RELATED_TO
239053,235904,"{'time': 2.3601903525000005, 'inv_time': 0.4236946392653301}",RELATED_TO
239053,235984,"{'time': 2.3601903525000005, 'inv_time': 0.4236946392653301}",RELATED_TO
239053,235924,"{'time': 2.3601903525000005, 'inv_time': 0.4236946392653301}",RELATED_TO
239053,235964,"{'time': 2.3601903525000005, 'inv_time': 0.4236946392653301}",RELATED_TO
239053,235944,"{'time': 2.3601903525000005, 'inv_time': 0.4236946392653301}",RELATED_TO
239041,235883,"{'time': 2.3601903525000005, 'inv_time': 0.4236946392653301}",RELATED_TO
239041,235904,"{'time': 2.3601903525000005, 'inv_time': 0.4236946392653301}",RELATED_TO
239041,235984,"{'time': 2.3601903525000005, 'inv_time': 0.4236946392653301}",RELATED_TO
239041,235924,"{'time': 2.3601903525000005, 'inv_time': 0.4236946392653301}",RELATED_TO
239041,235964,"{'time': 2.3601903525000005, 'inv_time': 0.4236946392653301}",RELATED_TO
239041,235944,"{'time': 2.3601903525000005, 'inv_time': 0.4236946392653301}",RELATED_TO
239401,235883,"{'time': 2.3601903525000005, 'inv_time': 0.4236946392653301}",RELATED_TO
239401,235904,"{'time': 2.3601903525000005, 'inv_time': 0.4236946392653301}",RELATED_TO
239401,235984,"{'time': 2.3601903525000005, 'inv_time': 0.4236946392653301}",RELATED_TO
239401,235924,"{'time': 2.3601903525000005, 'inv_time': 0.4236946392653301}",RELATED_TO
239401,235964,"{'time': 2.3601903525000005, 'inv_time': 0.4236946392653301}",RELATED_TO
239401,235944,"{'time': 2.3601903525000005, 'inv_time': 0.4236946392653301}",RELATED_TO
239423,235883,"{'time': 2.3601903525000005, 'inv_time': 0.4236946392653301}",RELATED_TO
239423,235904,"{'time': 2.3601903525000005, 'inv_time': 0.4236946392653301}",RELATED_TO
239423,235984,"{'time': 2.3601903525000005, 'inv_time': 0.4236946392653301}",RELATED_TO
239423,235924,"{'time': 2.3601903525000005, 'inv_time': 0.4236946392653301}",RELATED_TO
239423,235964,"{'time': 2.3601903525000005, 'inv_time': 0.4236946392653301}",RELATED_TO
239423,235944,"{'time': 2.3601903525000005, 'inv_time': 0.4236946392653301}",RELATED_TO
239883,235883,"{'time': 2.3601903525000005, 'inv_time': 0.4236946392653301}",RELATED_TO
239883,235904,"{'time': 2.3601903525000005, 'inv_time': 0.4236946392653301}",RELATED_TO
239883,235984,"{'time': 2.3601903525000005, 'inv_time': 0.4236946392653301}",RELATED_TO
239883,235924,"{'time': 2.3601903525000005, 'inv_time': 0.4236946392653301}",RELATED_TO
239883,235964,"{'time': 2.3601903525000005, 'inv_time': 0.4236946392653301}",RELATED_TO
239883,235944,"{'time': 2.3601903525000005, 'inv_time': 0.4236946392653301}",RELATED_TO
239861,235883,"{'time': 2.3601903525000005, 'inv_time': 0.4236946392653301}",RELATED_TO
239861,235904,"{'time': 2.3601903525000005, 'inv_time': 0.4236946392653301}",RELATED_TO
239861,235984,"{'time': 2.3601903525000005, 'inv_time': 0.4236946392653301}",RELATED_TO
239861,235924,"{'time': 2.3601903525000005, 'inv_time': 0.4236946392653301}",RELATED_TO
239861,235964,"{'time': 2.3601903525000005, 'inv_time': 0.4236946392653301}",RELATED_TO
239861,235944,"{'time': 2.3601903525000005, 'inv_time': 0.4236946392653301}",RELATED_TO
235883,277276,"{'time': 4.841279999999999, 'inv_time': 0.2065569436182167}",RELATED_TO
235883,277798,"{'time': 4.841279999999999, 'inv_time': 0.2065569436182167}",RELATED_TO
235883,277672,"{'time': 4.841279999999999, 'inv_time': 0.2065569436182167}",RELATED_TO
235883,279223,"{'time': 4.841279999999999, 'inv_time': 0.2065569436182167}",RELATED_TO
235883,279310,"{'time': 4.841279999999999, 'inv_time': 0.2065569436182167}",RELATED_TO
235883,280295,"{'time': 4.841279999999999, 'inv_time': 0.2065569436182167}",RELATED_TO
235883,279886,"{'time': 4.841279999999999, 'inv_time': 0.2065569436182167}",RELATED_TO
235883,281773,"{'time': 9.682559999999999, 'inv_time': 0.10327847180910835}",RELATED_TO
235883,281831,"{'time': 9.682559999999999, 'inv_time': 0.10327847180910835}",RELATED_TO
235883,282934,"{'time': 4.841279999999999, 'inv_time': 0.2065569436182167}",RELATED_TO
235883,282564,"{'time': 9.682559999999999, 'inv_time': 0.10327847180910835}",RELATED_TO
235883,283486,"{'time': 9.682559999999999, 'inv_time': 0.10327847180910835}",RELATED_TO
235883,283872,"{'time': 4.841279999999999, 'inv_time': 0.2065569436182167}",RELATED_TO
235883,283708,"{'time': 4.841279999999999, 'inv_time': 0.2065569436182167}",RELATED_TO
235883,284036,"{'time': 4.841279999999999, 'inv_time': 0.2065569436182167}",RELATED_TO
235883,283748,"{'time': 4.841279999999999, 'inv_time': 0.2065569436182167}",RELATED_TO
235904,277276,"{'time': 4.841279999999999, 'inv_time': 0.2065569436182167}",RELATED_TO
235904,277798,"{'time': 4.841279999999999, 'inv_time': 0.2065569436182167}",RELATED_TO
235904,277672,"{'time': 4.841279999999999, 'inv_time': 0.2065569436182167}",RELATED_TO
235904,279223,"{'time': 4.841279999999999, 'inv_time': 0.2065569436182167}",RELATED_TO
235904,279310,"{'time': 4.841279999999999, 'inv_time': 0.2065569436182167}",RELATED_TO
235904,280295,"{'time': 4.841279999999999, 'inv_time': 0.2065569436182167}",RELATED_TO
235904,279886,"{'time': 4.841279999999999, 'inv_time': 0.2065569436182167}",RELATED_TO
235904,281773,"{'time': 9.682559999999999, 'inv_time': 0.10327847180910835}",RELATED_TO
235904,281831,"{'time': 9.682559999999999, 'inv_time': 0.10327847180910835}",RELATED_TO
235904,282934,"{'time': 4.841279999999999, 'inv_time': 0.2065569436182167}",RELATED_TO
235904,282564,"{'time': 9.682559999999999, 'inv_time': 0.10327847180910835}",RELATED_TO
235904,283486,"{'time': 9.682559999999999, 'inv_time': 0.10327847180910835}",RELATED_TO
235904,283872,"{'time': 4.841279999999999, 'inv_time': 0.2065569436182167}",RELATED_TO
235904,283708,"{'time': 4.841279999999999, 'inv_time': 0.2065569436182167}",RELATED_TO
235904,284036,"{'time': 4.841279999999999, 'inv_time': 0.2065569436182167}",RELATED_TO
235904,283748,"{'time': 4.841279999999999, 'inv_time': 0.2065569436182167}",RELATED_TO
235984,277276,"{'time': 4.841279999999999, 'inv_time': 0.2065569436182167}",RELATED_TO
235984,277798,"{'time': 4.841279999999999, 'inv_time': 0.2065569436182167}",RELATED_TO
235984,277672,"{'time': 4.841279999999999, 'inv_time': 0.2065569436182167}",RELATED_TO
235984,279223,"{'time': 4.841279999999999, 'inv_time': 0.2065569436182167}",RELATED_TO
235984,279310,"{'time': 4.841279999999999, 'inv_time': 0.2065569436182167}",RELATED_TO
235984,280295,"{'time': 4.841279999999999, 'inv_time': 0.2065569436182167}",RELATED_TO
235984,279886,"{'time': 4.841279999999999, 'inv_time': 0.2065569436182167}",RELATED_TO
235984,281773,"{'time': 9.682559999999999, 'inv_time': 0.10327847180910835}",RELATED_TO
235984,281831,"{'time': 9.682559999999999, 'inv_time': 0.10327847180910835}",RELATED_TO
235984,282934,"{'time': 4.841279999999999, 'inv_time': 0.2065569436182167}",RELATED_TO
235984,282564,"{'time': 9.682559999999999, 'inv_time': 0.10327847180910835}",RELATED_TO
235984,283486,"{'time': 9.682559999999999, 'inv_time': 0.10327847180910835}",RELATED_TO
235984,283872,"{'time': 4.841279999999999, 'inv_time': 0.2065569436182167}",RELATED_TO
235984,283708,"{'time': 4.841279999999999, 'inv_time': 0.2065569436182167}",RELATED_TO
235984,284036,"{'time': 4.841279999999999, 'inv_time': 0.2065569436182167}",RELATED_TO
235984,283748,"{'time': 4.841279999999999, 'inv_time': 0.2065569436182167}",RELATED_TO
235924,277276,"{'time': 4.841279999999999, 'inv_time': 0.2065569436182167}",RELATED_TO
235924,277798,"{'time': 4.841279999999999, 'inv_time': 0.2065569436182167}",RELATED_TO
235924,277672,"{'time': 4.841279999999999, 'inv_time': 0.2065569436182167}",RELATED_TO
235924,279223,"{'time': 4.841279999999999, 'inv_time': 0.2065569436182167}",RELATED_TO
235924,279310,"{'time': 4.841279999999999, 'inv_time': 0.2065569436182167}",RELATED_TO
235924,280295,"{'time': 4.841279999999999, 'inv_time': 0.2065569436182167}",RELATED_TO
235924,279886,"{'time': 4.841279999999999, 'inv_time': 0.2065569436182167}",RELATED_TO
235924,281773,"{'time': 9.682559999999999, 'inv_time': 0.10327847180910835}",RELATED_TO
235924,281831,"{'time': 9.682559999999999, 'inv_time': 0.10327847180910835}",RELATED_TO
235924,282934,"{'time': 4.841279999999999, 'inv_time': 0.2065569436182167}",RELATED_TO
235924,282564,"{'time': 9.682559999999999, 'inv_time': 0.10327847180910835}",RELATED_TO
235924,283486,"{'time': 9.682559999999999, 'inv_time': 0.10327847180910835}",RELATED_TO
235924,283872,"{'time': 4.841279999999999, 'inv_time': 0.2065569436182167}",RELATED_TO
235924,283708,"{'time': 4.841279999999999, 'inv_time': 0.2065569436182167}",RELATED_TO
235924,284036,"{'time': 4.841279999999999, 'inv_time': 0.2065569436182167}",RELATED_TO
235924,283748,"{'time': 4.841279999999999, 'inv_time': 0.2065569436182167}",RELATED_TO
235964,277276,"{'time': 4.841279999999999, 'inv_time': 0.2065569436182167}",RELATED_TO
235964,277798,"{'time': 4.841279999999999, 'inv_time': 0.2065569436182167}",RELATED_TO
235964,277672,"{'time': 4.841279999999999, 'inv_time': 0.2065569436182167}",RELATED_TO
235964,279223,"{'time': 4.841279999999999, 'inv_time': 0.2065569436182167}",RELATED_TO
235964,279310,"{'time': 4.841279999999999, 'inv_time': 0.2065569436182167}",RELATED_TO
235964,280295,"{'time': 4.841279999999999, 'inv_time': 0.2065569436182167}",RELATED_TO
235964,279886,"{'time': 4.841279999999999, 'inv_time': 0.2065569436182167}",RELATED_TO
235964,281773,"{'time': 9.682559999999999, 'inv_time': 0.10327847180910835}",RELATED_TO
235964,281831,"{'time': 9.682559999999999, 'inv_time': 0.10327847180910835}",RELATED_TO
235964,282934,"{'time': 4.841279999999999, 'inv_time': 0.2065569436182167}",RELATED_TO
235964,282564,"{'time': 9.682559999999999, 'inv_time': 0.10327847180910835}",RELATED_TO
235964,283486,"{'time': 9.682559999999999, 'inv_time': 0.10327847180910835}",RELATED_TO
235964,283872,"{'time': 4.841279999999999, 'inv_time': 0.2065569436182167}",RELATED_TO
235964,283708,"{'time': 4.841279999999999, 'inv_time': 0.2065569436182167}",RELATED_TO
235964,284036,"{'time': 4.841279999999999, 'inv_time': 0.2065569436182167}",RELATED_TO
235964,283748,"{'time': 4.841279999999999, 'inv_time': 0.2065569436182167}",RELATED_TO
235944,277276,"{'time': 4.841279999999999, 'inv_time': 0.2065569436182167}",RELATED_TO
235944,277798,"{'time': 4.841279999999999, 'inv_time': 0.2065569436182167}",RELATED_TO
235944,277672,"{'time': 4.841279999999999, 'inv_time': 0.2065569436182167}",RELATED_TO
235944,279223,"{'time': 4.841279999999999, 'inv_time': 0.2065569436182167}",RELATED_TO
235944,279310,"{'time': 4.841279999999999, 'inv_time': 0.2065569436182167}",RELATED_TO
235944,280295,"{'time': 4.841279999999999, 'inv_time': 0.2065569436182167}",RELATED_TO
235944,279886,"{'time': 4.841279999999999, 'inv_time': 0.2065569436182167}",RELATED_TO
235944,281773,"{'time': 9.682559999999999, 'inv_time': 0.10327847180910835}",RELATED_TO
235944,281831,"{'time': 9.682559999999999, 'inv_time': 0.10327847180910835}",RELATED_TO
235944,282934,"{'time': 4.841279999999999, 'inv_time': 0.2065569436182167}",RELATED_TO
235944,282564,"{'time': 9.682559999999999, 'inv_time': 0.10327847180910835}",RELATED_TO
235944,283486,"{'time': 9.682559999999999, 'inv_time': 0.10327847180910835}",RELATED_TO
235944,283872,"{'time': 4.841279999999999, 'inv_time': 0.2065569436182167}",RELATED_TO
235944,283708,"{'time': 4.841279999999999, 'inv_time': 0.2065569436182167}",RELATED_TO
235944,284036,"{'time': 4.841279999999999, 'inv_time': 0.2065569436182167}",RELATED_TO
235944,283748,"{'time': 4.841279999999999, 'inv_time': 0.2065569436182167}",RELATED_TO
277276,239939,"{'time': 1.6655642200293137, 'inv_time': 0.6003971434871482}",RELATED_TO
277276,240209,"{'time': 1.6655642200293137, 'inv_time': 0.6003971434871482}",RELATED_TO
277276,240175,"{'time': 1.6655642200293137, 'inv_time': 0.6003971434871482}",RELATED_TO
277276,240197,"{'time': 1.6655642200293137, 'inv_time': 0.6003971434871482}",RELATED_TO
277276,240299,"{'time': 1.6655642200293137, 'inv_time': 0.6003971434871482}",RELATED_TO
277276,240231,"{'time': 1.6655642200293137, 'inv_time': 0.6003971434871482}",RELATED_TO
277276,240287,"{'time': 1.6655642200293137, 'inv_time': 0.6003971434871482}",RELATED_TO
277276,240681,"{'time': 1.6655642200293137, 'inv_time': 0.6003971434871482}",RELATED_TO
277276,240703,"{'time': 1.6655642200293137, 'inv_time': 0.6003971434871482}",RELATED_TO
277798,239939,"{'time': 1.6655642200293137, 'inv_time': 0.6003971434871482}",RELATED_TO
277798,240209,"{'time': 1.6655642200293137, 'inv_time': 0.6003971434871482}",RELATED_TO
277798,240175,"{'time': 1.6655642200293137, 'inv_time': 0.6003971434871482}",RELATED_TO
277798,240197,"{'time': 1.6655642200293137, 'inv_time': 0.6003971434871482}",RELATED_TO
277798,240299,"{'time': 1.6655642200293137, 'inv_time': 0.6003971434871482}",RELATED_TO
277798,240231,"{'time': 1.6655642200293137, 'inv_time': 0.6003971434871482}",RELATED_TO
277798,240287,"{'time': 1.6655642200293137, 'inv_time': 0.6003971434871482}",RELATED_TO
277798,240681,"{'time': 1.6655642200293137, 'inv_time': 0.6003971434871482}",RELATED_TO
277798,240703,"{'time': 1.6655642200293137, 'inv_time': 0.6003971434871482}",RELATED_TO
277672,239939,"{'time': 1.6655642200293137, 'inv_time': 0.6003971434871482}",RELATED_TO
277672,240209,"{'time': 1.6655642200293137, 'inv_time': 0.6003971434871482}",RELATED_TO
277672,240175,"{'time': 1.6655642200293137, 'inv_time': 0.6003971434871482}",RELATED_TO
277672,240197,"{'time': 1.6655642200293137, 'inv_time': 0.6003971434871482}",RELATED_TO
277672,240299,"{'time': 1.6655642200293137, 'inv_time': 0.6003971434871482}",RELATED_TO
277672,240231,"{'time': 1.6655642200293137, 'inv_time': 0.6003971434871482}",RELATED_TO
277672,240287,"{'time': 1.6655642200293137, 'inv_time': 0.6003971434871482}",RELATED_TO
277672,240681,"{'time': 1.6655642200293137, 'inv_time': 0.6003971434871482}",RELATED_TO
277672,240703,"{'time': 1.6655642200293137, 'inv_time': 0.6003971434871482}",RELATED_TO
279223,239939,"{'time': 1.6655642200293137, 'inv_time': 0.6003971434871482}",RELATED_TO
279223,240209,"{'time': 1.6655642200293137, 'inv_time': 0.6003971434871482}",RELATED_TO
279223,240175,"{'time': 1.6655642200293137, 'inv_time': 0.6003971434871482}",RELATED_TO
279223,240197,"{'time': 1.6655642200293137, 'inv_time': 0.6003971434871482}",RELATED_TO
279223,240299,"{'time': 1.6655642200293137, 'inv_time': 0.6003971434871482}",RELATED_TO
279223,240231,"{'time': 1.6655642200293137, 'inv_time': 0.6003971434871482}",RELATED_TO
279223,240287,"{'time': 1.6655642200293137, 'inv_time': 0.6003971434871482}",RELATED_TO
279223,240681,"{'time': 1.6655642200293137, 'inv_time': 0.6003971434871482}",RELATED_TO
279223,240703,"{'time': 1.6655642200293137, 'inv_time': 0.6003971434871482}",RELATED_TO
279310,239939,"{'time': 1.6655642200293137, 'inv_time': 0.6003971434871482}",RELATED_TO
279310,240209,"{'time': 1.6655642200293137, 'inv_time': 0.6003971434871482}",RELATED_TO
279310,240175,"{'time': 1.6655642200293137, 'inv_time': 0.6003971434871482}",RELATED_TO
279310,240197,"{'time': 1.6655642200293137, 'inv_time': 0.6003971434871482}",RELATED_TO
279310,240299,"{'time': 1.6655642200293137, 'inv_time': 0.6003971434871482}",RELATED_TO
279310,240231,"{'time': 1.6655642200293137, 'inv_time': 0.6003971434871482}",RELATED_TO
279310,240287,"{'time': 1.6655642200293137, 'inv_time': 0.6003971434871482}",RELATED_TO
279310,240681,"{'time': 1.6655642200293137, 'inv_time': 0.6003971434871482}",RELATED_TO
279310,240703,"{'time': 1.6655642200293137, 'inv_time': 0.6003971434871482}",RELATED_TO
280295,239939,"{'time': 1.6655642200293137, 'inv_time': 0.6003971434871482}",RELATED_TO
280295,240209,"{'time': 1.6655642200293137, 'inv_time': 0.6003971434871482}",RELATED_TO
280295,240175,"{'time': 1.6655642200293137, 'inv_time': 0.6003971434871482}",RELATED_TO
280295,240197,"{'time': 1.6655642200293137, 'inv_time': 0.6003971434871482}",RELATED_TO
280295,240299,"{'time': 1.6655642200293137, 'inv_time': 0.6003971434871482}",RELATED_TO
280295,240231,"{'time': 1.6655642200293137, 'inv_time': 0.6003971434871482}",RELATED_TO
280295,240287,"{'time': 1.6655642200293137, 'inv_time': 0.6003971434871482}",RELATED_TO
280295,240681,"{'time': 1.6655642200293137, 'inv_time': 0.6003971434871482}",RELATED_TO
280295,240703,"{'time': 1.6655642200293137, 'inv_time': 0.6003971434871482}",RELATED_TO
279886,239939,"{'time': 1.6655642200293137, 'inv_time': 0.6003971434871482}",RELATED_TO
279886,240209,"{'time': 1.6655642200293137, 'inv_time': 0.6003971434871482}",RELATED_TO
279886,240175,"{'time': 1.6655642200293137, 'inv_time': 0.6003971434871482}",RELATED_TO
279886,240197,"{'time': 1.6655642200293137, 'inv_time': 0.6003971434871482}",RELATED_TO
279886,240299,"{'time': 1.6655642200293137, 'inv_time': 0.6003971434871482}",RELATED_TO
279886,240231,"{'time': 1.6655642200293137, 'inv_time': 0.6003971434871482}",RELATED_TO
279886,240287,"{'time': 1.6655642200293137, 'inv_time': 0.6003971434871482}",RELATED_TO
279886,240681,"{'time': 1.6655642200293137, 'inv_time': 0.6003971434871482}",RELATED_TO
279886,240703,"{'time': 1.6655642200293137, 'inv_time': 0.6003971434871482}",RELATED_TO
281773,239939,"{'time': 1.6655642200293137, 'inv_time': 0.6003971434871482}",RELATED_TO
281773,240209,"{'time': 1.6655642200293137, 'inv_time': 0.6003971434871482}",RELATED_TO
281773,240175,"{'time': 1.6655642200293137, 'inv_time': 0.6003971434871482}",RELATED_TO
281773,240197,"{'time': 1.6655642200293137, 'inv_time': 0.6003971434871482}",RELATED_TO
281773,240299,"{'time': 1.6655642200293137, 'inv_time': 0.6003971434871482}",RELATED_TO
281773,240231,"{'time': 1.6655642200293137, 'inv_time': 0.6003971434871482}",RELATED_TO
281773,240287,"{'time': 1.6655642200293137, 'inv_time': 0.6003971434871482}",RELATED_TO
281773,240681,"{'time': 1.6655642200293137, 'inv_time': 0.6003971434871482}",RELATED_TO
281773,240703,"{'time': 1.6655642200293137, 'inv_time': 0.6003971434871482}",RELATED_TO
281831,239939,"{'time': 1.6655642200293137, 'inv_time': 0.6003971434871482}",RELATED_TO
281831,240209,"{'time': 1.6655642200293137, 'inv_time': 0.6003971434871482}",RELATED_TO
281831,240175,"{'time': 1.6655642200293137, 'inv_time': 0.6003971434871482}",RELATED_TO
281831,240197,"{'time': 1.6655642200293137, 'inv_time': 0.6003971434871482}",RELATED_TO
281831,240299,"{'time': 1.6655642200293137, 'inv_time': 0.6003971434871482}",RELATED_TO
281831,240231,"{'time': 1.6655642200293137, 'inv_time': 0.6003971434871482}",RELATED_TO
281831,240287,"{'time': 1.6655642200293137, 'inv_time': 0.6003971434871482}",RELATED_TO
281831,240681,"{'time': 1.6655642200293137, 'inv_time': 0.6003971434871482}",RELATED_TO
281831,240703,"{'time': 1.6655642200293137, 'inv_time': 0.6003971434871482}",RELATED_TO
282934,239939,"{'time': 1.6655642200293137, 'inv_time': 0.6003971434871482}",RELATED_TO
282934,240209,"{'time': 1.6655642200293137, 'inv_time': 0.6003971434871482}",RELATED_TO
282934,240175,"{'time': 1.6655642200293137, 'inv_time': 0.6003971434871482}",RELATED_TO
282934,240197,"{'time': 1.6655642200293137, 'inv_time': 0.6003971434871482}",RELATED_TO
282934,240299,"{'time': 1.6655642200293137, 'inv_time': 0.6003971434871482}",RELATED_TO
282934,240231,"{'time': 1.6655642200293137, 'inv_time': 0.6003971434871482}",RELATED_TO
282934,240287,"{'time': 1.6655642200293137, 'inv_time': 0.6003971434871482}",RELATED_TO
282934,240681,"{'time': 1.6655642200293137, 'inv_time': 0.6003971434871482}",RELATED_TO
282934,240703,"{'time': 1.6655642200293137, 'inv_time': 0.6003971434871482}",RELATED_TO
282564,239939,"{'time': 1.6655642200293137, 'inv_time': 0.6003971434871482}",RELATED_TO
282564,240209,"{'time': 1.6655642200293137, 'inv_time': 0.6003971434871482}",RELATED_TO
282564,240175,"{'time': 1.6655642200293137, 'inv_time': 0.6003971434871482}",RELATED_TO
282564,240197,"{'time': 1.6655642200293137, 'inv_time': 0.6003971434871482}",RELATED_TO
282564,240299,"{'time': 1.6655642200293137, 'inv_time': 0.6003971434871482}",RELATED_TO
282564,240231,"{'time': 1.6655642200293137, 'inv_time': 0.6003971434871482}",RELATED_TO
282564,240287,"{'time': 1.6655642200293137, 'inv_time': 0.6003971434871482}",RELATED_TO
282564,240681,"{'time': 1.6655642200293137, 'inv_time': 0.6003971434871482}",RELATED_TO
282564,240703,"{'time': 1.6655642200293137, 'inv_time': 0.6003971434871482}",RELATED_TO
283486,239939,"{'time': 1.6655642200293137, 'inv_time': 0.6003971434871482}",RELATED_TO
283486,240209,"{'time': 1.6655642200293137, 'inv_time': 0.6003971434871482}",RELATED_TO
283486,240175,"{'time': 1.6655642200293137, 'inv_time': 0.6003971434871482}",RELATED_TO
283486,240197,"{'time': 1.6655642200293137, 'inv_time': 0.6003971434871482}",RELATED_TO
283486,240299,"{'time': 1.6655642200293137, 'inv_time': 0.6003971434871482}",RELATED_TO
283486,240231,"{'time': 1.6655642200293137, 'inv_time': 0.6003971434871482}",RELATED_TO
283486,240287,"{'time': 1.6655642200293137, 'inv_time': 0.6003971434871482}",RELATED_TO
283486,240681,"{'time': 1.6655642200293137, 'inv_time': 0.6003971434871482}",RELATED_TO
283486,240703,"{'time': 1.6655642200293137, 'inv_time': 0.6003971434871482}",RELATED_TO
283872,239939,"{'time': 1.6655642200293137, 'inv_time': 0.6003971434871482}",RELATED_TO
283872,240209,"{'time': 1.6655642200293137, 'inv_time': 0.6003971434871482}",RELATED_TO
283872,240175,"{'time': 1.6655642200293137, 'inv_time': 0.6003971434871482}",RELATED_TO
283872,240197,"{'time': 1.6655642200293137, 'inv_time': 0.6003971434871482}",RELATED_TO
283872,240299,"{'time': 1.6655642200293137, 'inv_time': 0.6003971434871482}",RELATED_TO
283872,240231,"{'time': 1.6655642200293137, 'inv_time': 0.6003971434871482}",RELATED_TO
283872,240287,"{'time': 1.6655642200293137, 'inv_time': 0.6003971434871482}",RELATED_TO
283872,240681,"{'time': 1.6655642200293137, 'inv_time': 0.6003971434871482}",RELATED_TO
283872,240703,"{'time': 1.6655642200293137, 'inv_time': 0.6003971434871482}",RELATED_TO
283708,239939,"{'time': 1.6655642200293137, 'inv_time': 0.6003971434871482}",RELATED_TO
283708,240209,"{'time': 1.6655642200293137, 'inv_time': 0.6003971434871482}",RELATED_TO
283708,240175,"{'time': 1.6655642200293137, 'inv_time': 0.6003971434871482}",RELATED_TO
283708,240197,"{'time': 1.6655642200293137, 'inv_time': 0.6003971434871482}",RELATED_TO
283708,240299,"{'time': 1.6655642200293137, 'inv_time': 0.6003971434871482}",RELATED_TO
283708,240231,"{'time': 1.6655642200293137, 'inv_time': 0.6003971434871482}",RELATED_TO
283708,240287,"{'time': 1.6655642200293137, 'inv_time': 0.6003971434871482}",RELATED_TO
283708,240681,"{'time': 1.6655642200293137, 'inv_time': 0.6003971434871482}",RELATED_TO
283708,240703,"{'time': 1.6655642200293137, 'inv_time': 0.6003971434871482}",RELATED_TO
284036,239939,"{'time': 1.6655642200293137, 'inv_time': 0.6003971434871482}",RELATED_TO
284036,240209,"{'time': 1.6655642200293137, 'inv_time': 0.6003971434871482}",RELATED_TO
284036,240175,"{'time': 1.6655642200293137, 'inv_time': 0.6003971434871482}",RELATED_TO
284036,240197,"{'time': 1.6655642200293137, 'inv_time': 0.6003971434871482}",RELATED_TO
284036,240299,"{'time': 1.6655642200293137, 'inv_time': 0.6003971434871482}",RELATED_TO
284036,240231,"{'time': 1.6655642200293137, 'inv_time': 0.6003971434871482}",RELATED_TO
284036,240287,"{'time': 1.6655642200293137, 'inv_time': 0.6003971434871482}",RELATED_TO
284036,240681,"{'time': 1.6655642200293137, 'inv_time': 0.6003971434871482}",RELATED_TO
284036,240703,"{'time': 1.6655642200293137, 'inv_time': 0.6003971434871482}",RELATED_TO
283748,239939,"{'time': 1.6655642200293137, 'inv_time': 0.6003971434871482}",RELATED_TO
283748,240209,"{'time': 1.6655642200293137, 'inv_time': 0.6003971434871482}",RELATED_TO
283748,240175,"{'time': 1.6655642200293137, 'inv_time': 0.6003971434871482}",RELATED_TO
283748,240197,"{'time': 1.6655642200293137, 'inv_time': 0.6003971434871482}",RELATED_TO
283748,240299,"{'time': 1.6655642200293137, 'inv_time': 0.6003971434871482}",RELATED_TO
283748,240231,"{'time': 1.6655642200293137, 'inv_time': 0.6003971434871482}",RELATED_TO
283748,240287,"{'time': 1.6655642200293137, 'inv_time': 0.6003971434871482}",RELATED_TO
283748,240681,"{'time': 1.6655642200293137, 'inv_time': 0.6003971434871482}",RELATED_TO
283748,240703,"{'time': 1.6655642200293137, 'inv_time': 0.6003971434871482}",RELATED_TO
239939,236025,"{'time': 2.3601903525000005, 'inv_time': 0.4236946392653301}",RELATED_TO
239939,236066,"{'time': 2.3601903525000005, 'inv_time': 0.4236946392653301}",RELATED_TO
239939,236045,"{'time': 2.3601903525000005, 'inv_time': 0.4236946392653301}",RELATED_TO
239939,236106,"{'time': 2.3601903525000005, 'inv_time': 0.4236946392653301}",RELATED_TO
239939,236005,"{'time': 2.3601903525000005, 'inv_time': 0.4236946392653301}",RELATED_TO
239939,236086,"{'time': 2.3601903525000005, 'inv_time': 0.4236946392653301}",RELATED_TO
240209,236025,"{'time': 2.3601903525000005, 'inv_time': 0.4236946392653301}",RELATED_TO
240209,236066,"{'time': 2.3601903525000005, 'inv_time': 0.4236946392653301}",RELATED_TO
240209,236045,"{'time': 2.3601903525000005, 'inv_time': 0.4236946392653301}",RELATED_TO
240209,236106,"{'time': 2.3601903525000005, 'inv_time': 0.4236946392653301}",RELATED_TO
240209,236005,"{'time': 2.3601903525000005, 'inv_time': 0.4236946392653301}",RELATED_TO
240209,236086,"{'time': 2.3601903525000005, 'inv_time': 0.4236946392653301}",RELATED_TO
240175,236025,"{'time': 2.3601903525000005, 'inv_time': 0.4236946392653301}",RELATED_TO
240175,236066,"{'time': 2.3601903525000005, 'inv_time': 0.4236946392653301}",RELATED_TO
240175,236045,"{'time': 2.3601903525000005, 'inv_time': 0.4236946392653301}",RELATED_TO
240175,236106,"{'time': 2.3601903525000005, 'inv_time': 0.4236946392653301}",RELATED_TO
240175,236005,"{'time': 2.3601903525000005, 'inv_time': 0.4236946392653301}",RELATED_TO
240175,236086,"{'time': 2.3601903525000005, 'inv_time': 0.4236946392653301}",RELATED_TO
240197,236025,"{'time': 2.3601903525000005, 'inv_time': 0.4236946392653301}",RELATED_TO
240197,236066,"{'time': 2.3601903525000005, 'inv_time': 0.4236946392653301}",RELATED_TO
240197,236045,"{'time': 2.3601903525000005, 'inv_time': 0.4236946392653301}",RELATED_TO
240197,236106,"{'time': 2.3601903525000005, 'inv_time': 0.4236946392653301}",RELATED_TO
240197,236005,"{'time': 2.3601903525000005, 'inv_time': 0.4236946392653301}",RELATED_TO
240197,236086,"{'time': 2.3601903525000005, 'inv_time': 0.4236946392653301}",RELATED_TO
240299,236025,"{'time': 2.3601903525000005, 'inv_time': 0.4236946392653301}",RELATED_TO
240299,236066,"{'time': 2.3601903525000005, 'inv_time': 0.4236946392653301}",RELATED_TO
240299,236045,"{'time': 2.3601903525000005, 'inv_time': 0.4236946392653301}",RELATED_TO
240299,236106,"{'time': 2.3601903525000005, 'inv_time': 0.4236946392653301}",RELATED_TO
240299,236005,"{'time': 2.3601903525000005, 'inv_time': 0.4236946392653301}",RELATED_TO
240299,236086,"{'time': 2.3601903525000005, 'inv_time': 0.4236946392653301}",RELATED_TO
240231,236025,"{'time': 2.3601903525000005, 'inv_time': 0.4236946392653301}",RELATED_TO
240231,236066,"{'time': 2.3601903525000005, 'inv_time': 0.4236946392653301}",RELATED_TO
240231,236045,"{'time': 2.3601903525000005, 'inv_time': 0.4236946392653301}",RELATED_TO
240231,236106,"{'time': 2.3601903525000005, 'inv_time': 0.4236946392653301}",RELATED_TO
240231,236005,"{'time': 2.3601903525000005, 'inv_time': 0.4236946392653301}",RELATED_TO
240231,236086,"{'time': 2.3601903525000005, 'inv_time': 0.4236946392653301}",RELATED_TO
240287,236025,"{'time': 2.3601903525000005, 'inv_time': 0.4236946392653301}",RELATED_TO
240287,236066,"{'time': 2.3601903525000005, 'inv_time': 0.4236946392653301}",RELATED_TO
240287,236045,"{'time': 2.3601903525000005, 'inv_time': 0.4236946392653301}",RELATED_TO
240287,236106,"{'time': 2.3601903525000005, 'inv_time': 0.4236946392653301}",RELATED_TO
240287,236005,"{'time': 2.3601903525000005, 'inv_time': 0.4236946392653301}",RELATED_TO
240287,236086,"{'time': 2.3601903525000005, 'inv_time': 0.4236946392653301}",RELATED_TO
240681,236025,"{'time': 2.3601903525000005, 'inv_time': 0.4236946392653301}",RELATED_TO
240681,236066,"{'time': 2.3601903525000005, 'inv_time': 0.4236946392653301}",RELATED_TO
240681,236045,"{'time': 2.3601903525000005, 'inv_time': 0.4236946392653301}",RELATED_TO
240681,236106,"{'time': 2.3601903525000005, 'inv_time': 0.4236946392653301}",RELATED_TO
240681,236005,"{'time': 2.3601903525000005, 'inv_time': 0.4236946392653301}",RELATED_TO
240681,236086,"{'time': 2.3601903525000005, 'inv_time': 0.4236946392653301}",RELATED_TO
240703,236025,"{'time': 2.3601903525000005, 'inv_time': 0.4236946392653301}",RELATED_TO
240703,236066,"{'time': 2.3601903525000005, 'inv_time': 0.4236946392653301}",RELATED_TO
240703,236045,"{'time': 2.3601903525000005, 'inv_time': 0.4236946392653301}",RELATED_TO
240703,236106,"{'time': 2.3601903525000005, 'inv_time': 0.4236946392653301}",RELATED_TO
240703,236005,"{'time': 2.3601903525000005, 'inv_time': 0.4236946392653301}",RELATED_TO
240703,236086,"{'time': 2.3601903525000005, 'inv_time': 0.4236946392653301}",RELATED_TO
236025,284471,"{'time': 14.52384, 'inv_time': 0.06885231453940556}",RELATED_TO
236025,284501,"{'time': 4.841279999999999, 'inv_time': 0.2065569436182167}",RELATED_TO
236025,285368,"{'time': 4.841279999999999, 'inv_time': 0.2065569436182167}",RELATED_TO
236025,285746,"{'time': 14.52384, 'inv_time': 0.06885231453940556}",RELATED_TO
236025,286372,"{'time': 4.841279999999999, 'inv_time': 0.2065569436182167}",RELATED_TO
236025,286295,"{'time': 4.841279999999999, 'inv_time': 0.2065569436182167}",RELATED_TO
236025,286527,"{'time': 14.52384, 'inv_time': 0.06885231453940556}",RELATED_TO
236025,286271,"{'time': 24.2064, 'inv_time': 0.04131138872364334}",RELATED_TO
236025,286399,"{'time': 4.841279999999999, 'inv_time': 0.2065569436182167}",RELATED_TO
236025,286578,"{'time': 4.841279999999999, 'inv_time': 0.2065569436182167}",RELATED_TO
236025,286895,"{'time': 4.841279999999999, 'inv_time': 0.2065569436182167}",RELATED_TO
236066,284471,"{'time': 14.52384, 'inv_time': 0.06885231453940556}",RELATED_TO
236066,284501,"{'time': 4.841279999999999, 'inv_time': 0.2065569436182167}",RELATED_TO
236066,285368,"{'time': 4.841279999999999, 'inv_time': 0.2065569436182167}",RELATED_TO
236066,285746,"{'time': 14.52384, 'inv_time': 0.06885231453940556}",RELATED_TO
236066,286372,"{'time': 4.841279999999999, 'inv_time': 0.2065569436182167}",RELATED_TO
236066,286295,"{'time': 4.841279999999999, 'inv_time': 0.2065569436182167}",RELATED_TO
236066,286527,"{'time': 14.52384, 'inv_time': 0.06885231453940556}",RELATED_TO
236066,286271,"{'time': 24.2064, 'inv_time': 0.04131138872364334}",RELATED_TO
236066,286399,"{'time': 4.841279999999999, 'inv_time': 0.2065569436182167}",RELATED_TO
236066,286578,"{'time': 4.841279999999999, 'inv_time': 0.2065569436182167}",RELATED_TO
236066,286895,"{'time': 4.841279999999999, 'inv_time': 0.2065569436182167}",RELATED_TO
236045,284471,"{'time': 14.52384, 'inv_time': 0.06885231453940556}",RELATED_TO
236045,284501,"{'time': 4.841279999999999, 'inv_time': 0.2065569436182167}",RELATED_TO
236045,285368,"{'time': 4.841279999999999, 'inv_time': 0.2065569436182167}",RELATED_TO
236045,285746,"{'time': 14.52384, 'inv_time': 0.06885231453940556}",RELATED_TO
236045,286372,"{'time': 4.841279999999999, 'inv_time': 0.2065569436182167}",RELATED_TO
236045,286295,"{'time': 4.841279999999999, 'inv_time': 0.2065569436182167}",RELATED_TO
236045,286527,"{'time': 14.52384, 'inv_time': 0.06885231453940556}",RELATED_TO
236045,286271,"{'time': 24.2064, 'inv_time': 0.04131138872364334}",RELATED_TO
236045,286399,"{'time': 4.841279999999999, 'inv_time': 0.2065569436182167}",RELATED_TO
236045,286578,"{'time': 4.841279999999999, 'inv_time': 0.2065569436182167}",RELATED_TO
236045,286895,"{'time': 4.841279999999999, 'inv_time': 0.2065569436182167}",RELATED_TO
236106,284471,"{'time': 14.52384, 'inv_time': 0.06885231453940556}",RELATED_TO
236106,284501,"{'time': 4.841279999999999, 'inv_time': 0.2065569436182167}",RELATED_TO
236106,285368,"{'time': 4.841279999999999, 'inv_time': 0.2065569436182167}",RELATED_TO
236106,285746,"{'time': 14.52384, 'inv_time': 0.06885231453940556}",RELATED_TO
236106,286372,"{'time': 4.841279999999999, 'inv_time': 0.2065569436182167}",RELATED_TO
236106,286295,"{'time': 4.841279999999999, 'inv_time': 0.2065569436182167}",RELATED_TO
236106,286527,"{'time': 14.52384, 'inv_time': 0.06885231453940556}",RELATED_TO
236106,286271,"{'time': 24.2064, 'inv_time': 0.04131138872364334}",RELATED_TO
236106,286399,"{'time': 4.841279999999999, 'inv_time': 0.2065569436182167}",RELATED_TO
236106,286578,"{'time': 4.841279999999999, 'inv_time': 0.2065569436182167}",RELATED_TO
236106,286895,"{'time': 4.841279999999999, 'inv_time': 0.2065569436182167}",RELATED_TO
236005,284471,"{'time': 14.52384, 'inv_time': 0.06885231453940556}",RELATED_TO
236005,284501,"{'time': 4.841279999999999, 'inv_time': 0.2065569436182167}",RELATED_TO
236005,285368,"{'time': 4.841279999999999, 'inv_time': 0.2065569436182167}",RELATED_TO
236005,285746,"{'time': 14.52384, 'inv_time': 0.06885231453940556}",RELATED_TO
236005,286372,"{'time': 4.841279999999999, 'inv_time': 0.2065569436182167}",RELATED_TO
236005,286295,"{'time': 4.841279999999999, 'inv_time': 0.2065569436182167}",RELATED_TO
236005,286527,"{'time': 14.52384, 'inv_time': 0.06885231453940556}",RELATED_TO
236005,286271,"{'time': 24.2064, 'inv_time': 0.04131138872364334}",RELATED_TO
236005,286399,"{'time': 4.841279999999999, 'inv_time': 0.2065569436182167}",RELATED_TO
236005,286578,"{'time': 4.841279999999999, 'inv_time': 0.2065569436182167}",RELATED_TO
236005,286895,"{'time': 4.841279999999999, 'inv_time': 0.2065569436182167}",RELATED_TO
236086,284471,"{'time': 14.52384, 'inv_time': 0.06885231453940556}",RELATED_TO
236086,284501,"{'time': 4.841279999999999, 'inv_time': 0.2065569436182167}",RELATED_TO
236086,285368,"{'time': 4.841279999999999, 'inv_time': 0.2065569436182167}",RELATED_TO
236086,285746,"{'time': 14.52384, 'inv_time': 0.06885231453940556}",RELATED_TO
236086,286372,"{'time': 4.841279999999999, 'inv_time': 0.2065569436182167}",RELATED_TO
236086,286295,"{'time': 4.841279999999999, 'inv_time': 0.2065569436182167}",RELATED_TO
236086,286527,"{'time': 14.52384, 'inv_time': 0.06885231453940556}",RELATED_TO
236086,286271,"{'time': 24.2064, 'inv_time': 0.04131138872364334}",RELATED_TO
236086,286399,"{'time': 4.841279999999999, 'inv_time': 0.2065569436182167}",RELATED_TO
236086,286578,"{'time': 4.841279999999999, 'inv_time': 0.2065569436182167}",RELATED_TO
236086,286895,"{'time': 4.841279999999999, 'inv_time': 0.2065569436182167}",RELATED_TO
284471,240771,"{'time': 1.6655642200293137, 'inv_time': 0.6003971434871482}",RELATED_TO
284471,240895,"{'time': 1.6655642200293137, 'inv_time': 0.6003971434871482}",RELATED_TO
284471,240907,"{'time': 1.6655642200293137, 'inv_time': 0.6003971434871482}",RELATED_TO
284471,240941,"{'time': 1.6655642200293137, 'inv_time': 0.6003971434871482}",RELATED_TO
284471,240951,"{'time': 1.6655642200293137, 'inv_time': 0.6003971434871482}",RELATED_TO
284471,241007,"{'time': 1.6655642200293137, 'inv_time': 0.6003971434871482}",RELATED_TO
284471,241019,"{'time': 1.6655642200293137, 'inv_time': 0.6003971434871482}",RELATED_TO
284471,241267,"{'time': 1.6655642200293137, 'inv_time': 0.6003971434871482}",RELATED_TO
284471,241243,"{'time': 1.6655642200293137, 'inv_time': 0.6003971434871482}",RELATED_TO
284501,240771,"{'time': 1.6655642200293137, 'inv_time': 0.6003971434871482}",RELATED_TO
284501,240895,"{'time': 1.6655642200293137, 'inv_time': 0.6003971434871482}",RELATED_TO
284501,240907,"{'time': 1.6655642200293137, 'inv_time': 0.6003971434871482}",RELATED_TO
284501,240941,"{'time': 1.6655642200293137, 'inv_time': 0.6003971434871482}",RELATED_TO
284501,240951,"{'time': 1.6655642200293137, 'inv_time': 0.6003971434871482}",RELATED_TO
284501,241007,"{'time': 1.6655642200293137, 'inv_time': 0.6003971434871482}",RELATED_TO
284501,241019,"{'time': 1.6655642200293137, 'inv_time': 0.6003971434871482}",RELATED_TO
284501,241267,"{'time': 1.6655642200293137, 'inv_time': 0.6003971434871482}",RELATED_TO
284501,241243,"{'time': 1.6655642200293137, 'inv_time': 0.6003971434871482}",RELATED_TO
285368,240771,"{'time': 1.6655642200293137, 'inv_time': 0.6003971434871482}",RELATED_TO
285368,240895,"{'time': 1.6655642200293137, 'inv_time': 0.6003971434871482}",RELATED_TO
285368,240907,"{'time': 1.6655642200293137, 'inv_time': 0.6003971434871482}",RELATED_TO
285368,240941,"{'time': 1.6655642200293137, 'inv_time': 0.6003971434871482}",RELATED_TO
285368,240951,"{'time': 1.6655642200293137, 'inv_time': 0.6003971434871482}",RELATED_TO
285368,241007,"{'time': 1.6655642200293137, 'inv_time': 0.6003971434871482}",RELATED_TO
285368,241019,"{'time': 1.6655642200293137, 'inv_time': 0.6003971434871482}",RELATED_TO
285368,241267,"{'time': 1.6655642200293137, 'inv_time': 0.6003971434871482}",RELATED_TO
285368,241243,"{'time': 1.6655642200293137, 'inv_time': 0.6003971434871482}",RELATED_TO
285746,240771,"{'time': 1.6655642200293137, 'inv_time': 0.6003971434871482}",RELATED_TO
285746,240895,"{'time': 1.6655642200293137, 'inv_time': 0.6003971434871482}",RELATED_TO
285746,240907,"{'time': 1.6655642200293137, 'inv_time': 0.6003971434871482}",RELATED_TO
285746,240941,"{'time': 1.6655642200293137, 'inv_time': 0.6003971434871482}",RELATED_TO
285746,240951,"{'time': 1.6655642200293137, 'inv_time': 0.6003971434871482}",RELATED_TO
285746,241007,"{'time': 1.6655642200293137, 'inv_time': 0.6003971434871482}",RELATED_TO
285746,241019,"{'time': 1.6655642200293137, 'inv_time': 0.6003971434871482}",RELATED_TO
285746,241267,"{'time': 1.6655642200293137, 'inv_time': 0.6003971434871482}",RELATED_TO
285746,241243,"{'time': 1.6655642200293137, 'inv_time': 0.6003971434871482}",RELATED_TO
286372,240771,"{'time': 1.6655642200293137, 'inv_time': 0.6003971434871482}",RELATED_TO
286372,240895,"{'time': 1.6655642200293137, 'inv_time': 0.6003971434871482}",RELATED_TO
286372,240907,"{'time': 1.6655642200293137, 'inv_time': 0.6003971434871482}",RELATED_TO
286372,240941,"{'time': 1.6655642200293137, 'inv_time': 0.6003971434871482}",RELATED_TO
286372,240951,"{'time': 1.6655642200293137, 'inv_time': 0.6003971434871482}",RELATED_TO
286372,241007,"{'time': 1.6655642200293137, 'inv_time': 0.6003971434871482}",RELATED_TO
286372,241019,"{'time': 1.6655642200293137, 'inv_time': 0.6003971434871482}",RELATED_TO
286372,241267,"{'time': 1.6655642200293137, 'inv_time': 0.6003971434871482}",RELATED_TO
286372,241243,"{'time': 1.6655642200293137, 'inv_time': 0.6003971434871482}",RELATED_TO
286295,240771,"{'time': 1.6655642200293137, 'inv_time': 0.6003971434871482}",RELATED_TO
286295,240895,"{'time': 1.6655642200293137, 'inv_time': 0.6003971434871482}",RELATED_TO
286295,240907,"{'time': 1.6655642200293137, 'inv_time': 0.6003971434871482}",RELATED_TO
286295,240941,"{'time': 1.6655642200293137, 'inv_time': 0.6003971434871482}",RELATED_TO
286295,240951,"{'time': 1.6655642200293137, 'inv_time': 0.6003971434871482}",RELATED_TO
286295,241007,"{'time': 1.6655642200293137, 'inv_time': 0.6003971434871482}",RELATED_TO
286295,241019,"{'time': 1.6655642200293137, 'inv_time': 0.6003971434871482}",RELATED_TO
286295,241267,"{'time': 1.6655642200293137, 'inv_time': 0.6003971434871482}",RELATED_TO
286295,241243,"{'time': 1.6655642200293137, 'inv_time': 0.6003971434871482}",RELATED_TO
286527,240771,"{'time': 1.6655642200293137, 'inv_time': 0.6003971434871482}",RELATED_TO
286527,240895,"{'time': 1.6655642200293137, 'inv_time': 0.6003971434871482}",RELATED_TO
286527,240907,"{'time': 1.6655642200293137, 'inv_time': 0.6003971434871482}",RELATED_TO
286527,240941,"{'time': 1.6655642200293137, 'inv_time': 0.6003971434871482}",RELATED_TO
286527,240951,"{'time': 1.6655642200293137, 'inv_time': 0.6003971434871482}",RELATED_TO
286527,241007,"{'time': 1.6655642200293137, 'inv_time': 0.6003971434871482}",RELATED_TO
286527,241019,"{'time': 1.6655642200293137, 'inv_time': 0.6003971434871482}",RELATED_TO
286527,241267,"{'time': 1.6655642200293137, 'inv_time': 0.6003971434871482}",RELATED_TO
286527,241243,"{'time': 1.6655642200293137, 'inv_time': 0.6003971434871482}",RELATED_TO
286271,240771,"{'time': 1.6655642200293137, 'inv_time': 0.6003971434871482}",RELATED_TO
286271,240895,"{'time': 1.6655642200293137, 'inv_time': 0.6003971434871482}",RELATED_TO
286271,240907,"{'time': 1.6655642200293137, 'inv_time': 0.6003971434871482}",RELATED_TO
286271,240941,"{'time': 1.6655642200293137, 'inv_time': 0.6003971434871482}",RELATED_TO
286271,240951,"{'time': 1.6655642200293137, 'inv_time': 0.6003971434871482}",RELATED_TO
286271,241007,"{'time': 1.6655642200293137, 'inv_time': 0.6003971434871482}",RELATED_TO
286271,241019,"{'time': 1.6655642200293137, 'inv_time': 0.6003971434871482}",RELATED_TO
286271,241267,"{'time': 1.6655642200293137, 'inv_time': 0.6003971434871482}",RELATED_TO
286271,241243,"{'time': 1.6655642200293137, 'inv_time': 0.6003971434871482}",RELATED_TO
286399,240771,"{'time': 1.6655642200293137, 'inv_time': 0.6003971434871482}",RELATED_TO
286399,240895,"{'time': 1.6655642200293137, 'inv_time': 0.6003971434871482}",RELATED_TO
286399,240907,"{'time': 1.6655642200293137, 'inv_time': 0.6003971434871482}",RELATED_TO
286399,240941,"{'time': 1.6655642200293137, 'inv_time': 0.6003971434871482}",RELATED_TO
286399,240951,"{'time': 1.6655642200293137, 'inv_time': 0.6003971434871482}",RELATED_TO
286399,241007,"{'time': 1.6655642200293137, 'inv_time': 0.6003971434871482}",RELATED_TO
286399,241019,"{'time': 1.6655642200293137, 'inv_time': 0.6003971434871482}",RELATED_TO
286399,241267,"{'time': 1.6655642200293137, 'inv_time': 0.6003971434871482}",RELATED_TO
286399,241243,"{'time': 1.6655642200293137, 'inv_time': 0.6003971434871482}",RELATED_TO
286578,240771,"{'time': 1.6655642200293137, 'inv_time': 0.6003971434871482}",RELATED_TO
286578,240895,"{'time': 1.6655642200293137, 'inv_time': 0.6003971434871482}",RELATED_TO
286578,240907,"{'time': 1.6655642200293137, 'inv_time': 0.6003971434871482}",RELATED_TO
286578,240941,"{'time': 1.6655642200293137, 'inv_time': 0.6003971434871482}",RELATED_TO
286578,240951,"{'time': 1.6655642200293137, 'inv_time': 0.6003971434871482}",RELATED_TO
286578,241007,"{'time': 1.6655642200293137, 'inv_time': 0.6003971434871482}",RELATED_TO
286578,241019,"{'time': 1.6655642200293137, 'inv_time': 0.6003971434871482}",RELATED_TO
286578,241267,"{'time': 1.6655642200293137, 'inv_time': 0.6003971434871482}",RELATED_TO
286578,241243,"{'time': 1.6655642200293137, 'inv_time': 0.6003971434871482}",RELATED_TO
286895,240771,"{'time': 1.6655642200293137, 'inv_time': 0.6003971434871482}",RELATED_TO
286895,240895,"{'time': 1.6655642200293137, 'inv_time': 0.6003971434871482}",RELATED_TO
286895,240907,"{'time': 1.6655642200293137, 'inv_time': 0.6003971434871482}",RELATED_TO
286895,240941,"{'time': 1.6655642200293137, 'inv_time': 0.6003971434871482}",RELATED_TO
286895,240951,"{'time': 1.6655642200293137, 'inv_time': 0.6003971434871482}",RELATED_TO
286895,241007,"{'time': 1.6655642200293137, 'inv_time': 0.6003971434871482}",RELATED_TO
286895,241019,"{'time': 1.6655642200293137, 'inv_time': 0.6003971434871482}",RELATED_TO
286895,241267,"{'time': 1.6655642200293137, 'inv_time': 0.6003971434871482}",RELATED_TO
286895,241243,"{'time': 1.6655642200293137, 'inv_time': 0.6003971434871482}",RELATED_TO
240771,236187,"{'time': 2.3601903525000005, 'inv_time': 0.4236946392653301}",RELATED_TO
240771,236207,"{'time': 2.3601903525000005, 'inv_time': 0.4236946392653301}",RELATED_TO
240771,236126,"{'time': 2.3601903525000005, 'inv_time': 0.4236946392653301}",RELATED_TO
240771,236228,"{'time': 2.3601903525000005, 'inv_time': 0.4236946392653301}",RELATED_TO
240771,236146,"{'time': 2.3601903525000005, 'inv_time': 0.4236946392653301}",RELATED_TO
240771,236167,"{'time': 2.3601903525000005, 'inv_time': 0.4236946392653301}",RELATED_TO
240895,236187,"{'time': 2.3601903525000005, 'inv_time': 0.4236946392653301}",RELATED_TO
240895,236207,"{'time': 2.3601903525000005, 'inv_time': 0.4236946392653301}",RELATED_TO
240895,236126,"{'time': 2.3601903525000005, 'inv_time': 0.4236946392653301}",RELATED_TO
240895,236228,"{'time': 2.3601903525000005, 'inv_time': 0.4236946392653301}",RELATED_TO
240895,236146,"{'time': 2.3601903525000005, 'inv_time': 0.4236946392653301}",RELATED_TO
240895,236167,"{'time': 2.3601903525000005, 'inv_time': 0.4236946392653301}",RELATED_TO
240907,236187,"{'time': 2.3601903525000005, 'inv_time': 0.4236946392653301}",RELATED_TO
240907,236207,"{'time': 2.3601903525000005, 'inv_time': 0.4236946392653301}",RELATED_TO
240907,236126,"{'time': 2.3601903525000005, 'inv_time': 0.4236946392653301}",RELATED_TO
240907,236228,"{'time': 2.3601903525000005, 'inv_time': 0.4236946392653301}",RELATED_TO
240907,236146,"{'time': 2.3601903525000005, 'inv_time': 0.4236946392653301}",RELATED_TO
240907,236167,"{'time': 2.3601903525000005, 'inv_time': 0.4236946392653301}",RELATED_TO
240941,236187,"{'time': 2.3601903525000005, 'inv_time': 0.4236946392653301}",RELATED_TO
240941,236207,"{'time': 2.3601903525000005, 'inv_time': 0.4236946392653301}",RELATED_TO
240941,236126,"{'time': 2.3601903525000005, 'inv_time': 0.4236946392653301}",RELATED_TO
240941,236228,"{'time': 2.3601903525000005, 'inv_time': 0.4236946392653301}",RELATED_TO
240941,236146,"{'time': 2.3601903525000005, 'inv_time': 0.4236946392653301}",RELATED_TO
240941,236167,"{'time': 2.3601903525000005, 'inv_time': 0.4236946392653301}",RELATED_TO
240951,236187,"{'time': 2.3601903525000005, 'inv_time': 0.4236946392653301}",RELATED_TO
240951,236207,"{'time': 2.3601903525000005, 'inv_time': 0.4236946392653301}",RELATED_TO
240951,236126,"{'time': 2.3601903525000005, 'inv_time': 0.4236946392653301}",RELATED_TO
240951,236228,"{'time': 2.3601903525000005, 'inv_time': 0.4236946392653301}",RELATED_TO
240951,236146,"{'time': 2.3601903525000005, 'inv_time': 0.4236946392653301}",RELATED_TO
240951,236167,"{'time': 2.3601903525000005, 'inv_time': 0.4236946392653301}",RELATED_TO
241007,236187,"{'time': 2.3601903525000005, 'inv_time': 0.4236946392653301}",RELATED_TO
241007,236207,"{'time': 2.3601903525000005, 'inv_time': 0.4236946392653301}",RELATED_TO
241007,236126,"{'time': 2.3601903525000005, 'inv_time': 0.4236946392653301}",RELATED_TO
241007,236228,"{'time': 2.3601903525000005, 'inv_time': 0.4236946392653301}",RELATED_TO
241007,236146,"{'time': 2.3601903525000005, 'inv_time': 0.4236946392653301}",RELATED_TO
241007,236167,"{'time': 2.3601903525000005, 'inv_time': 0.4236946392653301}",RELATED_TO
241019,236187,"{'time': 2.3601903525000005, 'inv_time': 0.4236946392653301}",RELATED_TO
241019,236207,"{'time': 2.3601903525000005, 'inv_time': 0.4236946392653301}",RELATED_TO
241019,236126,"{'time': 2.3601903525000005, 'inv_time': 0.4236946392653301}",RELATED_TO
241019,236228,"{'time': 2.3601903525000005, 'inv_time': 0.4236946392653301}",RELATED_TO
241019,236146,"{'time': 2.3601903525000005, 'inv_time': 0.4236946392653301}",RELATED_TO
241019,236167,"{'time': 2.3601903525000005, 'inv_time': 0.4236946392653301}",RELATED_TO
241267,236187,"{'time': 2.3601903525000005, 'inv_time': 0.4236946392653301}",RELATED_TO
241267,236207,"{'time': 2.3601903525000005, 'inv_time': 0.4236946392653301}",RELATED_TO
241267,236126,"{'time': 2.3601903525000005, 'inv_time': 0.4236946392653301}",RELATED_TO
241267,236228,"{'time': 2.3601903525000005, 'inv_time': 0.4236946392653301}",RELATED_TO
241267,236146,"{'time': 2.3601903525000005, 'inv_time': 0.4236946392653301}",RELATED_TO
241267,236167,"{'time': 2.3601903525000005, 'inv_time': 0.4236946392653301}",RELATED_TO
241243,236187,"{'time': 2.3601903525000005, 'inv_time': 0.4236946392653301}",RELATED_TO
241243,236207,"{'time': 2.3601903525000005, 'inv_time': 0.4236946392653301}",RELATED_TO
241243,236126,"{'time': 2.3601903525000005, 'inv_time': 0.4236946392653301}",RELATED_TO
241243,236228,"{'time': 2.3601903525000005, 'inv_time': 0.4236946392653301}",RELATED_TO
241243,236146,"{'time': 2.3601903525000005, 'inv_time': 0.4236946392653301}",RELATED_TO
241243,236167,"{'time': 2.3601903525000005, 'inv_time': 0.4236946392653301}",RELATED_TO
236187,287261,"{'time': 4.841279999999999, 'inv_time': 0.2065569436182167}",RELATED_TO
236187,287283,"{'time': 9.682559999999999, 'inv_time': 0.10327847180910835}",RELATED_TO
236187,287237,"{'time': 4.841279999999999, 'inv_time': 0.2065569436182167}",RELATED_TO
236187,287305,"{'time': 4.841279999999999, 'inv_time': 0.2065569436182167}",RELATED_TO
236187,287546,"{'time': 4.841279999999999, 'inv_time': 0.2065569436182167}",RELATED_TO
236187,287327,"{'time': 4.841279999999999, 'inv_time': 0.2065569436182167}",RELATED_TO
236187,287443,"{'time': 4.841279999999999, 'inv_time': 0.2065569436182167}",RELATED_TO
236187,287587,"{'time': 4.841279999999999, 'inv_time': 0.2065569436182167}",RELATED_TO
236187,288032,"{'time': 4.841279999999999, 'inv_time': 0.2065569436182167}",RELATED_TO
236187,288053,"{'time': 4.841279999999999, 'inv_time': 0.2065569436182167}",RELATED_TO
236187,288011,"{'time': 4.841279999999999, 'inv_time': 0.2065569436182167}",RELATED_TO
236187,288243,"{'time': 9.682559999999999, 'inv_time': 0.10327847180910835}",RELATED_TO
236187,288133,"{'time': 4.841279999999999, 'inv_time': 0.2065569436182167}",RELATED_TO
236187,288333,"{'time': 4.841279999999999, 'inv_time': 0.2065569436182167}",RELATED_TO
236187,288315,"{'time': 9.682559999999999, 'inv_time': 0.10327847180910835}",RELATED_TO
236187,288369,"{'time': 4.841279999999999, 'inv_time': 0.2065569436182167}",RELATED_TO
236187,288423,"{'time': 4.841279999999999, 'inv_time': 0.2065569436182167}",RELATED_TO
236187,288225,"{'time': 4.841279999999999, 'inv_time': 0.2065569436182167}",RELATED_TO
236187,288153,"{'time': 9.682559999999999, 'inv_time': 0.10327847180910835}",RELATED_TO
236187,288405,"{'time': 4.841279999999999, 'inv_time': 0.2065569436182167}",RELATED_TO
236207,287261,"{'time': 4.841279999999999, 'inv_time': 0.2065569436182167}",RELATED_TO
236207,287283,"{'time': 9.682559999999999, 'inv_time': 0.10327847180910835}",RELATED_TO
236207,287237,"{'time': 4.841279999999999, 'inv_time': 0.2065569436182167}",RELATED_TO
236207,287305,"{'time': 4.841279999999999, 'inv_time': 0.2065569436182167}",RELATED_TO
236207,287546,"{'time': 4.841279999999999, 'inv_time': 0.2065569436182167}",RELATED_TO
236207,287327,"{'time': 4.841279999999999, 'inv_time': 0.2065569436182167}",RELATED_TO
236207,287443,"{'time': 4.841279999999999, 'inv_time': 0.2065569436182167}",RELATED_TO
236207,287587,"{'time': 4.841279999999999, 'inv_time': 0.2065569436182167}",RELATED_TO
236207,288032,"{'time': 4.841279999999999, 'inv_time': 0.2065569436182167}",RELATED_TO
236207,288053,"{'time': 4.841279999999999, 'inv_time': 0.2065569436182167}",RELATED_TO
236207,288011,"{'time': 4.841279999999999, 'inv_time': 0.2065569436182167}",RELATED_TO
236207,288243,"{'time': 9.682559999999999, 'inv_time': 0.10327847180910835}",RELATED_TO
236207,288133,"{'time': 4.841279999999999, 'inv_time': 0.2065569436182167}",RELATED_TO
236207,288333,"{'time': 4.841279999999999, 'inv_time': 0.2065569436182167}",RELATED_TO
236207,288315,"{'time': 9.682559999999999, 'inv_time': 0.10327847180910835}",RELATED_TO
236207,288369,"{'time': 4.841279999999999, 'inv_time': 0.2065569436182167}",RELATED_TO
236207,288423,"{'time': 4.841279999999999, 'inv_time': 0.2065569436182167}",RELATED_TO
236207,288225,"{'time': 4.841279999999999, 'inv_time': 0.2065569436182167}",RELATED_TO
236207,288153,"{'time': 9.682559999999999, 'inv_time': 0.10327847180910835}",RELATED_TO
236207,288405,"{'time': 4.841279999999999, 'inv_time': 0.2065569436182167}",RELATED_TO
236126,287261,"{'time': 4.841279999999999, 'inv_time': 0.2065569436182167}",RELATED_TO
236126,287283,"{'time': 9.682559999999999, 'inv_time': 0.10327847180910835}",RELATED_TO
236126,287237,"{'time': 4.841279999999999, 'inv_time': 0.2065569436182167}",RELATED_TO
236126,287305,"{'time': 4.841279999999999, 'inv_time': 0.2065569436182167}",RELATED_TO
236126,287546,"{'time': 4.841279999999999, 'inv_time': 0.2065569436182167}",RELATED_TO
236126,287327,"{'time': 4.841279999999999, 'inv_time': 0.2065569436182167}",RELATED_TO
236126,287443,"{'time': 4.841279999999999, 'inv_time': 0.2065569436182167}",RELATED_TO
236126,287587,"{'time': 4.841279999999999, 'inv_time': 0.2065569436182167}",RELATED_TO
236126,288032,"{'time': 4.841279999999999, 'inv_time': 0.2065569436182167}",RELATED_TO
236126,288053,"{'time': 4.841279999999999, 'inv_time': 0.2065569436182167}",RELATED_TO
236126,288011,"{'time': 4.841279999999999, 'inv_time': 0.2065569436182167}",RELATED_TO
236126,288243,"{'time': 9.682559999999999, 'inv_time': 0.10327847180910835}",RELATED_TO
236126,288133,"{'time': 4.841279999999999, 'inv_time': 0.2065569436182167}",RELATED_TO
236126,288333,"{'time': 4.841279999999999, 'inv_time': 0.2065569436182167}",RELATED_TO
236126,288315,"{'time': 9.682559999999999, 'inv_time': 0.10327847180910835}",RELATED_TO
236126,288369,"{'time': 4.841279999999999, 'inv_time': 0.2065569436182167}",RELATED_TO
236126,288423,"{'time': 4.841279999999999, 'inv_time': 0.2065569436182167}",RELATED_TO
236126,288225,"{'time': 4.841279999999999, 'inv_time': 0.2065569436182167}",RELATED_TO
236126,288153,"{'time': 9.682559999999999, 'inv_time': 0.10327847180910835}",RELATED_TO
236126,288405,"{'time': 4.841279999999999, 'inv_time': 0.2065569436182167}",RELATED_TO
236228,287261,"{'time': 4.841279999999999, 'inv_time': 0.2065569436182167}",RELATED_TO
236228,287283,"{'time': 9.682559999999999, 'inv_time': 0.10327847180910835}",RELATED_TO
236228,287237,"{'time': 4.841279999999999, 'inv_time': 0.2065569436182167}",RELATED_TO
236228,287305,"{'time': 4.841279999999999, 'inv_time': 0.2065569436182167}",RELATED_TO
236228,287546,"{'time': 4.841279999999999, 'inv_time': 0.2065569436182167}",RELATED_TO
236228,287327,"{'time': 4.841279999999999, 'inv_time': 0.2065569436182167}",RELATED_TO
236228,287443,"{'time': 4.841279999999999, 'inv_time': 0.2065569436182167}",RELATED_TO
236228,287587,"{'time': 4.841279999999999, 'inv_time': 0.2065569436182167}",RELATED_TO
236228,288032,"{'time': 4.841279999999999, 'inv_time': 0.2065569436182167}",RELATED_TO
236228,288053,"{'time': 4.841279999999999, 'inv_time': 0.2065569436182167}",RELATED_TO
236228,288011,"{'time': 4.841279999999999, 'inv_time': 0.2065569436182167}",RELATED_TO
236228,288243,"{'time': 9.682559999999999, 'inv_time': 0.10327847180910835}",RELATED_TO
236228,288133,"{'time': 4.841279999999999, 'inv_time': 0.2065569436182167}",RELATED_TO
236228,288333,"{'time': 4.841279999999999, 'inv_time': 0.2065569436182167}",RELATED_TO
236228,288315,"{'time': 9.682559999999999, 'inv_time': 0.10327847180910835}",RELATED_TO
236228,288369,"{'time': 4.841279999999999, 'inv_time': 0.2065569436182167}",RELATED_TO
236228,288423,"{'time': 4.841279999999999, 'inv_time': 0.2065569436182167}",RELATED_TO
236228,288225,"{'time': 4.841279999999999, 'inv_time': 0.2065569436182167}",RELATED_TO
236228,288153,"{'time': 9.682559999999999, 'inv_time': 0.10327847180910835}",RELATED_TO
236228,288405,"{'time': 4.841279999999999, 'inv_time': 0.2065569436182167}",RELATED_TO
236146,287261,"{'time': 4.841279999999999, 'inv_time': 0.2065569436182167}",RELATED_TO
236146,287283,"{'time': 9.682559999999999, 'inv_time': 0.10327847180910835}",RELATED_TO
236146,287237,"{'time': 4.841279999999999, 'inv_time': 0.2065569436182167}",RELATED_TO
236146,287305,"{'time': 4.841279999999999, 'inv_time': 0.2065569436182167}",RELATED_TO
236146,287546,"{'time': 4.841279999999999, 'inv_time': 0.2065569436182167}",RELATED_TO
236146,287327,"{'time': 4.841279999999999, 'inv_time': 0.2065569436182167}",RELATED_TO
236146,287443,"{'time': 4.841279999999999, 'inv_time': 0.2065569436182167}",RELATED_TO
236146,287587,"{'time': 4.841279999999999, 'inv_time': 0.2065569436182167}",RELATED_TO
236146,288032,"{'time': 4.841279999999999, 'inv_time': 0.2065569436182167}",RELATED_TO
236146,288053,"{'time': 4.841279999999999, 'inv_time': 0.2065569436182167}",RELATED_TO
236146,288011,"{'time': 4.841279999999999, 'inv_time': 0.2065569436182167}",RELATED_TO
236146,288243,"{'time': 9.682559999999999, 'inv_time': 0.10327847180910835}",RELATED_TO
236146,288133,"{'time': 4.841279999999999, 'inv_time': 0.2065569436182167}",RELATED_TO
236146,288333,"{'time': 4.841279999999999, 'inv_time': 0.2065569436182167}",RELATED_TO
236146,288315,"{'time': 9.682559999999999, 'inv_time': 0.10327847180910835}",RELATED_TO
236146,288369,"{'time': 4.841279999999999, 'inv_time': 0.2065569436182167}",RELATED_TO
236146,288423,"{'time': 4.841279999999999, 'inv_time': 0.2065569436182167}",RELATED_TO
236146,288225,"{'time': 4.841279999999999, 'inv_time': 0.2065569436182167}",RELATED_TO
236146,288153,"{'time': 9.682559999999999, 'inv_time': 0.10327847180910835}",RELATED_TO
236146,288405,"{'time': 4.841279999999999, 'inv_time': 0.2065569436182167}",RELATED_TO
236167,287261,"{'time': 4.841279999999999, 'inv_time': 0.2065569436182167}",RELATED_TO
236167,287283,"{'time': 9.682559999999999, 'inv_time': 0.10327847180910835}",RELATED_TO
236167,287237,"{'time': 4.841279999999999, 'inv_time': 0.2065569436182167}",RELATED_TO
236167,287305,"{'time': 4.841279999999999, 'inv_time': 0.2065569436182167}",RELATED_TO
236167,287546,"{'time': 4.841279999999999, 'inv_time': 0.2065569436182167}",RELATED_TO
236167,287327,"{'time': 4.841279999999999, 'inv_time': 0.2065569436182167}",RELATED_TO
236167,287443,"{'time': 4.841279999999999, 'inv_time': 0.2065569436182167}",RELATED_TO
236167,287587,"{'time': 4.841279999999999, 'inv_time': 0.2065569436182167}",RELATED_TO
236167,288032,"{'time': 4.841279999999999, 'inv_time': 0.2065569436182167}",RELATED_TO
236167,288053,"{'time': 4.841279999999999, 'inv_time': 0.2065569436182167}",RELATED_TO
236167,288011,"{'time': 4.841279999999999, 'inv_time': 0.2065569436182167}",RELATED_TO
236167,288243,"{'time': 9.682559999999999, 'inv_time': 0.10327847180910835}",RELATED_TO
236167,288133,"{'time': 4.841279999999999, 'inv_time': 0.2065569436182167}",RELATED_TO
236167,288333,"{'time': 4.841279999999999, 'inv_time': 0.2065569436182167}",RELATED_TO
236167,288315,"{'time': 9.682559999999999, 'inv_time': 0.10327847180910835}",RELATED_TO
236167,288369,"{'time': 4.841279999999999, 'inv_time': 0.2065569436182167}",RELATED_TO
236167,288423,"{'time': 4.841279999999999, 'inv_time': 0.2065569436182167}",RELATED_TO
236167,288225,"{'time': 4.841279999999999, 'inv_time': 0.2065569436182167}",RELATED_TO
236167,288153,"{'time': 9.682559999999999, 'inv_time': 0.10327847180910835}",RELATED_TO
236167,288405,"{'time': 4.841279999999999, 'inv_time': 0.2065569436182167}",RELATED_TO
287261,241277,"{'time': 1.6655642200293137, 'inv_time': 0.6003971434871482}",RELATED_TO
287261,241301,"{'time': 1.6655642200293137, 'inv_time': 0.6003971434871482}",RELATED_TO
287261,241289,"{'time': 1.6655642200293137, 'inv_time': 0.6003971434871482}",RELATED_TO
287261,241491,"{'time': 1.6655642200293137, 'inv_time': 0.6003971434871482}",RELATED_TO
287261,241571,"{'time': 1.6655642200293137, 'inv_time': 0.6003971434871482}",RELATED_TO
287261,241559,"{'time': 1.6655642200293137, 'inv_time': 0.6003971434871482}",RELATED_TO
287261,241593,"{'time': 1.6655642200293137, 'inv_time': 0.6003971434871482}",RELATED_TO
287261,241637,"{'time': 1.6655642200293137, 'inv_time': 0.6003971434871482}",RELATED_TO
287283,241277,"{'time': 1.6655642200293137, 'inv_time': 0.6003971434871482}",RELATED_TO
287283,241301,"{'time': 1.6655642200293137, 'inv_time': 0.6003971434871482}",RELATED_TO
287283,241289,"{'time': 1.6655642200293137, 'inv_time': 0.6003971434871482}",RELATED_TO
287283,241491,"{'time': 1.6655642200293137, 'inv_time': 0.6003971434871482}",RELATED_TO
287283,241571,"{'time': 1.6655642200293137, 'inv_time': 0.6003971434871482}",RELATED_TO
287283,241559,"{'time': 1.6655642200293137, 'inv_time': 0.6003971434871482}",RELATED_TO
287283,241593,"{'time': 1.6655642200293137, 'inv_time': 0.6003971434871482}",RELATED_TO
287283,241637,"{'time': 1.6655642200293137, 'inv_time': 0.6003971434871482}",RELATED_TO
287237,241277,"{'time': 1.6655642200293137, 'inv_time': 0.6003971434871482}",RELATED_TO
287237,241301,"{'time': 1.6655642200293137, 'inv_time': 0.6003971434871482}",RELATED_TO
287237,241289,"{'time': 1.6655642200293137, 'inv_time': 0.6003971434871482}",RELATED_TO
287237,241491,"{'time': 1.6655642200293137, 'inv_time': 0.6003971434871482}",RELATED_TO
287237,241571,"{'time': 1.6655642200293137, 'inv_time': 0.6003971434871482}",RELATED_TO
287237,241559,"{'time': 1.6655642200293137, 'inv_time': 0.6003971434871482}",RELATED_TO
287237,241593,"{'time': 1.6655642200293137, 'inv_time': 0.6003971434871482}",RELATED_TO
287237,241637,"{'time': 1.6655642200293137, 'inv_time': 0.6003971434871482}",RELATED_TO
287305,241277,"{'time': 1.6655642200293137, 'inv_time': 0.6003971434871482}",RELATED_TO
287305,241301,"{'time': 1.6655642200293137, 'inv_time': 0.6003971434871482}",RELATED_TO
287305,241289,"{'time': 1.6655642200293137, 'inv_time': 0.6003971434871482}",RELATED_TO
287305,241491,"{'time': 1.6655642200293137, 'inv_time': 0.6003971434871482}",RELATED_TO
287305,241571,"{'time': 1.6655642200293137, 'inv_time': 0.6003971434871482}",RELATED_TO
287305,241559,"{'time': 1.6655642200293137, 'inv_time': 0.6003971434871482}",RELATED_TO
287305,241593,"{'time': 1.6655642200293137, 'inv_time': 0.6003971434871482}",RELATED_TO
287305,241637,"{'time': 1.6655642200293137, 'inv_time': 0.6003971434871482}",RELATED_TO
287546,241277,"{'time': 1.6655642200293137, 'inv_time': 0.6003971434871482}",RELATED_TO
287546,241301,"{'time': 1.6655642200293137, 'inv_time': 0.6003971434871482}",RELATED_TO
287546,241289,"{'time': 1.6655642200293137, 'inv_time': 0.6003971434871482}",RELATED_TO
287546,241491,"{'time': 1.6655642200293137, 'inv_time': 0.6003971434871482}",RELATED_TO
287546,241571,"{'time': 1.6655642200293137, 'inv_time': 0.6003971434871482}",RELATED_TO
287546,241559,"{'time': 1.6655642200293137, 'inv_time': 0.6003971434871482}",RELATED_TO
287546,241593,"{'time': 1.6655642200293137, 'inv_time': 0.6003971434871482}",RELATED_TO
287546,241637,"{'time': 1.6655642200293137, 'inv_time': 0.6003971434871482}",RELATED_TO
287327,241277,"{'time': 1.6655642200293137, 'inv_time': 0.6003971434871482}",RELATED_TO
287327,241301,"{'time': 1.6655642200293137, 'inv_time': 0.6003971434871482}",RELATED_TO
287327,241289,"{'time': 1.6655642200293137, 'inv_time': 0.6003971434871482}",RELATED_TO
287327,241491,"{'time': 1.6655642200293137, 'inv_time': 0.6003971434871482}",RELATED_TO
287327,241571,"{'time': 1.6655642200293137, 'inv_time': 0.6003971434871482}",RELATED_TO
287327,241559,"{'time': 1.6655642200293137, 'inv_time': 0.6003971434871482}",RELATED_TO
287327,241593,"{'time': 1.6655642200293137, 'inv_time': 0.6003971434871482}",RELATED_TO
287327,241637,"{'time': 1.6655642200293137, 'inv_time': 0.6003971434871482}",RELATED_TO
287443,241277,"{'time': 1.6655642200293137, 'inv_time': 0.6003971434871482}",RELATED_TO
287443,241301,"{'time': 1.6655642200293137, 'inv_time': 0.6003971434871482}",RELATED_TO
287443,241289,"{'time': 1.6655642200293137, 'inv_time': 0.6003971434871482}",RELATED_TO
287443,241491,"{'time': 1.6655642200293137, 'inv_time': 0.6003971434871482}",RELATED_TO
287443,241571,"{'time': 1.6655642200293137, 'inv_time': 0.6003971434871482}",RELATED_TO
287443,241559,"{'time': 1.6655642200293137, 'inv_time': 0.6003971434871482}",RELATED_TO
287443,241593,"{'time': 1.6655642200293137, 'inv_time': 0.6003971434871482}",RELATED_TO
287443,241637,"{'time': 1.6655642200293137, 'inv_time': 0.6003971434871482}",RELATED_TO
287587,241277,"{'time': 1.6655642200293137, 'inv_time': 0.6003971434871482}",RELATED_TO
287587,241301,"{'time': 1.6655642200293137, 'inv_time': 0.6003971434871482}",RELATED_TO
287587,241289,"{'time': 1.6655642200293137, 'inv_time': 0.6003971434871482}",RELATED_TO
287587,241491,"{'time': 1.6655642200293137, 'inv_time': 0.6003971434871482}",RELATED_TO
287587,241571,"{'time': 1.6655642200293137, 'inv_time': 0.6003971434871482}",RELATED_TO
287587,241559,"{'time': 1.6655642200293137, 'inv_time': 0.6003971434871482}",RELATED_TO
287587,241593,"{'time': 1.6655642200293137, 'inv_time': 0.6003971434871482}",RELATED_TO
287587,241637,"{'time': 1.6655642200293137, 'inv_time': 0.6003971434871482}",RELATED_TO
288032,241277,"{'time': 1.6655642200293137, 'inv_time': 0.6003971434871482}",RELATED_TO
288032,241301,"{'time': 1.6655642200293137, 'inv_time': 0.6003971434871482}",RELATED_TO
288032,241289,"{'time': 1.6655642200293137, 'inv_time': 0.6003971434871482}",RELATED_TO
288032,241491,"{'time': 1.6655642200293137, 'inv_time': 0.6003971434871482}",RELATED_TO
288032,241571,"{'time': 1.6655642200293137, 'inv_time': 0.6003971434871482}",RELATED_TO
288032,241559,"{'time': 1.6655642200293137, 'inv_time': 0.6003971434871482}",RELATED_TO
288032,241593,"{'time': 1.6655642200293137, 'inv_time': 0.6003971434871482}",RELATED_TO
288032,241637,"{'time': 1.6655642200293137, 'inv_time': 0.6003971434871482}",RELATED_TO
288053,241277,"{'time': 1.6655642200293137, 'inv_time': 0.6003971434871482}",RELATED_TO
288053,241301,"{'time': 1.6655642200293137, 'inv_time': 0.6003971434871482}",RELATED_TO
288053,241289,"{'time': 1.6655642200293137, 'inv_time': 0.6003971434871482}",RELATED_TO
288053,241491,"{'time': 1.6655642200293137, 'inv_time': 0.6003971434871482}",RELATED_TO
288053,241571,"{'time': 1.6655642200293137, 'inv_time': 0.6003971434871482}",RELATED_TO
288053,241559,"{'time': 1.6655642200293137, 'inv_time': 0.6003971434871482}",RELATED_TO
288053,241593,"{'time': 1.6655642200293137, 'inv_time': 0.6003971434871482}",RELATED_TO
288053,241637,"{'time': 1.6655642200293137, 'inv_time': 0.6003971434871482}",RELATED_TO
288011,241277,"{'time': 1.6655642200293137, 'inv_time': 0.6003971434871482}",RELATED_TO
288011,241301,"{'time': 1.6655642200293137, 'inv_time': 0.6003971434871482}",RELATED_TO
288011,241289,"{'time': 1.6655642200293137, 'inv_time': 0.6003971434871482}",RELATED_TO
288011,241491,"{'time': 1.6655642200293137, 'inv_time': 0.6003971434871482}",RELATED_TO
288011,241571,"{'time': 1.6655642200293137, 'inv_time': 0.6003971434871482}",RELATED_TO
288011,241559,"{'time': 1.6655642200293137, 'inv_time': 0.6003971434871482}",RELATED_TO
288011,241593,"{'time': 1.6655642200293137, 'inv_time': 0.6003971434871482}",RELATED_TO
288011,241637,"{'time': 1.6655642200293137, 'inv_time': 0.6003971434871482}",RELATED_TO
288243,241277,"{'time': 1.6655642200293137, 'inv_time': 0.6003971434871482}",RELATED_TO
288243,241301,"{'time': 1.6655642200293137, 'inv_time': 0.6003971434871482}",RELATED_TO
288243,241289,"{'time': 1.6655642200293137, 'inv_time': 0.6003971434871482}",RELATED_TO
288243,241491,"{'time': 1.6655642200293137, 'inv_time': 0.6003971434871482}",RELATED_TO
288243,241571,"{'time': 1.6655642200293137, 'inv_time': 0.6003971434871482}",RELATED_TO
288243,241559,"{'time': 1.6655642200293137, 'inv_time': 0.6003971434871482}",RELATED_TO
288243,241593,"{'time': 1.6655642200293137, 'inv_time': 0.6003971434871482}",RELATED_TO
288243,241637,"{'time': 1.6655642200293137, 'inv_time': 0.6003971434871482}",RELATED_TO
288133,241277,"{'time': 1.6655642200293137, 'inv_time': 0.6003971434871482}",RELATED_TO
288133,241301,"{'time': 1.6655642200293137, 'inv_time': 0.6003971434871482}",RELATED_TO
288133,241289,"{'time': 1.6655642200293137, 'inv_time': 0.6003971434871482}",RELATED_TO
288133,241491,"{'time': 1.6655642200293137, 'inv_time': 0.6003971434871482}",RELATED_TO
288133,241571,"{'time': 1.6655642200293137, 'inv_time': 0.6003971434871482}",RELATED_TO
288133,241559,"{'time': 1.6655642200293137, 'inv_time': 0.6003971434871482}",RELATED_TO
288133,241593,"{'time': 1.6655642200293137, 'inv_time': 0.6003971434871482}",RELATED_TO
288133,241637,"{'time': 1.6655642200293137, 'inv_time': 0.6003971434871482}",RELATED_TO
288333,241277,"{'time': 1.6655642200293137, 'inv_time': 0.6003971434871482}",RELATED_TO
288333,241301,"{'time': 1.6655642200293137, 'inv_time': 0.6003971434871482}",RELATED_TO
288333,241289,"{'time': 1.6655642200293137, 'inv_time': 0.6003971434871482}",RELATED_TO
288333,241491,"{'time': 1.6655642200293137, 'inv_time': 0.6003971434871482}",RELATED_TO
288333,241571,"{'time': 1.6655642200293137, 'inv_time': 0.6003971434871482}",RELATED_TO
288333,241559,"{'time': 1.6655642200293137, 'inv_time': 0.6003971434871482}",RELATED_TO
288333,241593,"{'time': 1.6655642200293137, 'inv_time': 0.6003971434871482}",RELATED_TO
288333,241637,"{'time': 1.6655642200293137, 'inv_time': 0.6003971434871482}",RELATED_TO
288315,241277,"{'time': 1.6655642200293137, 'inv_time': 0.6003971434871482}",RELATED_TO
288315,241301,"{'time': 1.6655642200293137, 'inv_time': 0.6003971434871482}",RELATED_TO
288315,241289,"{'time': 1.6655642200293137, 'inv_time': 0.6003971434871482}",RELATED_TO
288315,241491,"{'time': 1.6655642200293137, 'inv_time': 0.6003971434871482}",RELATED_TO
288315,241571,"{'time': 1.6655642200293137, 'inv_time': 0.6003971434871482}",RELATED_TO
288315,241559,"{'time': 1.6655642200293137, 'inv_time': 0.6003971434871482}",RELATED_TO
288315,241593,"{'time': 1.6655642200293137, 'inv_time': 0.6003971434871482}",RELATED_TO
288315,241637,"{'time': 1.6655642200293137, 'inv_time': 0.6003971434871482}",RELATED_TO
288369,241277,"{'time': 1.6655642200293137, 'inv_time': 0.6003971434871482}",RELATED_TO
288369,241301,"{'time': 1.6655642200293137, 'inv_time': 0.6003971434871482}",RELATED_TO
288369,241289,"{'time': 1.6655642200293137, 'inv_time': 0.6003971434871482}",RELATED_TO
288369,241491,"{'time': 1.6655642200293137, 'inv_time': 0.6003971434871482}",RELATED_TO
288369,241571,"{'time': 1.6655642200293137, 'inv_time': 0.6003971434871482}",RELATED_TO
288369,241559,"{'time': 1.6655642200293137, 'inv_time': 0.6003971434871482}",RELATED_TO
288369,241593,"{'time': 1.6655642200293137, 'inv_time': 0.6003971434871482}",RELATED_TO
288369,241637,"{'time': 1.6655642200293137, 'inv_time': 0.6003971434871482}",RELATED_TO
288423,241277,"{'time': 1.6655642200293137, 'inv_time': 0.6003971434871482}",RELATED_TO
288423,241301,"{'time': 1.6655642200293137, 'inv_time': 0.6003971434871482}",RELATED_TO
288423,241289,"{'time': 1.6655642200293137, 'inv_time': 0.6003971434871482}",RELATED_TO
288423,241491,"{'time': 1.6655642200293137, 'inv_time': 0.6003971434871482}",RELATED_TO
288423,241571,"{'time': 1.6655642200293137, 'inv_time': 0.6003971434871482}",RELATED_TO
288423,241559,"{'time': 1.6655642200293137, 'inv_time': 0.6003971434871482}",RELATED_TO
288423,241593,"{'time': 1.6655642200293137, 'inv_time': 0.6003971434871482}",RELATED_TO
288423,241637,"{'time': 1.6655642200293137, 'inv_time': 0.6003971434871482}",RELATED_TO
288225,241277,"{'time': 1.6655642200293137, 'inv_time': 0.6003971434871482}",RELATED_TO
288225,241301,"{'time': 1.6655642200293137, 'inv_time': 0.6003971434871482}",RELATED_TO
288225,241289,"{'time': 1.6655642200293137, 'inv_time': 0.6003971434871482}",RELATED_TO
288225,241491,"{'time': 1.6655642200293137, 'inv_time': 0.6003971434871482}",RELATED_TO
288225,241571,"{'time': 1.6655642200293137, 'inv_time': 0.6003971434871482}",RELATED_TO
288225,241559,"{'time': 1.6655642200293137, 'inv_time': 0.6003971434871482}",RELATED_TO
288225,241593,"{'time': 1.6655642200293137, 'inv_time': 0.6003971434871482}",RELATED_TO
288225,241637,"{'time': 1.6655642200293137, 'inv_time': 0.6003971434871482}",RELATED_TO
288153,241277,"{'time': 1.6655642200293137, 'inv_time': 0.6003971434871482}",RELATED_TO
288153,241301,"{'time': 1.6655642200293137, 'inv_time': 0.6003971434871482}",RELATED_TO
288153,241289,"{'time': 1.6655642200293137, 'inv_time': 0.6003971434871482}",RELATED_TO
288153,241491,"{'time': 1.6655642200293137, 'inv_time': 0.6003971434871482}",RELATED_TO
288153,241571,"{'time': 1.6655642200293137, 'inv_time': 0.6003971434871482}",RELATED_TO
288153,241559,"{'time': 1.6655642200293137, 'inv_time': 0.6003971434871482}",RELATED_TO
288153,241593,"{'time': 1.6655642200293137, 'inv_time': 0.6003971434871482}",RELATED_TO
288153,241637,"{'time': 1.6655642200293137, 'inv_time': 0.6003971434871482}",RELATED_TO
288405,241277,"{'time': 1.6655642200293137, 'inv_time': 0.6003971434871482}",RELATED_TO
288405,241301,"{'time': 1.6655642200293137, 'inv_time': 0.6003971434871482}",RELATED_TO
288405,241289,"{'time': 1.6655642200293137, 'inv_time': 0.6003971434871482}",RELATED_TO
288405,241491,"{'time': 1.6655642200293137, 'inv_time': 0.6003971434871482}",RELATED_TO
288405,241571,"{'time': 1.6655642200293137, 'inv_time': 0.6003971434871482}",RELATED_TO
288405,241559,"{'time': 1.6655642200293137, 'inv_time': 0.6003971434871482}",RELATED_TO
288405,241593,"{'time': 1.6655642200293137, 'inv_time': 0.6003971434871482}",RELATED_TO
288405,241637,"{'time': 1.6655642200293137, 'inv_time': 0.6003971434871482}",RELATED_TO
241277,236349,"{'time': 2.3601903525000005, 'inv_time': 0.4236946392653301}",RELATED_TO
241277,236248,"{'time': 2.3601903525000005, 'inv_time': 0.4236946392653301}",RELATED_TO
241277,236268,"{'time': 2.3601903525000005, 'inv_time': 0.4236946392653301}",RELATED_TO
241277,236329,"{'time': 2.3601903525000005, 'inv_time': 0.4236946392653301}",RELATED_TO
241277,236308,"{'time': 2.3601903525000005, 'inv_time': 0.4236946392653301}",RELATED_TO
241277,236288,"{'time': 2.3601903525000005, 'inv_time': 0.4236946392653301}",RELATED_TO
241301,236349,"{'time': 2.3601903525000005, 'inv_time': 0.4236946392653301}",RELATED_TO
241301,236248,"{'time': 2.3601903525000005, 'inv_time': 0.4236946392653301}",RELATED_TO
241301,236268,"{'time': 2.3601903525000005, 'inv_time': 0.4236946392653301}",RELATED_TO
241301,236329,"{'time': 2.3601903525000005, 'inv_time': 0.4236946392653301}",RELATED_TO
241301,236308,"{'time': 2.3601903525000005, 'inv_time': 0.4236946392653301}",RELATED_TO
241301,236288,"{'time': 2.3601903525000005, 'inv_time': 0.4236946392653301}",RELATED_TO
241289,236349,"{'time': 2.3601903525000005, 'inv_time': 0.4236946392653301}",RELATED_TO
241289,236248,"{'time': 2.3601903525000005, 'inv_time': 0.4236946392653301}",RELATED_TO
241289,236268,"{'time': 2.3601903525000005, 'inv_time': 0.4236946392653301}",RELATED_TO
241289,236329,"{'time': 2.3601903525000005, 'inv_time': 0.4236946392653301}",RELATED_TO
241289,236308,"{'time': 2.3601903525000005, 'inv_time': 0.4236946392653301}",RELATED_TO
241289,236288,"{'time': 2.3601903525000005, 'inv_time': 0.4236946392653301}",RELATED_TO
241491,236349,"{'time': 2.3601903525000005, 'inv_time': 0.4236946392653301}",RELATED_TO
241491,236248,"{'time': 2.3601903525000005, 'inv_time': 0.4236946392653301}",RELATED_TO
241491,236268,"{'time': 2.3601903525000005, 'inv_time': 0.4236946392653301}",RELATED_TO
241491,236329,"{'time': 2.3601903525000005, 'inv_time': 0.4236946392653301}",RELATED_TO
241491,236308,"{'time': 2.3601903525000005, 'inv_time': 0.4236946392653301}",RELATED_TO
241491,236288,"{'time': 2.3601903525000005, 'inv_time': 0.4236946392653301}",RELATED_TO
241571,236349,"{'time': 2.3601903525000005, 'inv_time': 0.4236946392653301}",RELATED_TO
241571,236248,"{'time': 2.3601903525000005, 'inv_time': 0.4236946392653301}",RELATED_TO
241571,236268,"{'time': 2.3601903525000005, 'inv_time': 0.4236946392653301}",RELATED_TO
241571,236329,"{'time': 2.3601903525000005, 'inv_time': 0.4236946392653301}",RELATED_TO
241571,236308,"{'time': 2.3601903525000005, 'inv_time': 0.4236946392653301}",RELATED_TO
241571,236288,"{'time': 2.3601903525000005, 'inv_time': 0.4236946392653301}",RELATED_TO
241559,236349,"{'time': 2.3601903525000005, 'inv_time': 0.4236946392653301}",RELATED_TO
241559,236248,"{'time': 2.3601903525000005, 'inv_time': 0.4236946392653301}",RELATED_TO
241559,236268,"{'time': 2.3601903525000005, 'inv_time': 0.4236946392653301}",RELATED_TO
241559,236329,"{'time': 2.3601903525000005, 'inv_time': 0.4236946392653301}",RELATED_TO
241559,236308,"{'time': 2.3601903525000005, 'inv_time': 0.4236946392653301}",RELATED_TO
241559,236288,"{'time': 2.3601903525000005, 'inv_time': 0.4236946392653301}",RELATED_TO
241593,236349,"{'time': 2.3601903525000005, 'inv_time': 0.4236946392653301}",RELATED_TO
241593,236248,"{'time': 2.3601903525000005, 'inv_time': 0.4236946392653301}",RELATED_TO
241593,236268,"{'time': 2.3601903525000005, 'inv_time': 0.4236946392653301}",RELATED_TO
241593,236329,"{'time': 2.3601903525000005, 'inv_time': 0.4236946392653301}",RELATED_TO
241593,236308,"{'time': 2.3601903525000005, 'inv_time': 0.4236946392653301}",RELATED_TO
241593,236288,"{'time': 2.3601903525000005, 'inv_time': 0.4236946392653301}",RELATED_TO
241637,236349,"{'time': 2.3601903525000005, 'inv_time': 0.4236946392653301}",RELATED_TO
241637,236248,"{'time': 2.3601903525000005, 'inv_time': 0.4236946392653301}",RELATED_TO
241637,236268,"{'time': 2.3601903525000005, 'inv_time': 0.4236946392653301}",RELATED_TO
241637,236329,"{'time': 2.3601903525000005, 'inv_time': 0.4236946392653301}",RELATED_TO
241637,236308,"{'time': 2.3601903525000005, 'inv_time': 0.4236946392653301}",RELATED_TO
241637,236288,"{'time': 2.3601903525000005, 'inv_time': 0.4236946392653301}",RELATED_TO
236349,288495,"{'time': 101.66687999999999, 'inv_time': 0.009836044934200795}",RELATED_TO
236248,288495,"{'time': 101.66687999999999, 'inv_time': 0.009836044934200795}",RELATED_TO
236268,288495,"{'time': 101.66687999999999, 'inv_time': 0.009836044934200795}",RELATED_TO
236329,288495,"{'time': 101.66687999999999, 'inv_time': 0.009836044934200795}",RELATED_TO
236308,288495,"{'time': 101.66687999999999, 'inv_time': 0.009836044934200795}",RELATED_TO
236288,288495,"{'time': 101.66687999999999, 'inv_time': 0.009836044934200795}",RELATED_TO
288495,241705,"{'time': 1.6655642200293137, 'inv_time': 0.6003971434871482}",RELATED_TO
288495,241727,"{'time': 1.6655642200293137, 'inv_time': 0.6003971434871482}",RELATED_TO
288495,241795,"{'time': 1.6655642200293137, 'inv_time': 0.6003971434871482}",RELATED_TO
288495,241807,"{'time': 1.6655642200293137, 'inv_time': 0.6003971434871482}",RELATED_TO
288495,241783,"{'time': 1.6655642200293137, 'inv_time': 0.6003971434871482}",RELATED_TO
288495,241841,"{'time': 1.6655642200293137, 'inv_time': 0.6003971434871482}",RELATED_TO
288495,241907,"{'time': 1.6655642200293137, 'inv_time': 0.6003971434871482}",RELATED_TO
241705,236390,"{'time': 2.3601903525000005, 'inv_time': 0.4236946392653301}",RELATED_TO
241705,236369,"{'time': 2.3601903525000005, 'inv_time': 0.4236946392653301}",RELATED_TO
241705,236450,"{'time': 2.3601903525000005, 'inv_time': 0.4236946392653301}",RELATED_TO
241705,236470,"{'time': 2.3601903525000005, 'inv_time': 0.4236946392653301}",RELATED_TO
241705,236430,"{'time': 2.3601903525000005, 'inv_time': 0.4236946392653301}",RELATED_TO
241705,236410,"{'time': 2.3601903525000005, 'inv_time': 0.4236946392653301}",RELATED_TO
241727,236390,"{'time': 2.3601903525000005, 'inv_time': 0.4236946392653301}",RELATED_TO
241727,236369,"{'time': 2.3601903525000005, 'inv_time': 0.4236946392653301}",RELATED_TO
241727,236450,"{'time': 2.3601903525000005, 'inv_time': 0.4236946392653301}",RELATED_TO
241727,236470,"{'time': 2.3601903525000005, 'inv_time': 0.4236946392653301}",RELATED_TO
241727,236430,"{'time': 2.3601903525000005, 'inv_time': 0.4236946392653301}",RELATED_TO
241727,236410,"{'time': 2.3601903525000005, 'inv_time': 0.4236946392653301}",RELATED_TO
241795,236390,"{'time': 2.3601903525000005, 'inv_time': 0.4236946392653301}",RELATED_TO
241795,236369,"{'time': 2.3601903525000005, 'inv_time': 0.4236946392653301}",RELATED_TO
241795,236450,"{'time': 2.3601903525000005, 'inv_time': 0.4236946392653301}",RELATED_TO
241795,236470,"{'time': 2.3601903525000005, 'inv_time': 0.4236946392653301}",RELATED_TO
241795,236430,"{'time': 2.3601903525000005, 'inv_time': 0.4236946392653301}",RELATED_TO
241795,236410,"{'time': 2.3601903525000005, 'inv_time': 0.4236946392653301}",RELATED_TO
241807,236390,"{'time': 2.3601903525000005, 'inv_time': 0.4236946392653301}",RELATED_TO
241807,236369,"{'time': 2.3601903525000005, 'inv_time': 0.4236946392653301}",RELATED_TO
241807,236450,"{'time': 2.3601903525000005, 'inv_time': 0.4236946392653301}",RELATED_TO
241807,236470,"{'time': 2.3601903525000005, 'inv_time': 0.4236946392653301}",RELATED_TO
241807,236430,"{'time': 2.3601903525000005, 'inv_time': 0.4236946392653301}",RELATED_TO
241807,236410,"{'time': 2.3601903525000005, 'inv_time': 0.4236946392653301}",RELATED_TO
241783,236390,"{'time': 2.3601903525000005, 'inv_time': 0.4236946392653301}",RELATED_TO
241783,236369,"{'time': 2.3601903525000005, 'inv_time': 0.4236946392653301}",RELATED_TO
241783,236450,"{'time': 2.3601903525000005, 'inv_time': 0.4236946392653301}",RELATED_TO
241783,236470,"{'time': 2.3601903525000005, 'inv_time': 0.4236946392653301}",RELATED_TO
241783,236430,"{'time': 2.3601903525000005, 'inv_time': 0.4236946392653301}",RELATED_TO
241783,236410,"{'time': 2.3601903525000005, 'inv_time': 0.4236946392653301}",RELATED_TO
241841,236390,"{'time': 2.3601903525000005, 'inv_time': 0.4236946392653301}",RELATED_TO
241841,236369,"{'time': 2.3601903525000005, 'inv_time': 0.4236946392653301}",RELATED_TO
241841,236450,"{'time': 2.3601903525000005, 'inv_time': 0.4236946392653301}",RELATED_TO
241841,236470,"{'time': 2.3601903525000005, 'inv_time': 0.4236946392653301}",RELATED_TO
241841,236430,"{'time': 2.3601903525000005, 'inv_time': 0.4236946392653301}",RELATED_TO
241841,236410,"{'time': 2.3601903525000005, 'inv_time': 0.4236946392653301}",RELATED_TO
241907,236390,"{'time': 2.3601903525000005, 'inv_time': 0.4236946392653301}",RELATED_TO
241907,236369,"{'time': 2.3601903525000005, 'inv_time': 0.4236946392653301}",RELATED_TO
241907,236450,"{'time': 2.3601903525000005, 'inv_time': 0.4236946392653301}",RELATED_TO
241907,236470,"{'time': 2.3601903525000005, 'inv_time': 0.4236946392653301}",RELATED_TO
241907,236430,"{'time': 2.3601903525000005, 'inv_time': 0.4236946392653301}",RELATED_TO
241907,236410,"{'time': 2.3601903525000005, 'inv_time': 0.4236946392653301}",RELATED_TO
236390,288693,"{'time': 72.61919999999999, 'inv_time': 0.013770462907881113}",RELATED_TO
236390,288657,"{'time': 14.52384, 'inv_time': 0.06885231453940556}",RELATED_TO
236390,288765,"{'time': 4.841279999999999, 'inv_time': 0.2065569436182167}",RELATED_TO
236390,288747,"{'time': 4.841279999999999, 'inv_time': 0.2065569436182167}",RELATED_TO
236369,288693,"{'time': 72.61919999999999, 'inv_time': 0.013770462907881113}",RELATED_TO
236369,288657,"{'time': 14.52384, 'inv_time': 0.06885231453940556}",RELATED_TO
236369,288765,"{'time': 4.841279999999999, 'inv_time': 0.2065569436182167}",RELATED_TO
236369,288747,"{'time': 4.841279999999999, 'inv_time': 0.2065569436182167}",RELATED_TO
236450,288693,"{'time': 72.61919999999999, 'inv_time': 0.013770462907881113}",RELATED_TO
236450,288657,"{'time': 14.52384, 'inv_time': 0.06885231453940556}",RELATED_TO
236450,288765,"{'time': 4.841279999999999, 'inv_time': 0.2065569436182167}",RELATED_TO
236450,288747,"{'time': 4.841279999999999, 'inv_time': 0.2065569436182167}",RELATED_TO
236470,288693,"{'time': 72.61919999999999, 'inv_time': 0.013770462907881113}",RELATED_TO
236470,288657,"{'time': 14.52384, 'inv_time': 0.06885231453940556}",RELATED_TO
236470,288765,"{'time': 4.841279999999999, 'inv_time': 0.2065569436182167}",RELATED_TO
236470,288747,"{'time': 4.841279999999999, 'inv_time': 0.2065569436182167}",RELATED_TO
236430,288693,"{'time': 72.61919999999999, 'inv_time': 0.013770462907881113}",RELATED_TO
236430,288657,"{'time': 14.52384, 'inv_time': 0.06885231453940556}",RELATED_TO
236430,288765,"{'time': 4.841279999999999, 'inv_time': 0.2065569436182167}",RELATED_TO
236430,288747,"{'time': 4.841279999999999, 'inv_time': 0.2065569436182167}",RELATED_TO
236410,288693,"{'time': 72.61919999999999, 'inv_time': 0.013770462907881113}",RELATED_TO
236410,288657,"{'time': 14.52384, 'inv_time': 0.06885231453940556}",RELATED_TO
236410,288765,"{'time': 4.841279999999999, 'inv_time': 0.2065569436182167}",RELATED_TO
236410,288747,"{'time': 4.841279999999999, 'inv_time': 0.2065569436182167}",RELATED_TO
288693,241963,"{'time': 1.6655642200293137, 'inv_time': 0.6003971434871482}",RELATED_TO
288693,241975,"{'time': 1.6655642200293137, 'inv_time': 0.6003971434871482}",RELATED_TO
288693,242031,"{'time': 1.6655642200293137, 'inv_time': 0.6003971434871482}",RELATED_TO
288693,242021,"{'time': 1.6655642200293137, 'inv_time': 0.6003971434871482}",RELATED_TO
288693,242009,"{'time': 1.6655642200293137, 'inv_time': 0.6003971434871482}",RELATED_TO
288657,241963,"{'time': 1.6655642200293137, 'inv_time': 0.6003971434871482}",RELATED_TO
288657,241975,"{'time': 1.6655642200293137, 'inv_time': 0.6003971434871482}",RELATED_TO
288657,242031,"{'time': 1.6655642200293137, 'inv_time': 0.6003971434871482}",RELATED_TO
288657,242021,"{'time': 1.6655642200293137, 'inv_time': 0.6003971434871482}",RELATED_TO
288657,242009,"{'time': 1.6655642200293137, 'inv_time': 0.6003971434871482}",RELATED_TO
288765,241963,"{'time': 1.6655642200293137, 'inv_time': 0.6003971434871482}",RELATED_TO
288765,241975,"{'time': 1.6655642200293137, 'inv_time': 0.6003971434871482}",RELATED_TO
288765,242031,"{'time': 1.6655642200293137, 'inv_time': 0.6003971434871482}",RELATED_TO
288765,242021,"{'time': 1.6655642200293137, 'inv_time': 0.6003971434871482}",RELATED_TO
288765,242009,"{'time': 1.6655642200293137, 'inv_time': 0.6003971434871482}",RELATED_TO
288747,241963,"{'time': 1.6655642200293137, 'inv_time': 0.6003971434871482}",RELATED_TO
288747,241975,"{'time': 1.6655642200293137, 'inv_time': 0.6003971434871482}",RELATED_TO
288747,242031,"{'time': 1.6655642200293137, 'inv_time': 0.6003971434871482}",RELATED_TO
288747,242021,"{'time': 1.6655642200293137, 'inv_time': 0.6003971434871482}",RELATED_TO
288747,242009,"{'time': 1.6655642200293137, 'inv_time': 0.6003971434871482}",RELATED_TO
235638,236572,"{'time': 2.3601903525000005, 'inv_time': 0.4236946392653301}",RELATED_TO
235638,236531,"{'time': 2.3601903525000005, 'inv_time': 0.4236946392653301}",RELATED_TO
235638,236552,"{'time': 2.3601903525000005, 'inv_time': 0.4236946392653301}",RELATED_TO
235638,236491,"{'time': 2.3601903525000005, 'inv_time': 0.4236946392653301}",RELATED_TO
235638,236511,"{'time': 2.3601903525000005, 'inv_time': 0.4236946392653301}",RELATED_TO
235638,236592,"{'time': 2.3601903525000005, 'inv_time': 0.4236946392653301}",RELATED_TO
235678,236572,"{'time': 2.3601903525000005, 'inv_time': 0.4236946392653301}",RELATED_TO
235678,236531,"{'time': 2.3601903525000005, 'inv_time': 0.4236946392653301}",RELATED_TO
235678,236552,"{'time': 2.3601903525000005, 'inv_time': 0.4236946392653301}",RELATED_TO
235678,236491,"{'time': 2.3601903525000005, 'inv_time': 0.4236946392653301}",RELATED_TO
235678,236511,"{'time': 2.3601903525000005, 'inv_time': 0.4236946392653301}",RELATED_TO
235678,236592,"{'time': 2.3601903525000005, 'inv_time': 0.4236946392653301}",RELATED_TO
235658,236572,"{'time': 2.3601903525000005, 'inv_time': 0.4236946392653301}",RELATED_TO
235658,236531,"{'time': 2.3601903525000005, 'inv_time': 0.4236946392653301}",RELATED_TO
235658,236552,"{'time': 2.3601903525000005, 'inv_time': 0.4236946392653301}",RELATED_TO
235658,236491,"{'time': 2.3601903525000005, 'inv_time': 0.4236946392653301}",RELATED_TO
235658,236511,"{'time': 2.3601903525000005, 'inv_time': 0.4236946392653301}",RELATED_TO
235658,236592,"{'time': 2.3601903525000005, 'inv_time': 0.4236946392653301}",RELATED_TO
235699,236572,"{'time': 2.3601903525000005, 'inv_time': 0.4236946392653301}",RELATED_TO
235699,236531,"{'time': 2.3601903525000005, 'inv_time': 0.4236946392653301}",RELATED_TO
235699,236552,"{'time': 2.3601903525000005, 'inv_time': 0.4236946392653301}",RELATED_TO
235699,236491,"{'time': 2.3601903525000005, 'inv_time': 0.4236946392653301}",RELATED_TO
235699,236511,"{'time': 2.3601903525000005, 'inv_time': 0.4236946392653301}",RELATED_TO
235699,236592,"{'time': 2.3601903525000005, 'inv_time': 0.4236946392653301}",RELATED_TO
236572,239131,"{'time': 1.6655642200293137, 'inv_time': 0.6003971434871482}",RELATED_TO
236572,239109,"{'time': 1.6655642200293137, 'inv_time': 0.6003971434871482}",RELATED_TO
236572,239165,"{'time': 1.6655642200293137, 'inv_time': 0.6003971434871482}",RELATED_TO
236572,239367,"{'time': 1.6655642200293137, 'inv_time': 0.6003971434871482}",RELATED_TO
236572,239390,"{'time': 1.6655642200293137, 'inv_time': 0.6003971434871482}",RELATED_TO
236572,239490,"{'time': 1.6655642200293137, 'inv_time': 0.6003971434871482}",RELATED_TO
236572,239871,"{'time': 1.6655642200293137, 'inv_time': 0.6003971434871482}",RELATED_TO
236572,239837,"{'time': 1.6655642200293137, 'inv_time': 0.6003971434871482}",RELATED_TO
236531,239131,"{'time': 1.6655642200293137, 'inv_time': 0.6003971434871482}",RELATED_TO
236531,239109,"{'time': 1.6655642200293137, 'inv_time': 0.6003971434871482}",RELATED_TO
236531,239165,"{'time': 1.6655642200293137, 'inv_time': 0.6003971434871482}",RELATED_TO
236531,239367,"{'time': 1.6655642200293137, 'inv_time': 0.6003971434871482}",RELATED_TO
236531,239390,"{'time': 1.6655642200293137, 'inv_time': 0.6003971434871482}",RELATED_TO
236531,239490,"{'time': 1.6655642200293137, 'inv_time': 0.6003971434871482}",RELATED_TO
236531,239871,"{'time': 1.6655642200293137, 'inv_time': 0.6003971434871482}",RELATED_TO
236531,239837,"{'time': 1.6655642200293137, 'inv_time': 0.6003971434871482}",RELATED_TO
236552,239131,"{'time': 1.6655642200293137, 'inv_time': 0.6003971434871482}",RELATED_TO
236552,239109,"{'time': 1.6655642200293137, 'inv_time': 0.6003971434871482}",RELATED_TO
236552,239165,"{'time': 1.6655642200293137, 'inv_time': 0.6003971434871482}",RELATED_TO
236552,239367,"{'time': 1.6655642200293137, 'inv_time': 0.6003971434871482}",RELATED_TO
236552,239390,"{'time': 1.6655642200293137, 'inv_time': 0.6003971434871482}",RELATED_TO
236552,239490,"{'time': 1.6655642200293137, 'inv_time': 0.6003971434871482}",RELATED_TO
236552,239871,"{'time': 1.6655642200293137, 'inv_time': 0.6003971434871482}",RELATED_TO
236552,239837,"{'time': 1.6655642200293137, 'inv_time': 0.6003971434871482}",RELATED_TO
236491,239131,"{'time': 1.6655642200293137, 'inv_time': 0.6003971434871482}",RELATED_TO
236491,239109,"{'time': 1.6655642200293137, 'inv_time': 0.6003971434871482}",RELATED_TO
236491,239165,"{'time': 1.6655642200293137, 'inv_time': 0.6003971434871482}",RELATED_TO
236491,239367,"{'time': 1.6655642200293137, 'inv_time': 0.6003971434871482}",RELATED_TO
236491,239390,"{'time': 1.6655642200293137, 'inv_time': 0.6003971434871482}",RELATED_TO
236491,239490,"{'time': 1.6655642200293137, 'inv_time': 0.6003971434871482}",RELATED_TO
236491,239871,"{'time': 1.6655642200293137, 'inv_time': 0.6003971434871482}",RELATED_TO
236491,239837,"{'time': 1.6655642200293137, 'inv_time': 0.6003971434871482}",RELATED_TO
236511,239131,"{'time': 1.6655642200293137, 'inv_time': 0.6003971434871482}",RELATED_TO
236511,239109,"{'time': 1.6655642200293137, 'inv_time': 0.6003971434871482}",RELATED_TO
236511,239165,"{'time': 1.6655642200293137, 'inv_time': 0.6003971434871482}",RELATED_TO
236511,239367,"{'time': 1.6655642200293137, 'inv_time': 0.6003971434871482}",RELATED_TO
236511,239390,"{'time': 1.6655642200293137, 'inv_time': 0.6003971434871482}",RELATED_TO
236511,239490,"{'time': 1.6655642200293137, 'inv_time': 0.6003971434871482}",RELATED_TO
236511,239871,"{'time': 1.6655642200293137, 'inv_time': 0.6003971434871482}",RELATED_TO
236511,239837,"{'time': 1.6655642200293137, 'inv_time': 0.6003971434871482}",RELATED_TO
236592,239131,"{'time': 1.6655642200293137, 'inv_time': 0.6003971434871482}",RELATED_TO
236592,239109,"{'time': 1.6655642200293137, 'inv_time': 0.6003971434871482}",RELATED_TO
236592,239165,"{'time': 1.6655642200293137, 'inv_time': 0.6003971434871482}",RELATED_TO
236592,239367,"{'time': 1.6655642200293137, 'inv_time': 0.6003971434871482}",RELATED_TO
236592,239390,"{'time': 1.6655642200293137, 'inv_time': 0.6003971434871482}",RELATED_TO
236592,239490,"{'time': 1.6655642200293137, 'inv_time': 0.6003971434871482}",RELATED_TO
236592,239871,"{'time': 1.6655642200293137, 'inv_time': 0.6003971434871482}",RELATED_TO
236592,239837,"{'time': 1.6655642200293137, 'inv_time': 0.6003971434871482}",RELATED_TO
239131,236612,"{'time': 2.3601903525000005, 'inv_time': 0.4236946392653301}",RELATED_TO
239131,236632,"{'time': 2.3601903525000005, 'inv_time': 0.4236946392653301}",RELATED_TO
239131,236653,"{'time': 2.3601903525000005, 'inv_time': 0.4236946392653301}",RELATED_TO
239131,236673,"{'time': 2.3601903525000005, 'inv_time': 0.4236946392653301}",RELATED_TO
239131,236714,"{'time': 2.3601903525000005, 'inv_time': 0.4236946392653301}",RELATED_TO
239131,236693,"{'time': 2.3601903525000005, 'inv_time': 0.4236946392653301}",RELATED_TO
239109,236612,"{'time': 2.3601903525000005, 'inv_time': 0.4236946392653301}",RELATED_TO
239109,236632,"{'time': 2.3601903525000005, 'inv_time': 0.4236946392653301}",RELATED_TO
239109,236653,"{'time': 2.3601903525000005, 'inv_time': 0.4236946392653301}",RELATED_TO
239109,236673,"{'time': 2.3601903525000005, 'inv_time': 0.4236946392653301}",RELATED_TO
239109,236714,"{'time': 2.3601903525000005, 'inv_time': 0.4236946392653301}",RELATED_TO
239109,236693,"{'time': 2.3601903525000005, 'inv_time': 0.4236946392653301}",RELATED_TO
239165,236612,"{'time': 2.3601903525000005, 'inv_time': 0.4236946392653301}",RELATED_TO
239165,236632,"{'time': 2.3601903525000005, 'inv_time': 0.4236946392653301}",RELATED_TO
239165,236653,"{'time': 2.3601903525000005, 'inv_time': 0.4236946392653301}",RELATED_TO
239165,236673,"{'time': 2.3601903525000005, 'inv_time': 0.4236946392653301}",RELATED_TO
239165,236714,"{'time': 2.3601903525000005, 'inv_time': 0.4236946392653301}",RELATED_TO
239165,236693,"{'time': 2.3601903525000005, 'inv_time': 0.4236946392653301}",RELATED_TO
239367,236612,"{'time': 2.3601903525000005, 'inv_time': 0.4236946392653301}",RELATED_TO
239367,236632,"{'time': 2.3601903525000005, 'inv_time': 0.4236946392653301}",RELATED_TO
239367,236653,"{'time': 2.3601903525000005, 'inv_time': 0.4236946392653301}",RELATED_TO
239367,236673,"{'time': 2.3601903525000005, 'inv_time': 0.4236946392653301}",RELATED_TO
239367,236714,"{'time': 2.3601903525000005, 'inv_time': 0.4236946392653301}",RELATED_TO
239367,236693,"{'time': 2.3601903525000005, 'inv_time': 0.4236946392653301}",RELATED_TO
239390,236612,"{'time': 2.3601903525000005, 'inv_time': 0.4236946392653301}",RELATED_TO
239390,236632,"{'time': 2.3601903525000005, 'inv_time': 0.4236946392653301}",RELATED_TO
239390,236653,"{'time': 2.3601903525000005, 'inv_time': 0.4236946392653301}",RELATED_TO
239390,236673,"{'time': 2.3601903525000005, 'inv_time': 0.4236946392653301}",RELATED_TO
239390,236714,"{'time': 2.3601903525000005, 'inv_time': 0.4236946392653301}",RELATED_TO
239390,236693,"{'time': 2.3601903525000005, 'inv_time': 0.4236946392653301}",RELATED_TO
239490,236612,"{'time': 2.3601903525000005, 'inv_time': 0.4236946392653301}",RELATED_TO
239490,236632,"{'time': 2.3601903525000005, 'inv_time': 0.4236946392653301}",RELATED_TO
239490,236653,"{'time': 2.3601903525000005, 'inv_time': 0.4236946392653301}",RELATED_TO
239490,236673,"{'time': 2.3601903525000005, 'inv_time': 0.4236946392653301}",RELATED_TO
239490,236714,"{'time': 2.3601903525000005, 'inv_time': 0.4236946392653301}",RELATED_TO
239490,236693,"{'time': 2.3601903525000005, 'inv_time': 0.4236946392653301}",RELATED_TO
239871,236612,"{'time': 2.3601903525000005, 'inv_time': 0.4236946392653301}",RELATED_TO
239871,236632,"{'time': 2.3601903525000005, 'inv_time': 0.4236946392653301}",RELATED_TO
239871,236653,"{'time': 2.3601903525000005, 'inv_time': 0.4236946392653301}",RELATED_TO
239871,236673,"{'time': 2.3601903525000005, 'inv_time': 0.4236946392653301}",RELATED_TO
239871,236714,"{'time': 2.3601903525000005, 'inv_time': 0.4236946392653301}",RELATED_TO
239871,236693,"{'time': 2.3601903525000005, 'inv_time': 0.4236946392653301}",RELATED_TO
239837,236612,"{'time': 2.3601903525000005, 'inv_time': 0.4236946392653301}",RELATED_TO
239837,236632,"{'time': 2.3601903525000005, 'inv_time': 0.4236946392653301}",RELATED_TO
239837,236653,"{'time': 2.3601903525000005, 'inv_time': 0.4236946392653301}",RELATED_TO
239837,236673,"{'time': 2.3601903525000005, 'inv_time': 0.4236946392653301}",RELATED_TO
239837,236714,"{'time': 2.3601903525000005, 'inv_time': 0.4236946392653301}",RELATED_TO
239837,236693,"{'time': 2.3601903525000005, 'inv_time': 0.4236946392653301}",RELATED_TO
236612,272768,"{'time': 4.841279999999999, 'inv_time': 0.2065569436182167}",RELATED_TO
236612,272956,"{'time': 4.841279999999999, 'inv_time': 0.2065569436182167}",RELATED_TO
236612,274440,"{'time': 4.841279999999999, 'inv_time': 0.2065569436182167}",RELATED_TO
236612,276098,"{'time': 9.682559999999999, 'inv_time': 0.10327847180910835}",RELATED_TO
236612,275918,"{'time': 4.841279999999999, 'inv_time': 0.2065569436182167}",RELATED_TO
236612,274642,"{'time': 14.52384, 'inv_time': 0.06885231453940556}",RELATED_TO
236612,275768,"{'time': 9.682559999999999, 'inv_time': 0.10327847180910835}",RELATED_TO
236612,275565,"{'time': 4.841279999999999, 'inv_time': 0.2065569436182167}",RELATED_TO
236612,283626,"{'time': 4.841279999999999, 'inv_time': 0.2065569436182167}",RELATED_TO
236612,283831,"{'time': 9.682559999999999, 'inv_time': 0.10327847180910835}",RELATED_TO
236612,283953,"{'time': 4.841279999999999, 'inv_time': 0.2065569436182167}",RELATED_TO
236632,272768,"{'time': 4.841279999999999, 'inv_time': 0.2065569436182167}",RELATED_TO
236632,272956,"{'time': 4.841279999999999, 'inv_time': 0.2065569436182167}",RELATED_TO
236632,274440,"{'time': 4.841279999999999, 'inv_time': 0.2065569436182167}",RELATED_TO
236632,276098,"{'time': 9.682559999999999, 'inv_time': 0.10327847180910835}",RELATED_TO
236632,275918,"{'time': 4.841279999999999, 'inv_time': 0.2065569436182167}",RELATED_TO
236632,274642,"{'time': 14.52384, 'inv_time': 0.06885231453940556}",RELATED_TO
236632,275768,"{'time': 9.682559999999999, 'inv_time': 0.10327847180910835}",RELATED_TO
236632,275565,"{'time': 4.841279999999999, 'inv_time': 0.2065569436182167}",RELATED_TO
236632,283626,"{'time': 4.841279999999999, 'inv_time': 0.2065569436182167}",RELATED_TO
236632,283831,"{'time': 9.682559999999999, 'inv_time': 0.10327847180910835}",RELATED_TO
236632,283953,"{'time': 4.841279999999999, 'inv_time': 0.2065569436182167}",RELATED_TO
236653,272768,"{'time': 4.841279999999999, 'inv_time': 0.2065569436182167}",RELATED_TO
236653,272956,"{'time': 4.841279999999999, 'inv_time': 0.2065569436182167}",RELATED_TO
236653,274440,"{'time': 4.841279999999999, 'inv_time': 0.2065569436182167}",RELATED_TO
236653,276098,"{'time': 9.682559999999999, 'inv_time': 0.10327847180910835}",RELATED_TO
236653,275918,"{'time': 4.841279999999999, 'inv_time': 0.2065569436182167}",RELATED_TO
236653,274642,"{'time': 14.52384, 'inv_time': 0.06885231453940556}",RELATED_TO
236653,275768,"{'time': 9.682559999999999, 'inv_time': 0.10327847180910835}",RELATED_TO
236653,275565,"{'time': 4.841279999999999, 'inv_time': 0.2065569436182167}",RELATED_TO
236653,283626,"{'time': 4.841279999999999, 'inv_time': 0.2065569436182167}",RELATED_TO
236653,283831,"{'time': 9.682559999999999, 'inv_time': 0.10327847180910835}",RELATED_TO
236653,283953,"{'time': 4.841279999999999, 'inv_time': 0.2065569436182167}",RELATED_TO
236673,272768,"{'time': 4.841279999999999, 'inv_time': 0.2065569436182167}",RELATED_TO
236673,272956,"{'time': 4.841279999999999, 'inv_time': 0.2065569436182167}",RELATED_TO
236673,274440,"{'time': 4.841279999999999, 'inv_time': 0.2065569436182167}",RELATED_TO
236673,276098,"{'time': 9.682559999999999, 'inv_time': 0.10327847180910835}",RELATED_TO
236673,275918,"{'time': 4.841279999999999, 'inv_time': 0.2065569436182167}",RELATED_TO
236673,274642,"{'time': 14.52384, 'inv_time': 0.06885231453940556}",RELATED_TO
236673,275768,"{'time': 9.682559999999999, 'inv_time': 0.10327847180910835}",RELATED_TO
236673,275565,"{'time': 4.841279999999999, 'inv_time': 0.2065569436182167}",RELATED_TO
236673,283626,"{'time': 4.841279999999999, 'inv_time': 0.2065569436182167}",RELATED_TO
236673,283831,"{'time': 9.682559999999999, 'inv_time': 0.10327847180910835}",RELATED_TO
236673,283953,"{'time': 4.841279999999999, 'inv_time': 0.2065569436182167}",RELATED_TO
236714,272768,"{'time': 4.841279999999999, 'inv_time': 0.2065569436182167}",RELATED_TO
236714,272956,"{'time': 4.841279999999999, 'inv_time': 0.2065569436182167}",RELATED_TO
236714,274440,"{'time': 4.841279999999999, 'inv_time': 0.2065569436182167}",RELATED_TO
236714,276098,"{'time': 9.682559999999999, 'inv_time': 0.10327847180910835}",RELATED_TO
236714,275918,"{'time': 4.841279999999999, 'inv_time': 0.2065569436182167}",RELATED_TO
236714,274642,"{'time': 14.52384, 'inv_time': 0.06885231453940556}",RELATED_TO
236714,275768,"{'time': 9.682559999999999, 'inv_time': 0.10327847180910835}",RELATED_TO
236714,275565,"{'time': 4.841279999999999, 'inv_time': 0.2065569436182167}",RELATED_TO
236714,283626,"{'time': 4.841279999999999, 'inv_time': 0.2065569436182167}",RELATED_TO
236714,283831,"{'time': 9.682559999999999, 'inv_time': 0.10327847180910835}",RELATED_TO
236714,283953,"{'time': 4.841279999999999, 'inv_time': 0.2065569436182167}",RELATED_TO
236693,272768,"{'time': 4.841279999999999, 'inv_time': 0.2065569436182167}",RELATED_TO
236693,272956,"{'time': 4.841279999999999, 'inv_time': 0.2065569436182167}",RELATED_TO
236693,274440,"{'time': 4.841279999999999, 'inv_time': 0.2065569436182167}",RELATED_TO
236693,276098,"{'time': 9.682559999999999, 'inv_time': 0.10327847180910835}",RELATED_TO
236693,275918,"{'time': 4.841279999999999, 'inv_time': 0.2065569436182167}",RELATED_TO
236693,274642,"{'time': 14.52384, 'inv_time': 0.06885231453940556}",RELATED_TO
236693,275768,"{'time': 9.682559999999999, 'inv_time': 0.10327847180910835}",RELATED_TO
236693,275565,"{'time': 4.841279999999999, 'inv_time': 0.2065569436182167}",RELATED_TO
236693,283626,"{'time': 4.841279999999999, 'inv_time': 0.2065569436182167}",RELATED_TO
236693,283831,"{'time': 9.682559999999999, 'inv_time': 0.10327847180910835}",RELATED_TO
236693,283953,"{'time': 4.841279999999999, 'inv_time': 0.2065569436182167}",RELATED_TO
272768,239927,"{'time': 1.6655642200293137, 'inv_time': 0.6003971434871482}",RELATED_TO
272768,239893,"{'time': 1.6655642200293137, 'inv_time': 0.6003971434871482}",RELATED_TO
272768,240433,"{'time': 1.6655642200293137, 'inv_time': 0.6003971434871482}",RELATED_TO
272768,240445,"{'time': 1.6655642200293137, 'inv_time': 0.6003971434871482}",RELATED_TO
272768,240423,"{'time': 1.6655642200293137, 'inv_time': 0.6003971434871482}",RELATED_TO
272768,240457,"{'time': 1.6655642200293137, 'inv_time': 0.6003971434871482}",RELATED_TO
272768,240659,"{'time': 1.6655642200293137, 'inv_time': 0.6003971434871482}",RELATED_TO
272768,240693,"{'time': 1.6655642200293137, 'inv_time': 0.6003971434871482}",RELATED_TO
272956,239927,"{'time': 1.6655642200293137, 'inv_time': 0.6003971434871482}",RELATED_TO
272956,239893,"{'time': 1.6655642200293137, 'inv_time': 0.6003971434871482}",RELATED_TO
272956,240433,"{'time': 1.6655642200293137, 'inv_time': 0.6003971434871482}",RELATED_TO
272956,240445,"{'time': 1.6655642200293137, 'inv_time': 0.6003971434871482}",RELATED_TO
272956,240423,"{'time': 1.6655642200293137, 'inv_time': 0.6003971434871482}",RELATED_TO
272956,240457,"{'time': 1.6655642200293137, 'inv_time': 0.6003971434871482}",RELATED_TO
272956,240659,"{'time': 1.6655642200293137, 'inv_time': 0.6003971434871482}",RELATED_TO
272956,240693,"{'time': 1.6655642200293137, 'inv_time': 0.6003971434871482}",RELATED_TO
274440,239927,"{'time': 1.6655642200293137, 'inv_time': 0.6003971434871482}",RELATED_TO
274440,239893,"{'time': 1.6655642200293137, 'inv_time': 0.6003971434871482}",RELATED_TO
274440,240433,"{'time': 1.6655642200293137, 'inv_time': 0.6003971434871482}",RELATED_TO
274440,240445,"{'time': 1.6655642200293137, 'inv_time': 0.6003971434871482}",RELATED_TO
274440,240423,"{'time': 1.6655642200293137, 'inv_time': 0.6003971434871482}",RELATED_TO
274440,240457,"{'time': 1.6655642200293137, 'inv_time': 0.6003971434871482}",RELATED_TO
274440,240659,"{'time': 1.6655642200293137, 'inv_time': 0.6003971434871482}",RELATED_TO
274440,240693,"{'time': 1.6655642200293137, 'inv_time': 0.6003971434871482}",RELATED_TO
276098,239927,"{'time': 1.6655642200293137, 'inv_time': 0.6003971434871482}",RELATED_TO
276098,239893,"{'time': 1.6655642200293137, 'inv_time': 0.6003971434871482}",RELATED_TO
276098,240433,"{'time': 1.6655642200293137, 'inv_time': 0.6003971434871482}",RELATED_TO
276098,240445,"{'time': 1.6655642200293137, 'inv_time': 0.6003971434871482}",RELATED_TO
276098,240423,"{'time': 1.6655642200293137, 'inv_time': 0.6003971434871482}",RELATED_TO
276098,240457,"{'time': 1.6655642200293137, 'inv_time': 0.6003971434871482}",RELATED_TO
276098,240659,"{'time': 1.6655642200293137, 'inv_time': 0.6003971434871482}",RELATED_TO
276098,240693,"{'time': 1.6655642200293137, 'inv_time': 0.6003971434871482}",RELATED_TO
275918,239927,"{'time': 1.6655642200293137, 'inv_time': 0.6003971434871482}",RELATED_TO
275918,239893,"{'time': 1.6655642200293137, 'inv_time': 0.6003971434871482}",RELATED_TO
275918,240433,"{'time': 1.6655642200293137, 'inv_time': 0.6003971434871482}",RELATED_TO
275918,240445,"{'time': 1.6655642200293137, 'inv_time': 0.6003971434871482}",RELATED_TO
275918,240423,"{'time': 1.6655642200293137, 'inv_time': 0.6003971434871482}",RELATED_TO
275918,240457,"{'time': 1.6655642200293137, 'inv_time': 0.6003971434871482}",RELATED_TO
275918,240659,"{'time': 1.6655642200293137, 'inv_time': 0.6003971434871482}",RELATED_TO
275918,240693,"{'time': 1.6655642200293137, 'inv_time': 0.6003971434871482}",RELATED_TO
274642,239927,"{'time': 1.6655642200293137, 'inv_time': 0.6003971434871482}",RELATED_TO
274642,239893,"{'time': 1.6655642200293137, 'inv_time': 0.6003971434871482}",RELATED_TO
274642,240433,"{'time': 1.6655642200293137, 'inv_time': 0.6003971434871482}",RELATED_TO
274642,240445,"{'time': 1.6655642200293137, 'inv_time': 0.6003971434871482}",RELATED_TO
274642,240423,"{'time': 1.6655642200293137, 'inv_time': 0.6003971434871482}",RELATED_TO
274642,240457,"{'time': 1.6655642200293137, 'inv_time': 0.6003971434871482}",RELATED_TO
274642,240659,"{'time': 1.6655642200293137, 'inv_time': 0.6003971434871482}",RELATED_TO
274642,240693,"{'time': 1.6655642200293137, 'inv_time': 0.6003971434871482}",RELATED_TO
275768,239927,"{'time': 1.6655642200293137, 'inv_time': 0.6003971434871482}",RELATED_TO
275768,239893,"{'time': 1.6655642200293137, 'inv_time': 0.6003971434871482}",RELATED_TO
275768,240433,"{'time': 1.6655642200293137, 'inv_time': 0.6003971434871482}",RELATED_TO
275768,240445,"{'time': 1.6655642200293137, 'inv_time': 0.6003971434871482}",RELATED_TO
275768,240423,"{'time': 1.6655642200293137, 'inv_time': 0.6003971434871482}",RELATED_TO
275768,240457,"{'time': 1.6655642200293137, 'inv_time': 0.6003971434871482}",RELATED_TO
275768,240659,"{'time': 1.6655642200293137, 'inv_time': 0.6003971434871482}",RELATED_TO
275768,240693,"{'time': 1.6655642200293137, 'inv_time': 0.6003971434871482}",RELATED_TO
275565,239927,"{'time': 1.6655642200293137, 'inv_time': 0.6003971434871482}",RELATED_TO
275565,239893,"{'time': 1.6655642200293137, 'inv_time': 0.6003971434871482}",RELATED_TO
275565,240433,"{'time': 1.6655642200293137, 'inv_time': 0.6003971434871482}",RELATED_TO
275565,240445,"{'time': 1.6655642200293137, 'inv_time': 0.6003971434871482}",RELATED_TO
275565,240423,"{'time': 1.6655642200293137, 'inv_time': 0.6003971434871482}",RELATED_TO
275565,240457,"{'time': 1.6655642200293137, 'inv_time': 0.6003971434871482}",RELATED_TO
275565,240659,"{'time': 1.6655642200293137, 'inv_time': 0.6003971434871482}",RELATED_TO
275565,240693,"{'time': 1.6655642200293137, 'inv_time': 0.6003971434871482}",RELATED_TO
283626,239927,"{'time': 1.6655642200293137, 'inv_time': 0.6003971434871482}",RELATED_TO
283626,239893,"{'time': 1.6655642200293137, 'inv_time': 0.6003971434871482}",RELATED_TO
283626,240433,"{'time': 1.6655642200293137, 'inv_time': 0.6003971434871482}",RELATED_TO
283626,240445,"{'time': 1.6655642200293137, 'inv_time': 0.6003971434871482}",RELATED_TO
283626,240423,"{'time': 1.6655642200293137, 'inv_time': 0.6003971434871482}",RELATED_TO
283626,240457,"{'time': 1.6655642200293137, 'inv_time': 0.6003971434871482}",RELATED_TO
283626,240659,"{'time': 1.6655642200293137, 'inv_time': 0.6003971434871482}",RELATED_TO
283626,240693,"{'time': 1.6655642200293137, 'inv_time': 0.6003971434871482}",RELATED_TO
283831,239927,"{'time': 1.6655642200293137, 'inv_time': 0.6003971434871482}",RELATED_TO
283831,239893,"{'time': 1.6655642200293137, 'inv_time': 0.6003971434871482}",RELATED_TO
283831,240433,"{'time': 1.6655642200293137, 'inv_time': 0.6003971434871482}",RELATED_TO
283831,240445,"{'time': 1.6655642200293137, 'inv_time': 0.6003971434871482}",RELATED_TO
283831,240423,"{'time': 1.6655642200293137, 'inv_time': 0.6003971434871482}",RELATED_TO
283831,240457,"{'time': 1.6655642200293137, 'inv_time': 0.6003971434871482}",RELATED_TO
283831,240659,"{'time': 1.6655642200293137, 'inv_time': 0.6003971434871482}",RELATED_TO
283831,240693,"{'time': 1.6655642200293137, 'inv_time': 0.6003971434871482}",RELATED_TO
283953,239927,"{'time': 1.6655642200293137, 'inv_time': 0.6003971434871482}",RELATED_TO
283953,239893,"{'time': 1.6655642200293137, 'inv_time': 0.6003971434871482}",RELATED_TO
283953,240433,"{'time': 1.6655642200293137, 'inv_time': 0.6003971434871482}",RELATED_TO
283953,240445,"{'time': 1.6655642200293137, 'inv_time': 0.6003971434871482}",RELATED_TO
283953,240423,"{'time': 1.6655642200293137, 'inv_time': 0.6003971434871482}",RELATED_TO
283953,240457,"{'time': 1.6655642200293137, 'inv_time': 0.6003971434871482}",RELATED_TO
283953,240659,"{'time': 1.6655642200293137, 'inv_time': 0.6003971434871482}",RELATED_TO
283953,240693,"{'time': 1.6655642200293137, 'inv_time': 0.6003971434871482}",RELATED_TO
239927,236734,"{'time': 2.3601903525000005, 'inv_time': 0.4236946392653301}",RELATED_TO
239927,236815,"{'time': 2.3601903525000005, 'inv_time': 0.4236946392653301}",RELATED_TO
239927,236794,"{'time': 2.3601903525000005, 'inv_time': 0.4236946392653301}",RELATED_TO
239927,236774,"{'time': 2.3601903525000005, 'inv_time': 0.4236946392653301}",RELATED_TO
239927,236835,"{'time': 2.3601903525000005, 'inv_time': 0.4236946392653301}",RELATED_TO
239927,236754,"{'time': 2.3601903525000005, 'inv_time': 0.4236946392653301}",RELATED_TO
239893,236734,"{'time': 2.3601903525000005, 'inv_time': 0.4236946392653301}",RELATED_TO
239893,236815,"{'time': 2.3601903525000005, 'inv_time': 0.4236946392653301}",RELATED_TO
239893,236794,"{'time': 2.3601903525000005, 'inv_time': 0.4236946392653301}",RELATED_TO
239893,236774,"{'time': 2.3601903525000005, 'inv_time': 0.4236946392653301}",RELATED_TO
239893,236835,"{'time': 2.3601903525000005, 'inv_time': 0.4236946392653301}",RELATED_TO
239893,236754,"{'time': 2.3601903525000005, 'inv_time': 0.4236946392653301}",RELATED_TO
240433,236734,"{'time': 2.3601903525000005, 'inv_time': 0.4236946392653301}",RELATED_TO
240433,236815,"{'time': 2.3601903525000005, 'inv_time': 0.4236946392653301}",RELATED_TO
240433,236794,"{'time': 2.3601903525000005, 'inv_time': 0.4236946392653301}",RELATED_TO
240433,236774,"{'time': 2.3601903525000005, 'inv_time': 0.4236946392653301}",RELATED_TO
240433,236835,"{'time': 2.3601903525000005, 'inv_time': 0.4236946392653301}",RELATED_TO
240433,236754,"{'time': 2.3601903525000005, 'inv_time': 0.4236946392653301}",RELATED_TO
240445,236734,"{'time': 2.3601903525000005, 'inv_time': 0.4236946392653301}",RELATED_TO
240445,236815,"{'time': 2.3601903525000005, 'inv_time': 0.4236946392653301}",RELATED_TO
240445,236794,"{'time': 2.3601903525000005, 'inv_time': 0.4236946392653301}",RELATED_TO
240445,236774,"{'time': 2.3601903525000005, 'inv_time': 0.4236946392653301}",RELATED_TO
240445,236835,"{'time': 2.3601903525000005, 'inv_time': 0.4236946392653301}",RELATED_TO
240445,236754,"{'time': 2.3601903525000005, 'inv_time': 0.4236946392653301}",RELATED_TO
240423,236734,"{'time': 2.3601903525000005, 'inv_time': 0.4236946392653301}",RELATED_TO
240423,236815,"{'time': 2.3601903525000005, 'inv_time': 0.4236946392653301}",RELATED_TO
240423,236794,"{'time': 2.3601903525000005, 'inv_time': 0.4236946392653301}",RELATED_TO
240423,236774,"{'time': 2.3601903525000005, 'inv_time': 0.4236946392653301}",RELATED_TO
240423,236835,"{'time': 2.3601903525000005, 'inv_time': 0.4236946392653301}",RELATED_TO
240423,236754,"{'time': 2.3601903525000005, 'inv_time': 0.4236946392653301}",RELATED_TO
240457,236734,"{'time': 2.3601903525000005, 'inv_time': 0.4236946392653301}",RELATED_TO
240457,236815,"{'time': 2.3601903525000005, 'inv_time': 0.4236946392653301}",RELATED_TO
240457,236794,"{'time': 2.3601903525000005, 'inv_time': 0.4236946392653301}",RELATED_TO
240457,236774,"{'time': 2.3601903525000005, 'inv_time': 0.4236946392653301}",RELATED_TO
240457,236835,"{'time': 2.3601903525000005, 'inv_time': 0.4236946392653301}",RELATED_TO
240457,236754,"{'time': 2.3601903525000005, 'inv_time': 0.4236946392653301}",RELATED_TO
240659,236734,"{'time': 2.3601903525000005, 'inv_time': 0.4236946392653301}",RELATED_TO
240659,236815,"{'time': 2.3601903525000005, 'inv_time': 0.4236946392653301}",RELATED_TO
240659,236794,"{'time': 2.3601903525000005, 'inv_time': 0.4236946392653301}",RELATED_TO
240659,236774,"{'time': 2.3601903525000005, 'inv_time': 0.4236946392653301}",RELATED_TO
240659,236835,"{'time': 2.3601903525000005, 'inv_time': 0.4236946392653301}",RELATED_TO
240659,236754,"{'time': 2.3601903525000005, 'inv_time': 0.4236946392653301}",RELATED_TO
240693,236734,"{'time': 2.3601903525000005, 'inv_time': 0.4236946392653301}",RELATED_TO
240693,236815,"{'time': 2.3601903525000005, 'inv_time': 0.4236946392653301}",RELATED_TO
240693,236794,"{'time': 2.3601903525000005, 'inv_time': 0.4236946392653301}",RELATED_TO
240693,236774,"{'time': 2.3601903525000005, 'inv_time': 0.4236946392653301}",RELATED_TO
240693,236835,"{'time': 2.3601903525000005, 'inv_time': 0.4236946392653301}",RELATED_TO
240693,236754,"{'time': 2.3601903525000005, 'inv_time': 0.4236946392653301}",RELATED_TO
236734,284576,"{'time': 9.682559999999999, 'inv_time': 0.10327847180910835}",RELATED_TO
236734,284798,"{'time': 4.841279999999999, 'inv_time': 0.2065569436182167}",RELATED_TO
236734,284981,"{'time': 9.682559999999999, 'inv_time': 0.10327847180910835}",RELATED_TO
236734,285013,"{'time': 4.841279999999999, 'inv_time': 0.2065569436182167}",RELATED_TO
236734,285399,"{'time': 4.841279999999999, 'inv_time': 0.2065569436182167}",RELATED_TO
236734,285831,"{'time': 4.841279999999999, 'inv_time': 0.2065569436182167}",RELATED_TO
236734,285805,"{'time': 4.841279999999999, 'inv_time': 0.2065569436182167}",RELATED_TO
236734,285861,"{'time': 19.365119999999997, 'inv_time': 0.05163923590455417}",RELATED_TO
236734,286425,"{'time': 4.841279999999999, 'inv_time': 0.2065569436182167}",RELATED_TO
236734,286451,"{'time': 4.841279999999999, 'inv_time': 0.2065569436182167}",RELATED_TO
236734,286782,"{'time': 4.841279999999999, 'inv_time': 0.2065569436182167}",RELATED_TO
236734,286851,"{'time': 4.841279999999999, 'inv_time': 0.2065569436182167}",RELATED_TO
236734,286873,"{'time': 4.841279999999999, 'inv_time': 0.2065569436182167}",RELATED_TO
236734,286986,"{'time': 9.682559999999999, 'inv_time': 0.10327847180910835}",RELATED_TO
236734,286919,"{'time': 9.682559999999999, 'inv_time': 0.10327847180910835}",RELATED_TO
236734,287011,"{'time': 4.841279999999999, 'inv_time': 0.2065569436182167}",RELATED_TO
236734,286941,"{'time': 4.841279999999999, 'inv_time': 0.2065569436182167}",RELATED_TO
236815,284576,"{'time': 9.682559999999999, 'inv_time': 0.10327847180910835}",RELATED_TO
236815,284798,"{'time': 4.841279999999999, 'inv_time': 0.2065569436182167}",RELATED_TO
236815,284981,"{'time': 9.682559999999999, 'inv_time': 0.10327847180910835}",RELATED_TO
236815,285013,"{'time': 4.841279999999999, 'inv_time': 0.2065569436182167}",RELATED_TO
236815,285399,"{'time': 4.841279999999999, 'inv_time': 0.2065569436182167}",RELATED_TO
236815,285831,"{'time': 4.841279999999999, 'inv_time': 0.2065569436182167}",RELATED_TO
236815,285805,"{'time': 4.841279999999999, 'inv_time': 0.2065569436182167}",RELATED_TO
236815,285861,"{'time': 19.365119999999997, 'inv_time': 0.05163923590455417}",RELATED_TO
236815,286425,"{'time': 4.841279999999999, 'inv_time': 0.2065569436182167}",RELATED_TO
236815,286451,"{'time': 4.841279999999999, 'inv_time': 0.2065569436182167}",RELATED_TO
236815,286782,"{'time': 4.841279999999999, 'inv_time': 0.2065569436182167}",RELATED_TO
236815,286851,"{'time': 4.841279999999999, 'inv_time': 0.2065569436182167}",RELATED_TO
236815,286873,"{'time': 4.841279999999999, 'inv_time': 0.2065569436182167}",RELATED_TO
236815,286986,"{'time': 9.682559999999999, 'inv_time': 0.10327847180910835}",RELATED_TO
236815,286919,"{'time': 9.682559999999999, 'inv_time': 0.10327847180910835}",RELATED_TO
236815,287011,"{'time': 4.841279999999999, 'inv_time': 0.2065569436182167}",RELATED_TO
236815,286941,"{'time': 4.841279999999999, 'inv_time': 0.2065569436182167}",RELATED_TO
236794,284576,"{'time': 9.682559999999999, 'inv_time': 0.10327847180910835}",RELATED_TO
236794,284798,"{'time': 4.841279999999999, 'inv_time': 0.2065569436182167}",RELATED_TO
236794,284981,"{'time': 9.682559999999999, 'inv_time': 0.10327847180910835}",RELATED_TO
236794,285013,"{'time': 4.841279999999999, 'inv_time': 0.2065569436182167}",RELATED_TO
236794,285399,"{'time': 4.841279999999999, 'inv_time': 0.2065569436182167}",RELATED_TO
236794,285831,"{'time': 4.841279999999999, 'inv_time': 0.2065569436182167}",RELATED_TO
236794,285805,"{'time': 4.841279999999999, 'inv_time': 0.2065569436182167}",RELATED_TO
236794,285861,"{'time': 19.365119999999997, 'inv_time': 0.05163923590455417}",RELATED_TO
236794,286425,"{'time': 4.841279999999999, 'inv_time': 0.2065569436182167}",RELATED_TO
236794,286451,"{'time': 4.841279999999999, 'inv_time': 0.2065569436182167}",RELATED_TO
236794,286782,"{'time': 4.841279999999999, 'inv_time': 0.2065569436182167}",RELATED_TO
236794,286851,"{'time': 4.841279999999999, 'inv_time': 0.2065569436182167}",RELATED_TO
236794,286873,"{'time': 4.841279999999999, 'inv_time': 0.2065569436182167}",RELATED_TO
236794,286986,"{'time': 9.682559999999999, 'inv_time': 0.10327847180910835}",RELATED_TO
236794,286919,"{'time': 9.682559999999999, 'inv_time': 0.10327847180910835}",RELATED_TO
236794,287011,"{'time': 4.841279999999999, 'inv_time': 0.2065569436182167}",RELATED_TO
236794,286941,"{'time': 4.841279999999999, 'inv_time': 0.2065569436182167}",RELATED_TO
236774,284576,"{'time': 9.682559999999999, 'inv_time': 0.10327847180910835}",RELATED_TO
236774,284798,"{'time': 4.841279999999999, 'inv_time': 0.2065569436182167}",RELATED_TO
236774,284981,"{'time': 9.682559999999999, 'inv_time': 0.10327847180910835}",RELATED_TO
236774,285013,"{'time': 4.841279999999999, 'inv_time': 0.2065569436182167}",RELATED_TO
236774,285399,"{'time': 4.841279999999999, 'inv_time': 0.2065569436182167}",RELATED_TO
236774,285831,"{'time': 4.841279999999999, 'inv_time': 0.2065569436182167}",RELATED_TO
236774,285805,"{'time': 4.841279999999999, 'inv_time': 0.2065569436182167}",RELATED_TO
236774,285861,"{'time': 19.365119999999997, 'inv_time': 0.05163923590455417}",RELATED_TO
236774,286425,"{'time': 4.841279999999999, 'inv_time': 0.2065569436182167}",RELATED_TO
236774,286451,"{'time': 4.841279999999999, 'inv_time': 0.2065569436182167}",RELATED_TO
236774,286782,"{'time': 4.841279999999999, 'inv_time': 0.2065569436182167}",RELATED_TO
236774,286851,"{'time': 4.841279999999999, 'inv_time': 0.2065569436182167}",RELATED_TO
236774,286873,"{'time': 4.841279999999999, 'inv_time': 0.2065569436182167}",RELATED_TO
236774,286986,"{'time': 9.682559999999999, 'inv_time': 0.10327847180910835}",RELATED_TO
236774,286919,"{'time': 9.682559999999999, 'inv_time': 0.10327847180910835}",RELATED_TO
236774,287011,"{'time': 4.841279999999999, 'inv_time': 0.2065569436182167}",RELATED_TO
236774,286941,"{'time': 4.841279999999999, 'inv_time': 0.2065569436182167}",RELATED_TO
236835,284576,"{'time': 9.682559999999999, 'inv_time': 0.10327847180910835}",RELATED_TO
236835,284798,"{'time': 4.841279999999999, 'inv_time': 0.2065569436182167}",RELATED_TO
236835,284981,"{'time': 9.682559999999999, 'inv_time': 0.10327847180910835}",RELATED_TO
236835,285013,"{'time': 4.841279999999999, 'inv_time': 0.2065569436182167}",RELATED_TO
236835,285399,"{'time': 4.841279999999999, 'inv_time': 0.2065569436182167}",RELATED_TO
236835,285831,"{'time': 4.841279999999999, 'inv_time': 0.2065569436182167}",RELATED_TO
236835,285805,"{'time': 4.841279999999999, 'inv_time': 0.2065569436182167}",RELATED_TO
236835,285861,"{'time': 19.365119999999997, 'inv_time': 0.05163923590455417}",RELATED_TO
236835,286425,"{'time': 4.841279999999999, 'inv_time': 0.2065569436182167}",RELATED_TO
236835,286451,"{'time': 4.841279999999999, 'inv_time': 0.2065569436182167}",RELATED_TO
236835,286782,"{'time': 4.841279999999999, 'inv_time': 0.2065569436182167}",RELATED_TO
236835,286851,"{'time': 4.841279999999999, 'inv_time': 0.2065569436182167}",RELATED_TO
236835,286873,"{'time': 4.841279999999999, 'inv_time': 0.2065569436182167}",RELATED_TO
236835,286986,"{'time': 9.682559999999999, 'inv_time': 0.10327847180910835}",RELATED_TO
236835,286919,"{'time': 9.682559999999999, 'inv_time': 0.10327847180910835}",RELATED_TO
236835,287011,"{'time': 4.841279999999999, 'inv_time': 0.2065569436182167}",RELATED_TO
236835,286941,"{'time': 4.841279999999999, 'inv_time': 0.2065569436182167}",RELATED_TO
236754,284576,"{'time': 9.682559999999999, 'inv_time': 0.10327847180910835}",RELATED_TO
236754,284798,"{'time': 4.841279999999999, 'inv_time': 0.2065569436182167}",RELATED_TO
236754,284981,"{'time': 9.682559999999999, 'inv_time': 0.10327847180910835}",RELATED_TO
236754,285013,"{'time': 4.841279999999999, 'inv_time': 0.2065569436182167}",RELATED_TO
236754,285399,"{'time': 4.841279999999999, 'inv_time': 0.2065569436182167}",RELATED_TO
236754,285831,"{'time': 4.841279999999999, 'inv_time': 0.2065569436182167}",RELATED_TO
236754,285805,"{'time': 4.841279999999999, 'inv_time': 0.2065569436182167}",RELATED_TO
236754,285861,"{'time': 19.365119999999997, 'inv_time': 0.05163923590455417}",RELATED_TO
236754,286425,"{'time': 4.841279999999999, 'inv_time': 0.2065569436182167}",RELATED_TO
236754,286451,"{'time': 4.841279999999999, 'inv_time': 0.2065569436182167}",RELATED_TO
236754,286782,"{'time': 4.841279999999999, 'inv_time': 0.2065569436182167}",RELATED_TO
236754,286851,"{'time': 4.841279999999999, 'inv_time': 0.2065569436182167}",RELATED_TO
236754,286873,"{'time': 4.841279999999999, 'inv_time': 0.2065569436182167}",RELATED_TO
236754,286986,"{'time': 9.682559999999999, 'inv_time': 0.10327847180910835}",RELATED_TO
236754,286919,"{'time': 9.682559999999999, 'inv_time': 0.10327847180910835}",RELATED_TO
236754,287011,"{'time': 4.841279999999999, 'inv_time': 0.2065569436182167}",RELATED_TO
236754,286941,"{'time': 4.841279999999999, 'inv_time': 0.2065569436182167}",RELATED_TO
284576,240715,"{'time': 1.6655642200293137, 'inv_time': 0.6003971434871482}",RELATED_TO
284576,240749,"{'time': 1.6655642200293137, 'inv_time': 0.6003971434871482}",RELATED_TO
284576,241097,"{'time': 1.6655642200293137, 'inv_time': 0.6003971434871482}",RELATED_TO
284576,241087,"{'time': 1.6655642200293137, 'inv_time': 0.6003971434871482}",RELATED_TO
284576,241121,"{'time': 1.6655642200293137, 'inv_time': 0.6003971434871482}",RELATED_TO
284576,241131,"{'time': 1.6655642200293137, 'inv_time': 0.6003971434871482}",RELATED_TO
284576,241255,"{'time': 1.6655642200293137, 'inv_time': 0.6003971434871482}",RELATED_TO
284576,241109,"{'time': 1.6655642200293137, 'inv_time': 0.6003971434871482}",RELATED_TO
284798,240715,"{'time': 1.6655642200293137, 'inv_time': 0.6003971434871482}",RELATED_TO
284798,240749,"{'time': 1.6655642200293137, 'inv_time': 0.6003971434871482}",RELATED_TO
284798,241097,"{'time': 1.6655642200293137, 'inv_time': 0.6003971434871482}",RELATED_TO
284798,241087,"{'time': 1.6655642200293137, 'inv_time': 0.6003971434871482}",RELATED_TO
284798,241121,"{'time': 1.6655642200293137, 'inv_time': 0.6003971434871482}",RELATED_TO
284798,241131,"{'time': 1.6655642200293137, 'inv_time': 0.6003971434871482}",RELATED_TO
284798,241255,"{'time': 1.6655642200293137, 'inv_time': 0.6003971434871482}",RELATED_TO
284798,241109,"{'time': 1.6655642200293137, 'inv_time': 0.6003971434871482}",RELATED_TO
284981,240715,"{'time': 1.6655642200293137, 'inv_time': 0.6003971434871482}",RELATED_TO
284981,240749,"{'time': 1.6655642200293137, 'inv_time': 0.6003971434871482}",RELATED_TO
284981,241097,"{'time': 1.6655642200293137, 'inv_time': 0.6003971434871482}",RELATED_TO
284981,241087,"{'time': 1.6655642200293137, 'inv_time': 0.6003971434871482}",RELATED_TO
284981,241121,"{'time': 1.6655642200293137, 'inv_time': 0.6003971434871482}",RELATED_TO
284981,241131,"{'time': 1.6655642200293137, 'inv_time': 0.6003971434871482}",RELATED_TO
284981,241255,"{'time': 1.6655642200293137, 'inv_time': 0.6003971434871482}",RELATED_TO
284981,241109,"{'time': 1.6655642200293137, 'inv_time': 0.6003971434871482}",RELATED_TO
285013,240715,"{'time': 1.6655642200293137, 'inv_time': 0.6003971434871482}",RELATED_TO
285013,240749,"{'time': 1.6655642200293137, 'inv_time': 0.6003971434871482}",RELATED_TO
285013,241097,"{'time': 1.6655642200293137, 'inv_time': 0.6003971434871482}",RELATED_TO
285013,241087,"{'time': 1.6655642200293137, 'inv_time': 0.6003971434871482}",RELATED_TO
285013,241121,"{'time': 1.6655642200293137, 'inv_time': 0.6003971434871482}",RELATED_TO
285013,241131,"{'time': 1.6655642200293137, 'inv_time': 0.6003971434871482}",RELATED_TO
285013,241255,"{'time': 1.6655642200293137, 'inv_time': 0.6003971434871482}",RELATED_TO
285013,241109,"{'time': 1.6655642200293137, 'inv_time': 0.6003971434871482}",RELATED_TO
285399,240715,"{'time': 1.6655642200293137, 'inv_time': 0.6003971434871482}",RELATED_TO
285399,240749,"{'time': 1.6655642200293137, 'inv_time': 0.6003971434871482}",RELATED_TO
285399,241097,"{'time': 1.6655642200293137, 'inv_time': 0.6003971434871482}",RELATED_TO
285399,241087,"{'time': 1.6655642200293137, 'inv_time': 0.6003971434871482}",RELATED_TO
285399,241121,"{'time': 1.6655642200293137, 'inv_time': 0.6003971434871482}",RELATED_TO
285399,241131,"{'time': 1.6655642200293137, 'inv_time': 0.6003971434871482}",RELATED_TO
285399,241255,"{'time': 1.6655642200293137, 'inv_time': 0.6003971434871482}",RELATED_TO
285399,241109,"{'time': 1.6655642200293137, 'inv_time': 0.6003971434871482}",RELATED_TO
285831,240715,"{'time': 1.6655642200293137, 'inv_time': 0.6003971434871482}",RELATED_TO
285831,240749,"{'time': 1.6655642200293137, 'inv_time': 0.6003971434871482}",RELATED_TO
285831,241097,"{'time': 1.6655642200293137, 'inv_time': 0.6003971434871482}",RELATED_TO
285831,241087,"{'time': 1.6655642200293137, 'inv_time': 0.6003971434871482}",RELATED_TO
285831,241121,"{'time': 1.6655642200293137, 'inv_time': 0.6003971434871482}",RELATED_TO
285831,241131,"{'time': 1.6655642200293137, 'inv_time': 0.6003971434871482}",RELATED_TO
285831,241255,"{'time': 1.6655642200293137, 'inv_time': 0.6003971434871482}",RELATED_TO
285831,241109,"{'time': 1.6655642200293137, 'inv_time': 0.6003971434871482}",RELATED_TO
285805,240715,"{'time': 1.6655642200293137, 'inv_time': 0.6003971434871482}",RELATED_TO
285805,240749,"{'time': 1.6655642200293137, 'inv_time': 0.6003971434871482}",RELATED_TO
285805,241097,"{'time': 1.6655642200293137, 'inv_time': 0.6003971434871482}",RELATED_TO
285805,241087,"{'time': 1.6655642200293137, 'inv_time': 0.6003971434871482}",RELATED_TO
285805,241121,"{'time': 1.6655642200293137, 'inv_time': 0.6003971434871482}",RELATED_TO
285805,241131,"{'time': 1.6655642200293137, 'inv_time': 0.6003971434871482}",RELATED_TO
285805,241255,"{'time': 1.6655642200293137, 'inv_time': 0.6003971434871482}",RELATED_TO
285805,241109,"{'time': 1.6655642200293137, 'inv_time': 0.6003971434871482}",RELATED_TO
285861,240715,"{'time': 1.6655642200293137, 'inv_time': 0.6003971434871482}",RELATED_TO
285861,240749,"{'time': 1.6655642200293137, 'inv_time': 0.6003971434871482}",RELATED_TO
285861,241097,"{'time': 1.6655642200293137, 'inv_time': 0.6003971434871482}",RELATED_TO
285861,241087,"{'time': 1.6655642200293137, 'inv_time': 0.6003971434871482}",RELATED_TO
285861,241121,"{'time': 1.6655642200293137, 'inv_time': 0.6003971434871482}",RELATED_TO
285861,241131,"{'time': 1.6655642200293137, 'inv_time': 0.6003971434871482}",RELATED_TO
285861,241255,"{'time': 1.6655642200293137, 'inv_time': 0.6003971434871482}",RELATED_TO
285861,241109,"{'time': 1.6655642200293137, 'inv_time': 0.6003971434871482}",RELATED_TO
286425,240715,"{'time': 1.6655642200293137, 'inv_time': 0.6003971434871482}",RELATED_TO
286425,240749,"{'time': 1.6655642200293137, 'inv_time': 0.6003971434871482}",RELATED_TO
286425,241097,"{'time': 1.6655642200293137, 'inv_time': 0.6003971434871482}",RELATED_TO
286425,241087,"{'time': 1.6655642200293137, 'inv_time': 0.6003971434871482}",RELATED_TO
286425,241121,"{'time': 1.6655642200293137, 'inv_time': 0.6003971434871482}",RELATED_TO
286425,241131,"{'time': 1.6655642200293137, 'inv_time': 0.6003971434871482}",RELATED_TO
286425,241255,"{'time': 1.6655642200293137, 'inv_time': 0.6003971434871482}",RELATED_TO
286425,241109,"{'time': 1.6655642200293137, 'inv_time': 0.6003971434871482}",RELATED_TO
286451,240715,"{'time': 1.6655642200293137, 'inv_time': 0.6003971434871482}",RELATED_TO
286451,240749,"{'time': 1.6655642200293137, 'inv_time': 0.6003971434871482}",RELATED_TO
286451,241097,"{'time': 1.6655642200293137, 'inv_time': 0.6003971434871482}",RELATED_TO
286451,241087,"{'time': 1.6655642200293137, 'inv_time': 0.6003971434871482}",RELATED_TO
286451,241121,"{'time': 1.6655642200293137, 'inv_time': 0.6003971434871482}",RELATED_TO
286451,241131,"{'time': 1.6655642200293137, 'inv_time': 0.6003971434871482}",RELATED_TO
286451,241255,"{'time': 1.6655642200293137, 'inv_time': 0.6003971434871482}",RELATED_TO
286451,241109,"{'time': 1.6655642200293137, 'inv_time': 0.6003971434871482}",RELATED_TO
286782,240715,"{'time': 1.6655642200293137, 'inv_time': 0.6003971434871482}",RELATED_TO
286782,240749,"{'time': 1.6655642200293137, 'inv_time': 0.6003971434871482}",RELATED_TO
286782,241097,"{'time': 1.6655642200293137, 'inv_time': 0.6003971434871482}",RELATED_TO
286782,241087,"{'time': 1.6655642200293137, 'inv_time': 0.6003971434871482}",RELATED_TO
286782,241121,"{'time': 1.6655642200293137, 'inv_time': 0.6003971434871482}",RELATED_TO
286782,241131,"{'time': 1.6655642200293137, 'inv_time': 0.6003971434871482}",RELATED_TO
286782,241255,"{'time': 1.6655642200293137, 'inv_time': 0.6003971434871482}",RELATED_TO
286782,241109,"{'time': 1.6655642200293137, 'inv_time': 0.6003971434871482}",RELATED_TO
286851,240715,"{'time': 1.6655642200293137, 'inv_time': 0.6003971434871482}",RELATED_TO
286851,240749,"{'time': 1.6655642200293137, 'inv_time': 0.6003971434871482}",RELATED_TO
286851,241097,"{'time': 1.6655642200293137, 'inv_time': 0.6003971434871482}",RELATED_TO
286851,241087,"{'time': 1.6655642200293137, 'inv_time': 0.6003971434871482}",RELATED_TO
286851,241121,"{'time': 1.6655642200293137, 'inv_time': 0.6003971434871482}",RELATED_TO
286851,241131,"{'time': 1.6655642200293137, 'inv_time': 0.6003971434871482}",RELATED_TO
286851,241255,"{'time': 1.6655642200293137, 'inv_time': 0.6003971434871482}",RELATED_TO
286851,241109,"{'time': 1.6655642200293137, 'inv_time': 0.6003971434871482}",RELATED_TO
286873,240715,"{'time': 1.6655642200293137, 'inv_time': 0.6003971434871482}",RELATED_TO
286873,240749,"{'time': 1.6655642200293137, 'inv_time': 0.6003971434871482}",RELATED_TO
286873,241097,"{'time': 1.6655642200293137, 'inv_time': 0.6003971434871482}",RELATED_TO
286873,241087,"{'time': 1.6655642200293137, 'inv_time': 0.6003971434871482}",RELATED_TO
286873,241121,"{'time': 1.6655642200293137, 'inv_time': 0.6003971434871482}",RELATED_TO
286873,241131,"{'time': 1.6655642200293137, 'inv_time': 0.6003971434871482}",RELATED_TO
286873,241255,"{'time': 1.6655642200293137, 'inv_time': 0.6003971434871482}",RELATED_TO
286873,241109,"{'time': 1.6655642200293137, 'inv_time': 0.6003971434871482}",RELATED_TO
286986,240715,"{'time': 1.6655642200293137, 'inv_time': 0.6003971434871482}",RELATED_TO
286986,240749,"{'time': 1.6655642200293137, 'inv_time': 0.6003971434871482}",RELATED_TO
286986,241097,"{'time': 1.6655642200293137, 'inv_time': 0.6003971434871482}",RELATED_TO
286986,241087,"{'time': 1.6655642200293137, 'inv_time': 0.6003971434871482}",RELATED_TO
286986,241121,"{'time': 1.6655642200293137, 'inv_time': 0.6003971434871482}",RELATED_TO
286986,241131,"{'time': 1.6655642200293137, 'inv_time': 0.6003971434871482}",RELATED_TO
286986,241255,"{'time': 1.6655642200293137, 'inv_time': 0.6003971434871482}",RELATED_TO
286986,241109,"{'time': 1.6655642200293137, 'inv_time': 0.6003971434871482}",RELATED_TO
286919,240715,"{'time': 1.6655642200293137, 'inv_time': 0.6003971434871482}",RELATED_TO
286919,240749,"{'time': 1.6655642200293137, 'inv_time': 0.6003971434871482}",RELATED_TO
286919,241097,"{'time': 1.6655642200293137, 'inv_time': 0.6003971434871482}",RELATED_TO
286919,241087,"{'time': 1.6655642200293137, 'inv_time': 0.6003971434871482}",RELATED_TO
286919,241121,"{'time': 1.6655642200293137, 'inv_time': 0.6003971434871482}",RELATED_TO
286919,241131,"{'time': 1.6655642200293137, 'inv_time': 0.6003971434871482}",RELATED_TO
286919,241255,"{'time': 1.6655642200293137, 'inv_time': 0.6003971434871482}",RELATED_TO
286919,241109,"{'time': 1.6655642200293137, 'inv_time': 0.6003971434871482}",RELATED_TO
287011,240715,"{'time': 1.6655642200293137, 'inv_time': 0.6003971434871482}",RELATED_TO
287011,240749,"{'time': 1.6655642200293137, 'inv_time': 0.6003971434871482}",RELATED_TO
287011,241097,"{'time': 1.6655642200293137, 'inv_time': 0.6003971434871482}",RELATED_TO
287011,241087,"{'time': 1.6655642200293137, 'inv_time': 0.6003971434871482}",RELATED_TO
287011,241121,"{'time': 1.6655642200293137, 'inv_time': 0.6003971434871482}",RELATED_TO
287011,241131,"{'time': 1.6655642200293137, 'inv_time': 0.6003971434871482}",RELATED_TO
287011,241255,"{'time': 1.6655642200293137, 'inv_time': 0.6003971434871482}",RELATED_TO
287011,241109,"{'time': 1.6655642200293137, 'inv_time': 0.6003971434871482}",RELATED_TO
286941,240715,"{'time': 1.6655642200293137, 'inv_time': 0.6003971434871482}",RELATED_TO
286941,240749,"{'time': 1.6655642200293137, 'inv_time': 0.6003971434871482}",RELATED_TO
286941,241097,"{'time': 1.6655642200293137, 'inv_time': 0.6003971434871482}",RELATED_TO
286941,241087,"{'time': 1.6655642200293137, 'inv_time': 0.6003971434871482}",RELATED_TO
286941,241121,"{'time': 1.6655642200293137, 'inv_time': 0.6003971434871482}",RELATED_TO
286941,241131,"{'time': 1.6655642200293137, 'inv_time': 0.6003971434871482}",RELATED_TO
286941,241255,"{'time': 1.6655642200293137, 'inv_time': 0.6003971434871482}",RELATED_TO
286941,241109,"{'time': 1.6655642200293137, 'inv_time': 0.6003971434871482}",RELATED_TO
240715,237139,"{'time': 2.3601903525000005, 'inv_time': 0.4236946392653301}",RELATED_TO
240715,237179,"{'time': 2.3601903525000005, 'inv_time': 0.4236946392653301}",RELATED_TO
240715,237098,"{'time': 2.3601903525000005, 'inv_time': 0.4236946392653301}",RELATED_TO
240715,237159,"{'time': 2.3601903525000005, 'inv_time': 0.4236946392653301}",RELATED_TO
240715,237118,"{'time': 2.3601903525000005, 'inv_time': 0.4236946392653301}",RELATED_TO
240715,237200,"{'time': 2.3601903525000005, 'inv_time': 0.4236946392653301}",RELATED_TO
240749,237139,"{'time': 2.3601903525000005, 'inv_time': 0.4236946392653301}",RELATED_TO
240749,237179,"{'time': 2.3601903525000005, 'inv_time': 0.4236946392653301}",RELATED_TO
240749,237098,"{'time': 2.3601903525000005, 'inv_time': 0.4236946392653301}",RELATED_TO
240749,237159,"{'time': 2.3601903525000005, 'inv_time': 0.4236946392653301}",RELATED_TO
240749,237118,"{'time': 2.3601903525000005, 'inv_time': 0.4236946392653301}",RELATED_TO
240749,237200,"{'time': 2.3601903525000005, 'inv_time': 0.4236946392653301}",RELATED_TO
241097,237139,"{'time': 2.3601903525000005, 'inv_time': 0.4236946392653301}",RELATED_TO
241097,237179,"{'time': 2.3601903525000005, 'inv_time': 0.4236946392653301}",RELATED_TO
241097,237098,"{'time': 2.3601903525000005, 'inv_time': 0.4236946392653301}",RELATED_TO
241097,237159,"{'time': 2.3601903525000005, 'inv_time': 0.4236946392653301}",RELATED_TO
241097,237118,"{'time': 2.3601903525000005, 'inv_time': 0.4236946392653301}",RELATED_TO
241097,237200,"{'time': 2.3601903525000005, 'inv_time': 0.4236946392653301}",RELATED_TO
241087,237139,"{'time': 2.3601903525000005, 'inv_time': 0.4236946392653301}",RELATED_TO
241087,237179,"{'time': 2.3601903525000005, 'inv_time': 0.4236946392653301}",RELATED_TO
241087,237098,"{'time': 2.3601903525000005, 'inv_time': 0.4236946392653301}",RELATED_TO
241087,237159,"{'time': 2.3601903525000005, 'inv_time': 0.4236946392653301}",RELATED_TO
241087,237118,"{'time': 2.3601903525000005, 'inv_time': 0.4236946392653301}",RELATED_TO
241087,237200,"{'time': 2.3601903525000005, 'inv_time': 0.4236946392653301}",RELATED_TO
241121,237139,"{'time': 2.3601903525000005, 'inv_time': 0.4236946392653301}",RELATED_TO
241121,237179,"{'time': 2.3601903525000005, 'inv_time': 0.4236946392653301}",RELATED_TO
241121,237098,"{'time': 2.3601903525000005, 'inv_time': 0.4236946392653301}",RELATED_TO
241121,237159,"{'time': 2.3601903525000005, 'inv_time': 0.4236946392653301}",RELATED_TO
241121,237118,"{'time': 2.3601903525000005, 'inv_time': 0.4236946392653301}",RELATED_TO
241121,237200,"{'time': 2.3601903525000005, 'inv_time': 0.4236946392653301}",RELATED_TO
241131,237139,"{'time': 2.3601903525000005, 'inv_time': 0.4236946392653301}",RELATED_TO
241131,237179,"{'time': 2.3601903525000005, 'inv_time': 0.4236946392653301}",RELATED_TO
241131,237098,"{'time': 2.3601903525000005, 'inv_time': 0.4236946392653301}",RELATED_TO
241131,237159,"{'time': 2.3601903525000005, 'inv_time': 0.4236946392653301}",RELATED_TO
241131,237118,"{'time': 2.3601903525000005, 'inv_time': 0.4236946392653301}",RELATED_TO
241131,237200,"{'time': 2.3601903525000005, 'inv_time': 0.4236946392653301}",RELATED_TO
241255,237139,"{'time': 2.3601903525000005, 'inv_time': 0.4236946392653301}",RELATED_TO
241255,237179,"{'time': 2.3601903525000005, 'inv_time': 0.4236946392653301}",RELATED_TO
241255,237098,"{'time': 2.3601903525000005, 'inv_time': 0.4236946392653301}",RELATED_TO
241255,237159,"{'time': 2.3601903525000005, 'inv_time': 0.4236946392653301}",RELATED_TO
241255,237118,"{'time': 2.3601903525000005, 'inv_time': 0.4236946392653301}",RELATED_TO
241255,237200,"{'time': 2.3601903525000005, 'inv_time': 0.4236946392653301}",RELATED_TO
241109,237139,"{'time': 2.3601903525000005, 'inv_time': 0.4236946392653301}",RELATED_TO
241109,237179,"{'time': 2.3601903525000005, 'inv_time': 0.4236946392653301}",RELATED_TO
241109,237098,"{'time': 2.3601903525000005, 'inv_time': 0.4236946392653301}",RELATED_TO
241109,237159,"{'time': 2.3601903525000005, 'inv_time': 0.4236946392653301}",RELATED_TO
241109,237118,"{'time': 2.3601903525000005, 'inv_time': 0.4236946392653301}",RELATED_TO
241109,237200,"{'time': 2.3601903525000005, 'inv_time': 0.4236946392653301}",RELATED_TO
237139,288675,"{'time': 14.52384, 'inv_time': 0.06885231453940556}",RELATED_TO
237139,288801,"{'time': 9.682559999999999, 'inv_time': 0.10327847180910835}",RELATED_TO
237179,288675,"{'time': 14.52384, 'inv_time': 0.06885231453940556}",RELATED_TO
237179,288801,"{'time': 9.682559999999999, 'inv_time': 0.10327847180910835}",RELATED_TO
237098,288675,"{'time': 14.52384, 'inv_time': 0.06885231453940556}",RELATED_TO
237098,288801,"{'time': 9.682559999999999, 'inv_time': 0.10327847180910835}",RELATED_TO
237159,288675,"{'time': 14.52384, 'inv_time': 0.06885231453940556}",RELATED_TO
237159,288801,"{'time': 9.682559999999999, 'inv_time': 0.10327847180910835}",RELATED_TO
237118,288675,"{'time': 14.52384, 'inv_time': 0.06885231453940556}",RELATED_TO
237118,288801,"{'time': 9.682559999999999, 'inv_time': 0.10327847180910835}",RELATED_TO
237200,288675,"{'time': 14.52384, 'inv_time': 0.06885231453940556}",RELATED_TO
237200,288801,"{'time': 9.682559999999999, 'inv_time': 0.10327847180910835}",RELATED_TO
288675,242053,"{'time': 1.6655642200293137, 'inv_time': 0.6003971434871482}",RELATED_TO
288675,242065,"{'time': 1.6655642200293137, 'inv_time': 0.6003971434871482}",RELATED_TO
288801,242053,"{'time': 1.6655642200293137, 'inv_time': 0.6003971434871482}",RELATED_TO
288801,242065,"{'time': 1.6655642200293137, 'inv_time': 0.6003971434871482}",RELATED_TO
242053,237017,"{'time': 2.3601903525000005, 'inv_time': 0.4236946392653301}",RELATED_TO
242053,236977,"{'time': 2.3601903525000005, 'inv_time': 0.4236946392653301}",RELATED_TO
242053,237058,"{'time': 2.3601903525000005, 'inv_time': 0.4236946392653301}",RELATED_TO
242053,237078,"{'time': 2.3601903525000005, 'inv_time': 0.4236946392653301}",RELATED_TO
242053,236997,"{'time': 2.3601903525000005, 'inv_time': 0.4236946392653301}",RELATED_TO
242053,237038,"{'time': 2.3601903525000005, 'inv_time': 0.4236946392653301}",RELATED_TO
242065,237017,"{'time': 2.3601903525000005, 'inv_time': 0.4236946392653301}",RELATED_TO
242065,236977,"{'time': 2.3601903525000005, 'inv_time': 0.4236946392653301}",RELATED_TO
242065,237058,"{'time': 2.3601903525000005, 'inv_time': 0.4236946392653301}",RELATED_TO
242065,237078,"{'time': 2.3601903525000005, 'inv_time': 0.4236946392653301}",RELATED_TO
242065,236997,"{'time': 2.3601903525000005, 'inv_time': 0.4236946392653301}",RELATED_TO
242065,237038,"{'time': 2.3601903525000005, 'inv_time': 0.4236946392653301}",RELATED_TO
237017,288477,"{'time': 9.682559999999999, 'inv_time': 0.10327847180910835}",RELATED_TO
237017,288531,"{'time': 4.841279999999999, 'inv_time': 0.2065569436182167}",RELATED_TO
237017,288549,"{'time': 14.52384, 'inv_time': 0.06885231453940556}",RELATED_TO
236977,288477,"{'time': 9.682559999999999, 'inv_time': 0.10327847180910835}",RELATED_TO
236977,288531,"{'time': 4.841279999999999, 'inv_time': 0.2065569436182167}",RELATED_TO
236977,288549,"{'time': 14.52384, 'inv_time': 0.06885231453940556}",RELATED_TO
237058,288477,"{'time': 9.682559999999999, 'inv_time': 0.10327847180910835}",RELATED_TO
237058,288531,"{'time': 4.841279999999999, 'inv_time': 0.2065569436182167}",RELATED_TO
237058,288549,"{'time': 14.52384, 'inv_time': 0.06885231453940556}",RELATED_TO
237078,288477,"{'time': 9.682559999999999, 'inv_time': 0.10327847180910835}",RELATED_TO
237078,288531,"{'time': 4.841279999999999, 'inv_time': 0.2065569436182167}",RELATED_TO
237078,288549,"{'time': 14.52384, 'inv_time': 0.06885231453940556}",RELATED_TO
236997,288477,"{'time': 9.682559999999999, 'inv_time': 0.10327847180910835}",RELATED_TO
236997,288531,"{'time': 4.841279999999999, 'inv_time': 0.2065569436182167}",RELATED_TO
236997,288549,"{'time': 14.52384, 'inv_time': 0.06885231453940556}",RELATED_TO
237038,288477,"{'time': 9.682559999999999, 'inv_time': 0.10327847180910835}",RELATED_TO
237038,288531,"{'time': 4.841279999999999, 'inv_time': 0.2065569436182167}",RELATED_TO
237038,288549,"{'time': 14.52384, 'inv_time': 0.06885231453940556}",RELATED_TO
288477,241671,"{'time': 1.6655642200293137, 'inv_time': 0.6003971434871482}",RELATED_TO
288477,241683,"{'time': 1.6655642200293137, 'inv_time': 0.6003971434871482}",RELATED_TO
288477,241829,"{'time': 1.6655642200293137, 'inv_time': 0.6003971434871482}",RELATED_TO
288477,241919,"{'time': 1.6655642200293137, 'inv_time': 0.6003971434871482}",RELATED_TO
288477,241931,"{'time': 1.6655642200293137, 'inv_time': 0.6003971434871482}",RELATED_TO
288531,241671,"{'time': 1.6655642200293137, 'inv_time': 0.6003971434871482}",RELATED_TO
288531,241683,"{'time': 1.6655642200293137, 'inv_time': 0.6003971434871482}",RELATED_TO
288531,241829,"{'time': 1.6655642200293137, 'inv_time': 0.6003971434871482}",RELATED_TO
288531,241919,"{'time': 1.6655642200293137, 'inv_time': 0.6003971434871482}",RELATED_TO
288531,241931,"{'time': 1.6655642200293137, 'inv_time': 0.6003971434871482}",RELATED_TO
288549,241671,"{'time': 1.6655642200293137, 'inv_time': 0.6003971434871482}",RELATED_TO
288549,241683,"{'time': 1.6655642200293137, 'inv_time': 0.6003971434871482}",RELATED_TO
288549,241829,"{'time': 1.6655642200293137, 'inv_time': 0.6003971434871482}",RELATED_TO
288549,241919,"{'time': 1.6655642200293137, 'inv_time': 0.6003971434871482}",RELATED_TO
288549,241931,"{'time': 1.6655642200293137, 'inv_time': 0.6003971434871482}",RELATED_TO
241671,236896,"{'time': 2.3601903525000005, 'inv_time': 0.4236946392653301}",RELATED_TO
241671,236936,"{'time': 2.3601903525000005, 'inv_time': 0.4236946392653301}",RELATED_TO
241671,236916,"{'time': 2.3601903525000005, 'inv_time': 0.4236946392653301}",RELATED_TO
241671,236876,"{'time': 2.3601903525000005, 'inv_time': 0.4236946392653301}",RELATED_TO
241671,236956,"{'time': 2.3601903525000005, 'inv_time': 0.4236946392653301}",RELATED_TO
241671,236855,"{'time': 2.3601903525000005, 'inv_time': 0.4236946392653301}",RELATED_TO
241683,236896,"{'time': 2.3601903525000005, 'inv_time': 0.4236946392653301}",RELATED_TO
241683,236936,"{'time': 2.3601903525000005, 'inv_time': 0.4236946392653301}",RELATED_TO
241683,236916,"{'time': 2.3601903525000005, 'inv_time': 0.4236946392653301}",RELATED_TO
241683,236876,"{'time': 2.3601903525000005, 'inv_time': 0.4236946392653301}",RELATED_TO
241683,236956,"{'time': 2.3601903525000005, 'inv_time': 0.4236946392653301}",RELATED_TO
241683,236855,"{'time': 2.3601903525000005, 'inv_time': 0.4236946392653301}",RELATED_TO
241829,236896,"{'time': 2.3601903525000005, 'inv_time': 0.4236946392653301}",RELATED_TO
241829,236936,"{'time': 2.3601903525000005, 'inv_time': 0.4236946392653301}",RELATED_TO
241829,236916,"{'time': 2.3601903525000005, 'inv_time': 0.4236946392653301}",RELATED_TO
241829,236876,"{'time': 2.3601903525000005, 'inv_time': 0.4236946392653301}",RELATED_TO
241829,236956,"{'time': 2.3601903525000005, 'inv_time': 0.4236946392653301}",RELATED_TO
241829,236855,"{'time': 2.3601903525000005, 'inv_time': 0.4236946392653301}",RELATED_TO
241919,236896,"{'time': 2.3601903525000005, 'inv_time': 0.4236946392653301}",RELATED_TO
241919,236936,"{'time': 2.3601903525000005, 'inv_time': 0.4236946392653301}",RELATED_TO
241919,236916,"{'time': 2.3601903525000005, 'inv_time': 0.4236946392653301}",RELATED_TO
241919,236876,"{'time': 2.3601903525000005, 'inv_time': 0.4236946392653301}",RELATED_TO
241919,236956,"{'time': 2.3601903525000005, 'inv_time': 0.4236946392653301}",RELATED_TO
241919,236855,"{'time': 2.3601903525000005, 'inv_time': 0.4236946392653301}",RELATED_TO
241931,236896,"{'time': 2.3601903525000005, 'inv_time': 0.4236946392653301}",RELATED_TO
241931,236936,"{'time': 2.3601903525000005, 'inv_time': 0.4236946392653301}",RELATED_TO
241931,236916,"{'time': 2.3601903525000005, 'inv_time': 0.4236946392653301}",RELATED_TO
241931,236876,"{'time': 2.3601903525000005, 'inv_time': 0.4236946392653301}",RELATED_TO
241931,236956,"{'time': 2.3601903525000005, 'inv_time': 0.4236946392653301}",RELATED_TO
241931,236855,"{'time': 2.3601903525000005, 'inv_time': 0.4236946392653301}",RELATED_TO
236896,287729,"{'time': 4.841279999999999, 'inv_time': 0.2065569436182167}",RELATED_TO
236896,287931,"{'time': 4.841279999999999, 'inv_time': 0.2065569436182167}",RELATED_TO
236896,287687,"{'time': 9.682559999999999, 'inv_time': 0.10327847180910835}",RELATED_TO
236896,287829,"{'time': 4.841279999999999, 'inv_time': 0.2065569436182167}",RELATED_TO
236896,287849,"{'time': 4.841279999999999, 'inv_time': 0.2065569436182167}",RELATED_TO
236896,287870,"{'time': 4.841279999999999, 'inv_time': 0.2065569436182167}",RELATED_TO
236896,287708,"{'time': 9.682559999999999, 'inv_time': 0.10327847180910835}",RELATED_TO
236896,287911,"{'time': 4.841279999999999, 'inv_time': 0.2065569436182167}",RELATED_TO
236896,287749,"{'time': 4.841279999999999, 'inv_time': 0.2065569436182167}",RELATED_TO
236896,287891,"{'time': 4.841279999999999, 'inv_time': 0.2065569436182167}",RELATED_TO
236896,287647,"{'time': 29.04768, 'inv_time': 0.03442615726970278}",RELATED_TO
236896,288279,"{'time': 29.04768, 'inv_time': 0.03442615726970278}",RELATED_TO
236936,287729,"{'time': 4.841279999999999, 'inv_time': 0.2065569436182167}",RELATED_TO
236936,287931,"{'time': 4.841279999999999, 'inv_time': 0.2065569436182167}",RELATED_TO
236936,287687,"{'time': 9.682559999999999, 'inv_time': 0.10327847180910835}",RELATED_TO
236936,287829,"{'time': 4.841279999999999, 'inv_time': 0.2065569436182167}",RELATED_TO
236936,287849,"{'time': 4.841279999999999, 'inv_time': 0.2065569436182167}",RELATED_TO
236936,287870,"{'time': 4.841279999999999, 'inv_time': 0.2065569436182167}",RELATED_TO
236936,287708,"{'time': 9.682559999999999, 'inv_time': 0.10327847180910835}",RELATED_TO
236936,287911,"{'time': 4.841279999999999, 'inv_time': 0.2065569436182167}",RELATED_TO
236936,287749,"{'time': 4.841279999999999, 'inv_time': 0.2065569436182167}",RELATED_TO
236936,287891,"{'time': 4.841279999999999, 'inv_time': 0.2065569436182167}",RELATED_TO
236936,287647,"{'time': 29.04768, 'inv_time': 0.03442615726970278}",RELATED_TO
236936,288279,"{'time': 29.04768, 'inv_time': 0.03442615726970278}",RELATED_TO
236916,287729,"{'time': 4.841279999999999, 'inv_time': 0.2065569436182167}",RELATED_TO
236916,287931,"{'time': 4.841279999999999, 'inv_time': 0.2065569436182167}",RELATED_TO
236916,287687,"{'time': 9.682559999999999, 'inv_time': 0.10327847180910835}",RELATED_TO
236916,287829,"{'time': 4.841279999999999, 'inv_time': 0.2065569436182167}",RELATED_TO
236916,287849,"{'time': 4.841279999999999, 'inv_time': 0.2065569436182167}",RELATED_TO
236916,287870,"{'time': 4.841279999999999, 'inv_time': 0.2065569436182167}",RELATED_TO
236916,287708,"{'time': 9.682559999999999, 'inv_time': 0.10327847180910835}",RELATED_TO
236916,287911,"{'time': 4.841279999999999, 'inv_time': 0.2065569436182167}",RELATED_TO
236916,287749,"{'time': 4.841279999999999, 'inv_time': 0.2065569436182167}",RELATED_TO
236916,287891,"{'time': 4.841279999999999, 'inv_time': 0.2065569436182167}",RELATED_TO
236916,287647,"{'time': 29.04768, 'inv_time': 0.03442615726970278}",RELATED_TO
236916,288279,"{'time': 29.04768, 'inv_time': 0.03442615726970278}",RELATED_TO
236876,287729,"{'time': 4.841279999999999, 'inv_time': 0.2065569436182167}",RELATED_TO
236876,287931,"{'time': 4.841279999999999, 'inv_time': 0.2065569436182167}",RELATED_TO
236876,287687,"{'time': 9.682559999999999, 'inv_time': 0.10327847180910835}",RELATED_TO
236876,287829,"{'time': 4.841279999999999, 'inv_time': 0.2065569436182167}",RELATED_TO
236876,287849,"{'time': 4.841279999999999, 'inv_time': 0.2065569436182167}",RELATED_TO
236876,287870,"{'time': 4.841279999999999, 'inv_time': 0.2065569436182167}",RELATED_TO
236876,287708,"{'time': 9.682559999999999, 'inv_time': 0.10327847180910835}",RELATED_TO
236876,287911,"{'time': 4.841279999999999, 'inv_time': 0.2065569436182167}",RELATED_TO
236876,287749,"{'time': 4.841279999999999, 'inv_time': 0.2065569436182167}",RELATED_TO
236876,287891,"{'time': 4.841279999999999, 'inv_time': 0.2065569436182167}",RELATED_TO
236876,287647,"{'time': 29.04768, 'inv_time': 0.03442615726970278}",RELATED_TO
236876,288279,"{'time': 29.04768, 'inv_time': 0.03442615726970278}",RELATED_TO
236956,287729,"{'time': 4.841279999999999, 'inv_time': 0.2065569436182167}",RELATED_TO
236956,287931,"{'time': 4.841279999999999, 'inv_time': 0.2065569436182167}",RELATED_TO
236956,287687,"{'time': 9.682559999999999, 'inv_time': 0.10327847180910835}",RELATED_TO
236956,287829,"{'time': 4.841279999999999, 'inv_time': 0.2065569436182167}",RELATED_TO
236956,287849,"{'time': 4.841279999999999, 'inv_time': 0.2065569436182167}",RELATED_TO
236956,287870,"{'time': 4.841279999999999, 'inv_time': 0.2065569436182167}",RELATED_TO
236956,287708,"{'time': 9.682559999999999, 'inv_time': 0.10327847180910835}",RELATED_TO
236956,287911,"{'time': 4.841279999999999, 'inv_time': 0.2065569436182167}",RELATED_TO
236956,287749,"{'time': 4.841279999999999, 'inv_time': 0.2065569436182167}",RELATED_TO
236956,287891,"{'time': 4.841279999999999, 'inv_time': 0.2065569436182167}",RELATED_TO
236956,287647,"{'time': 29.04768, 'inv_time': 0.03442615726970278}",RELATED_TO
236956,288279,"{'time': 29.04768, 'inv_time': 0.03442615726970278}",RELATED_TO
236855,287729,"{'time': 4.841279999999999, 'inv_time': 0.2065569436182167}",RELATED_TO
236855,287931,"{'time': 4.841279999999999, 'inv_time': 0.2065569436182167}",RELATED_TO
236855,287687,"{'time': 9.682559999999999, 'inv_time': 0.10327847180910835}",RELATED_TO
236855,287829,"{'time': 4.841279999999999, 'inv_time': 0.2065569436182167}",RELATED_TO
236855,287849,"{'time': 4.841279999999999, 'inv_time': 0.2065569436182167}",RELATED_TO
236855,287870,"{'time': 4.841279999999999, 'inv_time': 0.2065569436182167}",RELATED_TO
236855,287708,"{'time': 9.682559999999999, 'inv_time': 0.10327847180910835}",RELATED_TO
236855,287911,"{'time': 4.841279999999999, 'inv_time': 0.2065569436182167}",RELATED_TO
236855,287749,"{'time': 4.841279999999999, 'inv_time': 0.2065569436182167}",RELATED_TO
236855,287891,"{'time': 4.841279999999999, 'inv_time': 0.2065569436182167}",RELATED_TO
236855,287647,"{'time': 29.04768, 'inv_time': 0.03442615726970278}",RELATED_TO
236855,288279,"{'time': 29.04768, 'inv_time': 0.03442615726970278}",RELATED_TO
287729,241435,"{'time': 1.6655642200293137, 'inv_time': 0.6003971434871482}",RELATED_TO
287729,241357,"{'time': 1.6655642200293137, 'inv_time': 0.6003971434871482}",RELATED_TO
287729,241391,"{'time': 1.6655642200293137, 'inv_time': 0.6003971434871482}",RELATED_TO
287729,241615,"{'time': 1.6655642200293137, 'inv_time': 0.6003971434871482}",RELATED_TO
287729,241423,"{'time': 1.6655642200293137, 'inv_time': 0.6003971434871482}",RELATED_TO
287729,241627,"{'time': 1.6655642200293137, 'inv_time': 0.6003971434871482}",RELATED_TO
287729,241603,"{'time': 1.6655642200293137, 'inv_time': 0.6003971434871482}",RELATED_TO
287931,241435,"{'time': 1.6655642200293137, 'inv_time': 0.6003971434871482}",RELATED_TO
287931,241357,"{'time': 1.6655642200293137, 'inv_time': 0.6003971434871482}",RELATED_TO
287931,241391,"{'time': 1.6655642200293137, 'inv_time': 0.6003971434871482}",RELATED_TO
287931,241615,"{'time': 1.6655642200293137, 'inv_time': 0.6003971434871482}",RELATED_TO
287931,241423,"{'time': 1.6655642200293137, 'inv_time': 0.6003971434871482}",RELATED_TO
287931,241627,"{'time': 1.6655642200293137, 'inv_time': 0.6003971434871482}",RELATED_TO
287931,241603,"{'time': 1.6655642200293137, 'inv_time': 0.6003971434871482}",RELATED_TO
287687,241435,"{'time': 1.6655642200293137, 'inv_time': 0.6003971434871482}",RELATED_TO
287687,241357,"{'time': 1.6655642200293137, 'inv_time': 0.6003971434871482}",RELATED_TO
287687,241391,"{'time': 1.6655642200293137, 'inv_time': 0.6003971434871482}",RELATED_TO
287687,241615,"{'time': 1.6655642200293137, 'inv_time': 0.6003971434871482}",RELATED_TO
287687,241423,"{'time': 1.6655642200293137, 'inv_time': 0.6003971434871482}",RELATED_TO
287687,241627,"{'time': 1.6655642200293137, 'inv_time': 0.6003971434871482}",RELATED_TO
287687,241603,"{'time': 1.6655642200293137, 'inv_time': 0.6003971434871482}",RELATED_TO
287829,241435,"{'time': 1.6655642200293137, 'inv_time': 0.6003971434871482}",RELATED_TO
287829,241357,"{'time': 1.6655642200293137, 'inv_time': 0.6003971434871482}",RELATED_TO
287829,241391,"{'time': 1.6655642200293137, 'inv_time': 0.6003971434871482}",RELATED_TO
287829,241615,"{'time': 1.6655642200293137, 'inv_time': 0.6003971434871482}",RELATED_TO
287829,241423,"{'time': 1.6655642200293137, 'inv_time': 0.6003971434871482}",RELATED_TO
287829,241627,"{'time': 1.6655642200293137, 'inv_time': 0.6003971434871482}",RELATED_TO
287829,241603,"{'time': 1.6655642200293137, 'inv_time': 0.6003971434871482}",RELATED_TO
287849,241435,"{'time': 1.6655642200293137, 'inv_time': 0.6003971434871482}",RELATED_TO
287849,241357,"{'time': 1.6655642200293137, 'inv_time': 0.6003971434871482}",RELATED_TO
287849,241391,"{'time': 1.6655642200293137, 'inv_time': 0.6003971434871482}",RELATED_TO
287849,241615,"{'time': 1.6655642200293137, 'inv_time': 0.6003971434871482}",RELATED_TO
287849,241423,"{'time': 1.6655642200293137, 'inv_time': 0.6003971434871482}",RELATED_TO
287849,241627,"{'time': 1.6655642200293137, 'inv_time': 0.6003971434871482}",RELATED_TO
287849,241603,"{'time': 1.6655642200293137, 'inv_time': 0.6003971434871482}",RELATED_TO
287870,241435,"{'time': 1.6655642200293137, 'inv_time': 0.6003971434871482}",RELATED_TO
287870,241357,"{'time': 1.6655642200293137, 'inv_time': 0.6003971434871482}",RELATED_TO
287870,241391,"{'time': 1.6655642200293137, 'inv_time': 0.6003971434871482}",RELATED_TO
287870,241615,"{'time': 1.6655642200293137, 'inv_time': 0.6003971434871482}",RELATED_TO
287870,241423,"{'time': 1.6655642200293137, 'inv_time': 0.6003971434871482}",RELATED_TO
287870,241627,"{'time': 1.6655642200293137, 'inv_time': 0.6003971434871482}",RELATED_TO
287870,241603,"{'time': 1.6655642200293137, 'inv_time': 0.6003971434871482}",RELATED_TO
287708,241435,"{'time': 1.6655642200293137, 'inv_time': 0.6003971434871482}",RELATED_TO
287708,241357,"{'time': 1.6655642200293137, 'inv_time': 0.6003971434871482}",RELATED_TO
287708,241391,"{'time': 1.6655642200293137, 'inv_time': 0.6003971434871482}",RELATED_TO
287708,241615,"{'time': 1.6655642200293137, 'inv_time': 0.6003971434871482}",RELATED_TO
287708,241423,"{'time': 1.6655642200293137, 'inv_time': 0.6003971434871482}",RELATED_TO
287708,241627,"{'time': 1.6655642200293137, 'inv_time': 0.6003971434871482}",RELATED_TO
287708,241603,"{'time': 1.6655642200293137, 'inv_time': 0.6003971434871482}",RELATED_TO
287911,241435,"{'time': 1.6655642200293137, 'inv_time': 0.6003971434871482}",RELATED_TO
287911,241357,"{'time': 1.6655642200293137, 'inv_time': 0.6003971434871482}",RELATED_TO
287911,241391,"{'time': 1.6655642200293137, 'inv_time': 0.6003971434871482}",RELATED_TO
287911,241615,"{'time': 1.6655642200293137, 'inv_time': 0.6003971434871482}",RELATED_TO
287911,241423,"{'time': 1.6655642200293137, 'inv_time': 0.6003971434871482}",RELATED_TO
287911,241627,"{'time': 1.6655642200293137, 'inv_time': 0.6003971434871482}",RELATED_TO
287911,241603,"{'time': 1.6655642200293137, 'inv_time': 0.6003971434871482}",RELATED_TO
287749,241435,"{'time': 1.6655642200293137, 'inv_time': 0.6003971434871482}",RELATED_TO
287749,241357,"{'time': 1.6655642200293137, 'inv_time': 0.6003971434871482}",RELATED_TO
287749,241391,"{'time': 1.6655642200293137, 'inv_time': 0.6003971434871482}",RELATED_TO
287749,241615,"{'time': 1.6655642200293137, 'inv_time': 0.6003971434871482}",RELATED_TO
287749,241423,"{'time': 1.6655642200293137, 'inv_time': 0.6003971434871482}",RELATED_TO
287749,241627,"{'time': 1.6655642200293137, 'inv_time': 0.6003971434871482}",RELATED_TO
287749,241603,"{'time': 1.6655642200293137, 'inv_time': 0.6003971434871482}",RELATED_TO
287891,241435,"{'time': 1.6655642200293137, 'inv_time': 0.6003971434871482}",RELATED_TO
287891,241357,"{'time': 1.6655642200293137, 'inv_time': 0.6003971434871482}",RELATED_TO
287891,241391,"{'time': 1.6655642200293137, 'inv_time': 0.6003971434871482}",RELATED_TO
287891,241615,"{'time': 1.6655642200293137, 'inv_time': 0.6003971434871482}",RELATED_TO
287891,241423,"{'time': 1.6655642200293137, 'inv_time': 0.6003971434871482}",RELATED_TO
287891,241627,"{'time': 1.6655642200293137, 'inv_time': 0.6003971434871482}",RELATED_TO
287891,241603,"{'time': 1.6655642200293137, 'inv_time': 0.6003971434871482}",RELATED_TO
287647,241435,"{'time': 1.6655642200293137, 'inv_time': 0.6003971434871482}",RELATED_TO
287647,241357,"{'time': 1.6655642200293137, 'inv_time': 0.6003971434871482}",RELATED_TO
287647,241391,"{'time': 1.6655642200293137, 'inv_time': 0.6003971434871482}",RELATED_TO
287647,241615,"{'time': 1.6655642200293137, 'inv_time': 0.6003971434871482}",RELATED_TO
287647,241423,"{'time': 1.6655642200293137, 'inv_time': 0.6003971434871482}",RELATED_TO
287647,241627,"{'time': 1.6655642200293137, 'inv_time': 0.6003971434871482}",RELATED_TO
287647,241603,"{'time': 1.6655642200293137, 'inv_time': 0.6003971434871482}",RELATED_TO
288279,241435,"{'time': 1.6655642200293137, 'inv_time': 0.6003971434871482}",RELATED_TO
288279,241357,"{'time': 1.6655642200293137, 'inv_time': 0.6003971434871482}",RELATED_TO
288279,241391,"{'time': 1.6655642200293137, 'inv_time': 0.6003971434871482}",RELATED_TO
288279,241615,"{'time': 1.6655642200293137, 'inv_time': 0.6003971434871482}",RELATED_TO
288279,241423,"{'time': 1.6655642200293137, 'inv_time': 0.6003971434871482}",RELATED_TO
288279,241627,"{'time': 1.6655642200293137, 'inv_time': 0.6003971434871482}",RELATED_TO
288279,241603,"{'time': 1.6655642200293137, 'inv_time': 0.6003971434871482}",RELATED_TO
272014,239917,"{'time': 1.6655642200293137, 'inv_time': 0.6003971434871482}",RELATED_TO
272014,239905,"{'time': 1.6655642200293137, 'inv_time': 0.6003971434871482}",RELATED_TO
272014,239973,"{'time': 1.6655642200293137, 'inv_time': 0.6003971434871482}",RELATED_TO
272014,239983,"{'time': 1.6655642200293137, 'inv_time': 0.6003971434871482}",RELATED_TO
272014,240187,"{'time': 1.6655642200293137, 'inv_time': 0.6003971434871482}",RELATED_TO
272014,240221,"{'time': 1.6655642200293137, 'inv_time': 0.6003971434871482}",RELATED_TO
272014,240277,"{'time': 1.6655642200293137, 'inv_time': 0.6003971434871482}",RELATED_TO
272014,240411,"{'time': 1.6655642200293137, 'inv_time': 0.6003971434871482}",RELATED_TO
272204,239917,"{'time': 1.6655642200293137, 'inv_time': 0.6003971434871482}",RELATED_TO
272204,239905,"{'time': 1.6655642200293137, 'inv_time': 0.6003971434871482}",RELATED_TO
272204,239973,"{'time': 1.6655642200293137, 'inv_time': 0.6003971434871482}",RELATED_TO
272204,239983,"{'time': 1.6655642200293137, 'inv_time': 0.6003971434871482}",RELATED_TO
272204,240187,"{'time': 1.6655642200293137, 'inv_time': 0.6003971434871482}",RELATED_TO
272204,240221,"{'time': 1.6655642200293137, 'inv_time': 0.6003971434871482}",RELATED_TO
272204,240277,"{'time': 1.6655642200293137, 'inv_time': 0.6003971434871482}",RELATED_TO
272204,240411,"{'time': 1.6655642200293137, 'inv_time': 0.6003971434871482}",RELATED_TO
272572,239917,"{'time': 1.6655642200293137, 'inv_time': 0.6003971434871482}",RELATED_TO
272572,239905,"{'time': 1.6655642200293137, 'inv_time': 0.6003971434871482}",RELATED_TO
272572,239973,"{'time': 1.6655642200293137, 'inv_time': 0.6003971434871482}",RELATED_TO
272572,239983,"{'time': 1.6655642200293137, 'inv_time': 0.6003971434871482}",RELATED_TO
272572,240187,"{'time': 1.6655642200293137, 'inv_time': 0.6003971434871482}",RELATED_TO
272572,240221,"{'time': 1.6655642200293137, 'inv_time': 0.6003971434871482}",RELATED_TO
272572,240277,"{'time': 1.6655642200293137, 'inv_time': 0.6003971434871482}",RELATED_TO
272572,240411,"{'time': 1.6655642200293137, 'inv_time': 0.6003971434871482}",RELATED_TO
272396,239917,"{'time': 1.6655642200293137, 'inv_time': 0.6003971434871482}",RELATED_TO
272396,239905,"{'time': 1.6655642200293137, 'inv_time': 0.6003971434871482}",RELATED_TO
272396,239973,"{'time': 1.6655642200293137, 'inv_time': 0.6003971434871482}",RELATED_TO
272396,239983,"{'time': 1.6655642200293137, 'inv_time': 0.6003971434871482}",RELATED_TO
272396,240187,"{'time': 1.6655642200293137, 'inv_time': 0.6003971434871482}",RELATED_TO
272396,240221,"{'time': 1.6655642200293137, 'inv_time': 0.6003971434871482}",RELATED_TO
272396,240277,"{'time': 1.6655642200293137, 'inv_time': 0.6003971434871482}",RELATED_TO
272396,240411,"{'time': 1.6655642200293137, 'inv_time': 0.6003971434871482}",RELATED_TO
277006,239917,"{'time': 1.6655642200293137, 'inv_time': 0.6003971434871482}",RELATED_TO
277006,239905,"{'time': 1.6655642200293137, 'inv_time': 0.6003971434871482}",RELATED_TO
277006,239973,"{'time': 1.6655642200293137, 'inv_time': 0.6003971434871482}",RELATED_TO
277006,239983,"{'time': 1.6655642200293137, 'inv_time': 0.6003971434871482}",RELATED_TO
277006,240187,"{'time': 1.6655642200293137, 'inv_time': 0.6003971434871482}",RELATED_TO
277006,240221,"{'time': 1.6655642200293137, 'inv_time': 0.6003971434871482}",RELATED_TO
277006,240277,"{'time': 1.6655642200293137, 'inv_time': 0.6003971434871482}",RELATED_TO
277006,240411,"{'time': 1.6655642200293137, 'inv_time': 0.6003971434871482}",RELATED_TO
277557,239917,"{'time': 1.6655642200293137, 'inv_time': 0.6003971434871482}",RELATED_TO
277557,239905,"{'time': 1.6655642200293137, 'inv_time': 0.6003971434871482}",RELATED_TO
277557,239973,"{'time': 1.6655642200293137, 'inv_time': 0.6003971434871482}",RELATED_TO
277557,239983,"{'time': 1.6655642200293137, 'inv_time': 0.6003971434871482}",RELATED_TO
277557,240187,"{'time': 1.6655642200293137, 'inv_time': 0.6003971434871482}",RELATED_TO
277557,240221,"{'time': 1.6655642200293137, 'inv_time': 0.6003971434871482}",RELATED_TO
277557,240277,"{'time': 1.6655642200293137, 'inv_time': 0.6003971434871482}",RELATED_TO
277557,240411,"{'time': 1.6655642200293137, 'inv_time': 0.6003971434871482}",RELATED_TO
277150,239917,"{'time': 1.6655642200293137, 'inv_time': 0.6003971434871482}",RELATED_TO
277150,239905,"{'time': 1.6655642200293137, 'inv_time': 0.6003971434871482}",RELATED_TO
277150,239973,"{'time': 1.6655642200293137, 'inv_time': 0.6003971434871482}",RELATED_TO
277150,239983,"{'time': 1.6655642200293137, 'inv_time': 0.6003971434871482}",RELATED_TO
277150,240187,"{'time': 1.6655642200293137, 'inv_time': 0.6003971434871482}",RELATED_TO
277150,240221,"{'time': 1.6655642200293137, 'inv_time': 0.6003971434871482}",RELATED_TO
277150,240277,"{'time': 1.6655642200293137, 'inv_time': 0.6003971434871482}",RELATED_TO
277150,240411,"{'time': 1.6655642200293137, 'inv_time': 0.6003971434871482}",RELATED_TO
278033,239917,"{'time': 1.6655642200293137, 'inv_time': 0.6003971434871482}",RELATED_TO
278033,239905,"{'time': 1.6655642200293137, 'inv_time': 0.6003971434871482}",RELATED_TO
278033,239973,"{'time': 1.6655642200293137, 'inv_time': 0.6003971434871482}",RELATED_TO
278033,239983,"{'time': 1.6655642200293137, 'inv_time': 0.6003971434871482}",RELATED_TO
278033,240187,"{'time': 1.6655642200293137, 'inv_time': 0.6003971434871482}",RELATED_TO
278033,240221,"{'time': 1.6655642200293137, 'inv_time': 0.6003971434871482}",RELATED_TO
278033,240277,"{'time': 1.6655642200293137, 'inv_time': 0.6003971434871482}",RELATED_TO
278033,240411,"{'time': 1.6655642200293137, 'inv_time': 0.6003971434871482}",RELATED_TO
277425,239917,"{'time': 1.6655642200293137, 'inv_time': 0.6003971434871482}",RELATED_TO
277425,239905,"{'time': 1.6655642200293137, 'inv_time': 0.6003971434871482}",RELATED_TO
277425,239973,"{'time': 1.6655642200293137, 'inv_time': 0.6003971434871482}",RELATED_TO
277425,239983,"{'time': 1.6655642200293137, 'inv_time': 0.6003971434871482}",RELATED_TO
277425,240187,"{'time': 1.6655642200293137, 'inv_time': 0.6003971434871482}",RELATED_TO
277425,240221,"{'time': 1.6655642200293137, 'inv_time': 0.6003971434871482}",RELATED_TO
277425,240277,"{'time': 1.6655642200293137, 'inv_time': 0.6003971434871482}",RELATED_TO
277425,240411,"{'time': 1.6655642200293137, 'inv_time': 0.6003971434871482}",RELATED_TO
279114,239917,"{'time': 1.6655642200293137, 'inv_time': 0.6003971434871482}",RELATED_TO
279114,239905,"{'time': 1.6655642200293137, 'inv_time': 0.6003971434871482}",RELATED_TO
279114,239973,"{'time': 1.6655642200293137, 'inv_time': 0.6003971434871482}",RELATED_TO
279114,239983,"{'time': 1.6655642200293137, 'inv_time': 0.6003971434871482}",RELATED_TO
279114,240187,"{'time': 1.6655642200293137, 'inv_time': 0.6003971434871482}",RELATED_TO
279114,240221,"{'time': 1.6655642200293137, 'inv_time': 0.6003971434871482}",RELATED_TO
279114,240277,"{'time': 1.6655642200293137, 'inv_time': 0.6003971434871482}",RELATED_TO
279114,240411,"{'time': 1.6655642200293137, 'inv_time': 0.6003971434871482}",RELATED_TO
279392,239917,"{'time': 1.6655642200293137, 'inv_time': 0.6003971434871482}",RELATED_TO
279392,239905,"{'time': 1.6655642200293137, 'inv_time': 0.6003971434871482}",RELATED_TO
279392,239973,"{'time': 1.6655642200293137, 'inv_time': 0.6003971434871482}",RELATED_TO
279392,239983,"{'time': 1.6655642200293137, 'inv_time': 0.6003971434871482}",RELATED_TO
279392,240187,"{'time': 1.6655642200293137, 'inv_time': 0.6003971434871482}",RELATED_TO
279392,240221,"{'time': 1.6655642200293137, 'inv_time': 0.6003971434871482}",RELATED_TO
279392,240277,"{'time': 1.6655642200293137, 'inv_time': 0.6003971434871482}",RELATED_TO
279392,240411,"{'time': 1.6655642200293137, 'inv_time': 0.6003971434871482}",RELATED_TO
279716,239917,"{'time': 1.6655642200293137, 'inv_time': 0.6003971434871482}",RELATED_TO
279716,239905,"{'time': 1.6655642200293137, 'inv_time': 0.6003971434871482}",RELATED_TO
279716,239973,"{'time': 1.6655642200293137, 'inv_time': 0.6003971434871482}",RELATED_TO
279716,239983,"{'time': 1.6655642200293137, 'inv_time': 0.6003971434871482}",RELATED_TO
279716,240187,"{'time': 1.6655642200293137, 'inv_time': 0.6003971434871482}",RELATED_TO
279716,240221,"{'time': 1.6655642200293137, 'inv_time': 0.6003971434871482}",RELATED_TO
279716,240277,"{'time': 1.6655642200293137, 'inv_time': 0.6003971434871482}",RELATED_TO
279716,240411,"{'time': 1.6655642200293137, 'inv_time': 0.6003971434871482}",RELATED_TO
279800,239917,"{'time': 1.6655642200293137, 'inv_time': 0.6003971434871482}",RELATED_TO
279800,239905,"{'time': 1.6655642200293137, 'inv_time': 0.6003971434871482}",RELATED_TO
279800,239973,"{'time': 1.6655642200293137, 'inv_time': 0.6003971434871482}",RELATED_TO
279800,239983,"{'time': 1.6655642200293137, 'inv_time': 0.6003971434871482}",RELATED_TO
279800,240187,"{'time': 1.6655642200293137, 'inv_time': 0.6003971434871482}",RELATED_TO
279800,240221,"{'time': 1.6655642200293137, 'inv_time': 0.6003971434871482}",RELATED_TO
279800,240277,"{'time': 1.6655642200293137, 'inv_time': 0.6003971434871482}",RELATED_TO
279800,240411,"{'time': 1.6655642200293137, 'inv_time': 0.6003971434871482}",RELATED_TO
279551,239917,"{'time': 1.6655642200293137, 'inv_time': 0.6003971434871482}",RELATED_TO
279551,239905,"{'time': 1.6655642200293137, 'inv_time': 0.6003971434871482}",RELATED_TO
279551,239973,"{'time': 1.6655642200293137, 'inv_time': 0.6003971434871482}",RELATED_TO
279551,239983,"{'time': 1.6655642200293137, 'inv_time': 0.6003971434871482}",RELATED_TO
279551,240187,"{'time': 1.6655642200293137, 'inv_time': 0.6003971434871482}",RELATED_TO
279551,240221,"{'time': 1.6655642200293137, 'inv_time': 0.6003971434871482}",RELATED_TO
279551,240277,"{'time': 1.6655642200293137, 'inv_time': 0.6003971434871482}",RELATED_TO
279551,240411,"{'time': 1.6655642200293137, 'inv_time': 0.6003971434871482}",RELATED_TO
283668,239917,"{'time': 1.6655642200293137, 'inv_time': 0.6003971434871482}",RELATED_TO
283668,239905,"{'time': 1.6655642200293137, 'inv_time': 0.6003971434871482}",RELATED_TO
283668,239973,"{'time': 1.6655642200293137, 'inv_time': 0.6003971434871482}",RELATED_TO
283668,239983,"{'time': 1.6655642200293137, 'inv_time': 0.6003971434871482}",RELATED_TO
283668,240187,"{'time': 1.6655642200293137, 'inv_time': 0.6003971434871482}",RELATED_TO
283668,240221,"{'time': 1.6655642200293137, 'inv_time': 0.6003971434871482}",RELATED_TO
283668,240277,"{'time': 1.6655642200293137, 'inv_time': 0.6003971434871482}",RELATED_TO
283668,240411,"{'time': 1.6655642200293137, 'inv_time': 0.6003971434871482}",RELATED_TO
283543,239917,"{'time': 1.6655642200293137, 'inv_time': 0.6003971434871482}",RELATED_TO
283543,239905,"{'time': 1.6655642200293137, 'inv_time': 0.6003971434871482}",RELATED_TO
283543,239973,"{'time': 1.6655642200293137, 'inv_time': 0.6003971434871482}",RELATED_TO
283543,239983,"{'time': 1.6655642200293137, 'inv_time': 0.6003971434871482}",RELATED_TO
283543,240187,"{'time': 1.6655642200293137, 'inv_time': 0.6003971434871482}",RELATED_TO
283543,240221,"{'time': 1.6655642200293137, 'inv_time': 0.6003971434871482}",RELATED_TO
283543,240277,"{'time': 1.6655642200293137, 'inv_time': 0.6003971434871482}",RELATED_TO
283543,240411,"{'time': 1.6655642200293137, 'inv_time': 0.6003971434871482}",RELATED_TO
283792,239917,"{'time': 1.6655642200293137, 'inv_time': 0.6003971434871482}",RELATED_TO
283792,239905,"{'time': 1.6655642200293137, 'inv_time': 0.6003971434871482}",RELATED_TO
283792,239973,"{'time': 1.6655642200293137, 'inv_time': 0.6003971434871482}",RELATED_TO
283792,239983,"{'time': 1.6655642200293137, 'inv_time': 0.6003971434871482}",RELATED_TO
283792,240187,"{'time': 1.6655642200293137, 'inv_time': 0.6003971434871482}",RELATED_TO
283792,240221,"{'time': 1.6655642200293137, 'inv_time': 0.6003971434871482}",RELATED_TO
283792,240277,"{'time': 1.6655642200293137, 'inv_time': 0.6003971434871482}",RELATED_TO
283792,240411,"{'time': 1.6655642200293137, 'inv_time': 0.6003971434871482}",RELATED_TO
283582,239917,"{'time': 1.6655642200293137, 'inv_time': 0.6003971434871482}",RELATED_TO
283582,239905,"{'time': 1.6655642200293137, 'inv_time': 0.6003971434871482}",RELATED_TO
283582,239973,"{'time': 1.6655642200293137, 'inv_time': 0.6003971434871482}",RELATED_TO
283582,239983,"{'time': 1.6655642200293137, 'inv_time': 0.6003971434871482}",RELATED_TO
283582,240187,"{'time': 1.6655642200293137, 'inv_time': 0.6003971434871482}",RELATED_TO
283582,240221,"{'time': 1.6655642200293137, 'inv_time': 0.6003971434871482}",RELATED_TO
283582,240277,"{'time': 1.6655642200293137, 'inv_time': 0.6003971434871482}",RELATED_TO
283582,240411,"{'time': 1.6655642200293137, 'inv_time': 0.6003971434871482}",RELATED_TO
283910,239917,"{'time': 1.6655642200293137, 'inv_time': 0.6003971434871482}",RELATED_TO
283910,239905,"{'time': 1.6655642200293137, 'inv_time': 0.6003971434871482}",RELATED_TO
283910,239973,"{'time': 1.6655642200293137, 'inv_time': 0.6003971434871482}",RELATED_TO
283910,239983,"{'time': 1.6655642200293137, 'inv_time': 0.6003971434871482}",RELATED_TO
283910,240187,"{'time': 1.6655642200293137, 'inv_time': 0.6003971434871482}",RELATED_TO
283910,240221,"{'time': 1.6655642200293137, 'inv_time': 0.6003971434871482}",RELATED_TO
283910,240277,"{'time': 1.6655642200293137, 'inv_time': 0.6003971434871482}",RELATED_TO
283910,240411,"{'time': 1.6655642200293137, 'inv_time': 0.6003971434871482}",RELATED_TO
283994,239917,"{'time': 1.6655642200293137, 'inv_time': 0.6003971434871482}",RELATED_TO
283994,239905,"{'time': 1.6655642200293137, 'inv_time': 0.6003971434871482}",RELATED_TO
283994,239973,"{'time': 1.6655642200293137, 'inv_time': 0.6003971434871482}",RELATED_TO
283994,239983,"{'time': 1.6655642200293137, 'inv_time': 0.6003971434871482}",RELATED_TO
283994,240187,"{'time': 1.6655642200293137, 'inv_time': 0.6003971434871482}",RELATED_TO
283994,240221,"{'time': 1.6655642200293137, 'inv_time': 0.6003971434871482}",RELATED_TO
283994,240277,"{'time': 1.6655642200293137, 'inv_time': 0.6003971434871482}",RELATED_TO
283994,240411,"{'time': 1.6655642200293137, 'inv_time': 0.6003971434871482}",RELATED_TO
239917,284434,"{'time': 4.841279999999999, 'inv_time': 0.2065569436182167}",RELATED_TO
239917,284398,"{'time': 9.682559999999999, 'inv_time': 0.10327847180910835}",RELATED_TO
239917,284211,"{'time': 9.682559999999999, 'inv_time': 0.10327847180910835}",RELATED_TO
239917,284360,"{'time': 9.682559999999999, 'inv_time': 0.10327847180910835}",RELATED_TO
239917,284848,"{'time': 4.841279999999999, 'inv_time': 0.2065569436182167}",RELATED_TO
239917,285304,"{'time': 4.841279999999999, 'inv_time': 0.2065569436182167}",RELATED_TO
239917,285209,"{'time': 4.841279999999999, 'inv_time': 0.2065569436182167}",RELATED_TO
239917,285174,"{'time': 4.841279999999999, 'inv_time': 0.2065569436182167}",RELATED_TO
239917,285338,"{'time': 4.841279999999999, 'inv_time': 0.2065569436182167}",RELATED_TO
239917,285719,"{'time': 4.841279999999999, 'inv_time': 0.2065569436182167}",RELATED_TO
239917,286475,"{'time': 4.841279999999999, 'inv_time': 0.2065569436182167}",RELATED_TO
239917,286499,"{'time': 4.841279999999999, 'inv_time': 0.2065569436182167}",RELATED_TO
239917,286757,"{'time': 4.841279999999999, 'inv_time': 0.2065569436182167}",RELATED_TO
239917,286731,"{'time': 9.682559999999999, 'inv_time': 0.10327847180910835}",RELATED_TO
239917,286811,"{'time': 9.682559999999999, 'inv_time': 0.10327847180910835}",RELATED_TO
239917,286963,"{'time': 4.841279999999999, 'inv_time': 0.2065569436182167}",RELATED_TO
239905,284434,"{'time': 4.841279999999999, 'inv_time': 0.2065569436182167}",RELATED_TO
239905,284398,"{'time': 9.682559999999999, 'inv_time': 0.10327847180910835}",RELATED_TO
239905,284211,"{'time': 9.682559999999999, 'inv_time': 0.10327847180910835}",RELATED_TO
239905,284360,"{'time': 9.682559999999999, 'inv_time': 0.10327847180910835}",RELATED_TO
239905,284848,"{'time': 4.841279999999999, 'inv_time': 0.2065569436182167}",RELATED_TO
239905,285304,"{'time': 4.841279999999999, 'inv_time': 0.2065569436182167}",RELATED_TO
239905,285209,"{'time': 4.841279999999999, 'inv_time': 0.2065569436182167}",RELATED_TO
239905,285174,"{'time': 4.841279999999999, 'inv_time': 0.2065569436182167}",RELATED_TO
239905,285338,"{'time': 4.841279999999999, 'inv_time': 0.2065569436182167}",RELATED_TO
239905,285719,"{'time': 4.841279999999999, 'inv_time': 0.2065569436182167}",RELATED_TO
239905,286475,"{'time': 4.841279999999999, 'inv_time': 0.2065569436182167}",RELATED_TO
239905,286499,"{'time': 4.841279999999999, 'inv_time': 0.2065569436182167}",RELATED_TO
239905,286757,"{'time': 4.841279999999999, 'inv_time': 0.2065569436182167}",RELATED_TO
239905,286731,"{'time': 9.682559999999999, 'inv_time': 0.10327847180910835}",RELATED_TO
239905,286811,"{'time': 9.682559999999999, 'inv_time': 0.10327847180910835}",RELATED_TO
239905,286963,"{'time': 4.841279999999999, 'inv_time': 0.2065569436182167}",RELATED_TO
239973,284434,"{'time': 4.841279999999999, 'inv_time': 0.2065569436182167}",RELATED_TO
239973,284398,"{'time': 9.682559999999999, 'inv_time': 0.10327847180910835}",RELATED_TO
239973,284211,"{'time': 9.682559999999999, 'inv_time': 0.10327847180910835}",RELATED_TO
239973,284360,"{'time': 9.682559999999999, 'inv_time': 0.10327847180910835}",RELATED_TO
239973,284848,"{'time': 4.841279999999999, 'inv_time': 0.2065569436182167}",RELATED_TO
239973,285304,"{'time': 4.841279999999999, 'inv_time': 0.2065569436182167}",RELATED_TO
239973,285209,"{'time': 4.841279999999999, 'inv_time': 0.2065569436182167}",RELATED_TO
239973,285174,"{'time': 4.841279999999999, 'inv_time': 0.2065569436182167}",RELATED_TO
239973,285338,"{'time': 4.841279999999999, 'inv_time': 0.2065569436182167}",RELATED_TO
239973,285719,"{'time': 4.841279999999999, 'inv_time': 0.2065569436182167}",RELATED_TO
239973,286475,"{'time': 4.841279999999999, 'inv_time': 0.2065569436182167}",RELATED_TO
239973,286499,"{'time': 4.841279999999999, 'inv_time': 0.2065569436182167}",RELATED_TO
239973,286757,"{'time': 4.841279999999999, 'inv_time': 0.2065569436182167}",RELATED_TO
239973,286731,"{'time': 9.682559999999999, 'inv_time': 0.10327847180910835}",RELATED_TO
239973,286811,"{'time': 9.682559999999999, 'inv_time': 0.10327847180910835}",RELATED_TO
239973,286963,"{'time': 4.841279999999999, 'inv_time': 0.2065569436182167}",RELATED_TO
239983,284434,"{'time': 4.841279999999999, 'inv_time': 0.2065569436182167}",RELATED_TO
239983,284398,"{'time': 9.682559999999999, 'inv_time': 0.10327847180910835}",RELATED_TO
239983,284211,"{'time': 9.682559999999999, 'inv_time': 0.10327847180910835}",RELATED_TO
239983,284360,"{'time': 9.682559999999999, 'inv_time': 0.10327847180910835}",RELATED_TO
239983,284848,"{'time': 4.841279999999999, 'inv_time': 0.2065569436182167}",RELATED_TO
239983,285304,"{'time': 4.841279999999999, 'inv_time': 0.2065569436182167}",RELATED_TO
239983,285209,"{'time': 4.841279999999999, 'inv_time': 0.2065569436182167}",RELATED_TO
239983,285174,"{'time': 4.841279999999999, 'inv_time': 0.2065569436182167}",RELATED_TO
239983,285338,"{'time': 4.841279999999999, 'inv_time': 0.2065569436182167}",RELATED_TO
239983,285719,"{'time': 4.841279999999999, 'inv_time': 0.2065569436182167}",RELATED_TO
239983,286475,"{'time': 4.841279999999999, 'inv_time': 0.2065569436182167}",RELATED_TO
239983,286499,"{'time': 4.841279999999999, 'inv_time': 0.2065569436182167}",RELATED_TO
239983,286757,"{'time': 4.841279999999999, 'inv_time': 0.2065569436182167}",RELATED_TO
239983,286731,"{'time': 9.682559999999999, 'inv_time': 0.10327847180910835}",RELATED_TO
239983,286811,"{'time': 9.682559999999999, 'inv_time': 0.10327847180910835}",RELATED_TO
239983,286963,"{'time': 4.841279999999999, 'inv_time': 0.2065569436182167}",RELATED_TO
240187,284434,"{'time': 4.841279999999999, 'inv_time': 0.2065569436182167}",RELATED_TO
240187,284398,"{'time': 9.682559999999999, 'inv_time': 0.10327847180910835}",RELATED_TO
240187,284211,"{'time': 9.682559999999999, 'inv_time': 0.10327847180910835}",RELATED_TO
240187,284360,"{'time': 9.682559999999999, 'inv_time': 0.10327847180910835}",RELATED_TO
240187,284848,"{'time': 4.841279999999999, 'inv_time': 0.2065569436182167}",RELATED_TO
240187,285304,"{'time': 4.841279999999999, 'inv_time': 0.2065569436182167}",RELATED_TO
240187,285209,"{'time': 4.841279999999999, 'inv_time': 0.2065569436182167}",RELATED_TO
240187,285174,"{'time': 4.841279999999999, 'inv_time': 0.2065569436182167}",RELATED_TO
240187,285338,"{'time': 4.841279999999999, 'inv_time': 0.2065569436182167}",RELATED_TO
240187,285719,"{'time': 4.841279999999999, 'inv_time': 0.2065569436182167}",RELATED_TO
240187,286475,"{'time': 4.841279999999999, 'inv_time': 0.2065569436182167}",RELATED_TO
240187,286499,"{'time': 4.841279999999999, 'inv_time': 0.2065569436182167}",RELATED_TO
240187,286757,"{'time': 4.841279999999999, 'inv_time': 0.2065569436182167}",RELATED_TO
240187,286731,"{'time': 9.682559999999999, 'inv_time': 0.10327847180910835}",RELATED_TO
240187,286811,"{'time': 9.682559999999999, 'inv_time': 0.10327847180910835}",RELATED_TO
240187,286963,"{'time': 4.841279999999999, 'inv_time': 0.2065569436182167}",RELATED_TO
240221,284434,"{'time': 4.841279999999999, 'inv_time': 0.2065569436182167}",RELATED_TO
240221,284398,"{'time': 9.682559999999999, 'inv_time': 0.10327847180910835}",RELATED_TO
240221,284211,"{'time': 9.682559999999999, 'inv_time': 0.10327847180910835}",RELATED_TO
240221,284360,"{'time': 9.682559999999999, 'inv_time': 0.10327847180910835}",RELATED_TO
240221,284848,"{'time': 4.841279999999999, 'inv_time': 0.2065569436182167}",RELATED_TO
240221,285304,"{'time': 4.841279999999999, 'inv_time': 0.2065569436182167}",RELATED_TO
240221,285209,"{'time': 4.841279999999999, 'inv_time': 0.2065569436182167}",RELATED_TO
240221,285174,"{'time': 4.841279999999999, 'inv_time': 0.2065569436182167}",RELATED_TO
240221,285338,"{'time': 4.841279999999999, 'inv_time': 0.2065569436182167}",RELATED_TO
240221,285719,"{'time': 4.841279999999999, 'inv_time': 0.2065569436182167}",RELATED_TO
240221,286475,"{'time': 4.841279999999999, 'inv_time': 0.2065569436182167}",RELATED_TO
240221,286499,"{'time': 4.841279999999999, 'inv_time': 0.2065569436182167}",RELATED_TO
240221,286757,"{'time': 4.841279999999999, 'inv_time': 0.2065569436182167}",RELATED_TO
240221,286731,"{'time': 9.682559999999999, 'inv_time': 0.10327847180910835}",RELATED_TO
240221,286811,"{'time': 9.682559999999999, 'inv_time': 0.10327847180910835}",RELATED_TO
240221,286963,"{'time': 4.841279999999999, 'inv_time': 0.2065569436182167}",RELATED_TO
240277,284434,"{'time': 4.841279999999999, 'inv_time': 0.2065569436182167}",RELATED_TO
240277,284398,"{'time': 9.682559999999999, 'inv_time': 0.10327847180910835}",RELATED_TO
240277,284211,"{'time': 9.682559999999999, 'inv_time': 0.10327847180910835}",RELATED_TO
240277,284360,"{'time': 9.682559999999999, 'inv_time': 0.10327847180910835}",RELATED_TO
240277,284848,"{'time': 4.841279999999999, 'inv_time': 0.2065569436182167}",RELATED_TO
240277,285304,"{'time': 4.841279999999999, 'inv_time': 0.2065569436182167}",RELATED_TO
240277,285209,"{'time': 4.841279999999999, 'inv_time': 0.2065569436182167}",RELATED_TO
240277,285174,"{'time': 4.841279999999999, 'inv_time': 0.2065569436182167}",RELATED_TO
240277,285338,"{'time': 4.841279999999999, 'inv_time': 0.2065569436182167}",RELATED_TO
240277,285719,"{'time': 4.841279999999999, 'inv_time': 0.2065569436182167}",RELATED_TO
240277,286475,"{'time': 4.841279999999999, 'inv_time': 0.2065569436182167}",RELATED_TO
240277,286499,"{'time': 4.841279999999999, 'inv_time': 0.2065569436182167}",RELATED_TO
240277,286757,"{'time': 4.841279999999999, 'inv_time': 0.2065569436182167}",RELATED_TO
240277,286731,"{'time': 9.682559999999999, 'inv_time': 0.10327847180910835}",RELATED_TO
240277,286811,"{'time': 9.682559999999999, 'inv_time': 0.10327847180910835}",RELATED_TO
240277,286963,"{'time': 4.841279999999999, 'inv_time': 0.2065569436182167}",RELATED_TO
240411,284434,"{'time': 4.841279999999999, 'inv_time': 0.2065569436182167}",RELATED_TO
240411,284398,"{'time': 9.682559999999999, 'inv_time': 0.10327847180910835}",RELATED_TO
240411,284211,"{'time': 9.682559999999999, 'inv_time': 0.10327847180910835}",RELATED_TO
240411,284360,"{'time': 9.682559999999999, 'inv_time': 0.10327847180910835}",RELATED_TO
240411,284848,"{'time': 4.841279999999999, 'inv_time': 0.2065569436182167}",RELATED_TO
240411,285304,"{'time': 4.841279999999999, 'inv_time': 0.2065569436182167}",RELATED_TO
240411,285209,"{'time': 4.841279999999999, 'inv_time': 0.2065569436182167}",RELATED_TO
240411,285174,"{'time': 4.841279999999999, 'inv_time': 0.2065569436182167}",RELATED_TO
240411,285338,"{'time': 4.841279999999999, 'inv_time': 0.2065569436182167}",RELATED_TO
240411,285719,"{'time': 4.841279999999999, 'inv_time': 0.2065569436182167}",RELATED_TO
240411,286475,"{'time': 4.841279999999999, 'inv_time': 0.2065569436182167}",RELATED_TO
240411,286499,"{'time': 4.841279999999999, 'inv_time': 0.2065569436182167}",RELATED_TO
240411,286757,"{'time': 4.841279999999999, 'inv_time': 0.2065569436182167}",RELATED_TO
240411,286731,"{'time': 9.682559999999999, 'inv_time': 0.10327847180910835}",RELATED_TO
240411,286811,"{'time': 9.682559999999999, 'inv_time': 0.10327847180910835}",RELATED_TO
240411,286963,"{'time': 4.841279999999999, 'inv_time': 0.2065569436182167}",RELATED_TO
284434,240727,"{'time': 1.6655642200293137, 'inv_time': 0.6003971434871482}",RELATED_TO
284434,240737,"{'time': 1.6655642200293137, 'inv_time': 0.6003971434871482}",RELATED_TO
284434,240805,"{'time': 1.6655642200293137, 'inv_time': 0.6003971434871482}",RELATED_TO
284434,240793,"{'time': 1.6655642200293137, 'inv_time': 0.6003971434871482}",RELATED_TO
284434,240917,"{'time': 1.6655642200293137, 'inv_time': 0.6003971434871482}",RELATED_TO
284434,240929,"{'time': 1.6655642200293137, 'inv_time': 0.6003971434871482}",RELATED_TO
284434,240997,"{'time': 1.6655642200293137, 'inv_time': 0.6003971434871482}",RELATED_TO
284434,241075,"{'time': 1.6655642200293137, 'inv_time': 0.6003971434871482}",RELATED_TO
284398,240727,"{'time': 1.6655642200293137, 'inv_time': 0.6003971434871482}",RELATED_TO
284398,240737,"{'time': 1.6655642200293137, 'inv_time': 0.6003971434871482}",RELATED_TO
284398,240805,"{'time': 1.6655642200293137, 'inv_time': 0.6003971434871482}",RELATED_TO
284398,240793,"{'time': 1.6655642200293137, 'inv_time': 0.6003971434871482}",RELATED_TO
284398,240917,"{'time': 1.6655642200293137, 'inv_time': 0.6003971434871482}",RELATED_TO
284398,240929,"{'time': 1.6655642200293137, 'inv_time': 0.6003971434871482}",RELATED_TO
284398,240997,"{'time': 1.6655642200293137, 'inv_time': 0.6003971434871482}",RELATED_TO
284398,241075,"{'time': 1.6655642200293137, 'inv_time': 0.6003971434871482}",RELATED_TO
284211,240727,"{'time': 1.6655642200293137, 'inv_time': 0.6003971434871482}",RELATED_TO
284211,240737,"{'time': 1.6655642200293137, 'inv_time': 0.6003971434871482}",RELATED_TO
284211,240805,"{'time': 1.6655642200293137, 'inv_time': 0.6003971434871482}",RELATED_TO
284211,240793,"{'time': 1.6655642200293137, 'inv_time': 0.6003971434871482}",RELATED_TO
284211,240917,"{'time': 1.6655642200293137, 'inv_time': 0.6003971434871482}",RELATED_TO
284211,240929,"{'time': 1.6655642200293137, 'inv_time': 0.6003971434871482}",RELATED_TO
284211,240997,"{'time': 1.6655642200293137, 'inv_time': 0.6003971434871482}",RELATED_TO
284211,241075,"{'time': 1.6655642200293137, 'inv_time': 0.6003971434871482}",RELATED_TO
284360,240727,"{'time': 1.6655642200293137, 'inv_time': 0.6003971434871482}",RELATED_TO
284360,240737,"{'time': 1.6655642200293137, 'inv_time': 0.6003971434871482}",RELATED_TO
284360,240805,"{'time': 1.6655642200293137, 'inv_time': 0.6003971434871482}",RELATED_TO
284360,240793,"{'time': 1.6655642200293137, 'inv_time': 0.6003971434871482}",RELATED_TO
284360,240917,"{'time': 1.6655642200293137, 'inv_time': 0.6003971434871482}",RELATED_TO
284360,240929,"{'time': 1.6655642200293137, 'inv_time': 0.6003971434871482}",RELATED_TO
284360,240997,"{'time': 1.6655642200293137, 'inv_time': 0.6003971434871482}",RELATED_TO
284360,241075,"{'time': 1.6655642200293137, 'inv_time': 0.6003971434871482}",RELATED_TO
284848,240727,"{'time': 1.6655642200293137, 'inv_time': 0.6003971434871482}",RELATED_TO
284848,240737,"{'time': 1.6655642200293137, 'inv_time': 0.6003971434871482}",RELATED_TO
284848,240805,"{'time': 1.6655642200293137, 'inv_time': 0.6003971434871482}",RELATED_TO
284848,240793,"{'time': 1.6655642200293137, 'inv_time': 0.6003971434871482}",RELATED_TO
284848,240917,"{'time': 1.6655642200293137, 'inv_time': 0.6003971434871482}",RELATED_TO
284848,240929,"{'time': 1.6655642200293137, 'inv_time': 0.6003971434871482}",RELATED_TO
284848,240997,"{'time': 1.6655642200293137, 'inv_time': 0.6003971434871482}",RELATED_TO
284848,241075,"{'time': 1.6655642200293137, 'inv_time': 0.6003971434871482}",RELATED_TO
285304,240727,"{'time': 1.6655642200293137, 'inv_time': 0.6003971434871482}",RELATED_TO
285304,240737,"{'time': 1.6655642200293137, 'inv_time': 0.6003971434871482}",RELATED_TO
285304,240805,"{'time': 1.6655642200293137, 'inv_time': 0.6003971434871482}",RELATED_TO
285304,240793,"{'time': 1.6655642200293137, 'inv_time': 0.6003971434871482}",RELATED_TO
285304,240917,"{'time': 1.6655642200293137, 'inv_time': 0.6003971434871482}",RELATED_TO
285304,240929,"{'time': 1.6655642200293137, 'inv_time': 0.6003971434871482}",RELATED_TO
285304,240997,"{'time': 1.6655642200293137, 'inv_time': 0.6003971434871482}",RELATED_TO
285304,241075,"{'time': 1.6655642200293137, 'inv_time': 0.6003971434871482}",RELATED_TO
285209,240727,"{'time': 1.6655642200293137, 'inv_time': 0.6003971434871482}",RELATED_TO
285209,240737,"{'time': 1.6655642200293137, 'inv_time': 0.6003971434871482}",RELATED_TO
285209,240805,"{'time': 1.6655642200293137, 'inv_time': 0.6003971434871482}",RELATED_TO
285209,240793,"{'time': 1.6655642200293137, 'inv_time': 0.6003971434871482}",RELATED_TO
285209,240917,"{'time': 1.6655642200293137, 'inv_time': 0.6003971434871482}",RELATED_TO
285209,240929,"{'time': 1.6655642200293137, 'inv_time': 0.6003971434871482}",RELATED_TO
285209,240997,"{'time': 1.6655642200293137, 'inv_time': 0.6003971434871482}",RELATED_TO
285209,241075,"{'time': 1.6655642200293137, 'inv_time': 0.6003971434871482}",RELATED_TO
285174,240727,"{'time': 1.6655642200293137, 'inv_time': 0.6003971434871482}",RELATED_TO
285174,240737,"{'time': 1.6655642200293137, 'inv_time': 0.6003971434871482}",RELATED_TO
285174,240805,"{'time': 1.6655642200293137, 'inv_time': 0.6003971434871482}",RELATED_TO
285174,240793,"{'time': 1.6655642200293137, 'inv_time': 0.6003971434871482}",RELATED_TO
285174,240917,"{'time': 1.6655642200293137, 'inv_time': 0.6003971434871482}",RELATED_TO
285174,240929,"{'time': 1.6655642200293137, 'inv_time': 0.6003971434871482}",RELATED_TO
285174,240997,"{'time': 1.6655642200293137, 'inv_time': 0.6003971434871482}",RELATED_TO
285174,241075,"{'time': 1.6655642200293137, 'inv_time': 0.6003971434871482}",RELATED_TO
285338,240727,"{'time': 1.6655642200293137, 'inv_time': 0.6003971434871482}",RELATED_TO
285338,240737,"{'time': 1.6655642200293137, 'inv_time': 0.6003971434871482}",RELATED_TO
285338,240805,"{'time': 1.6655642200293137, 'inv_time': 0.6003971434871482}",RELATED_TO
285338,240793,"{'time': 1.6655642200293137, 'inv_time': 0.6003971434871482}",RELATED_TO
285338,240917,"{'time': 1.6655642200293137, 'inv_time': 0.6003971434871482}",RELATED_TO
285338,240929,"{'time': 1.6655642200293137, 'inv_time': 0.6003971434871482}",RELATED_TO
285338,240997,"{'time': 1.6655642200293137, 'inv_time': 0.6003971434871482}",RELATED_TO
285338,241075,"{'time': 1.6655642200293137, 'inv_time': 0.6003971434871482}",RELATED_TO
285719,240727,"{'time': 1.6655642200293137, 'inv_time': 0.6003971434871482}",RELATED_TO
285719,240737,"{'time': 1.6655642200293137, 'inv_time': 0.6003971434871482}",RELATED_TO
285719,240805,"{'time': 1.6655642200293137, 'inv_time': 0.6003971434871482}",RELATED_TO
285719,240793,"{'time': 1.6655642200293137, 'inv_time': 0.6003971434871482}",RELATED_TO
285719,240917,"{'time': 1.6655642200293137, 'inv_time': 0.6003971434871482}",RELATED_TO
285719,240929,"{'time': 1.6655642200293137, 'inv_time': 0.6003971434871482}",RELATED_TO
285719,240997,"{'time': 1.6655642200293137, 'inv_time': 0.6003971434871482}",RELATED_TO
285719,241075,"{'time': 1.6655642200293137, 'inv_time': 0.6003971434871482}",RELATED_TO
286475,240727,"{'time': 1.6655642200293137, 'inv_time': 0.6003971434871482}",RELATED_TO
286475,240737,"{'time': 1.6655642200293137, 'inv_time': 0.6003971434871482}",RELATED_TO
286475,240805,"{'time': 1.6655642200293137, 'inv_time': 0.6003971434871482}",RELATED_TO
286475,240793,"{'time': 1.6655642200293137, 'inv_time': 0.6003971434871482}",RELATED_TO
286475,240917,"{'time': 1.6655642200293137, 'inv_time': 0.6003971434871482}",RELATED_TO
286475,240929,"{'time': 1.6655642200293137, 'inv_time': 0.6003971434871482}",RELATED_TO
286475,240997,"{'time': 1.6655642200293137, 'inv_time': 0.6003971434871482}",RELATED_TO
286475,241075,"{'time': 1.6655642200293137, 'inv_time': 0.6003971434871482}",RELATED_TO
286499,240727,"{'time': 1.6655642200293137, 'inv_time': 0.6003971434871482}",RELATED_TO
286499,240737,"{'time': 1.6655642200293137, 'inv_time': 0.6003971434871482}",RELATED_TO
286499,240805,"{'time': 1.6655642200293137, 'inv_time': 0.6003971434871482}",RELATED_TO
286499,240793,"{'time': 1.6655642200293137, 'inv_time': 0.6003971434871482}",RELATED_TO
286499,240917,"{'time': 1.6655642200293137, 'inv_time': 0.6003971434871482}",RELATED_TO
286499,240929,"{'time': 1.6655642200293137, 'inv_time': 0.6003971434871482}",RELATED_TO
286499,240997,"{'time': 1.6655642200293137, 'inv_time': 0.6003971434871482}",RELATED_TO
286499,241075,"{'time': 1.6655642200293137, 'inv_time': 0.6003971434871482}",RELATED_TO
286757,240727,"{'time': 1.6655642200293137, 'inv_time': 0.6003971434871482}",RELATED_TO
286757,240737,"{'time': 1.6655642200293137, 'inv_time': 0.6003971434871482}",RELATED_TO
286757,240805,"{'time': 1.6655642200293137, 'inv_time': 0.6003971434871482}",RELATED_TO
286757,240793,"{'time': 1.6655642200293137, 'inv_time': 0.6003971434871482}",RELATED_TO
286757,240917,"{'time': 1.6655642200293137, 'inv_time': 0.6003971434871482}",RELATED_TO
286757,240929,"{'time': 1.6655642200293137, 'inv_time': 0.6003971434871482}",RELATED_TO
286757,240997,"{'time': 1.6655642200293137, 'inv_time': 0.6003971434871482}",RELATED_TO
286757,241075,"{'time': 1.6655642200293137, 'inv_time': 0.6003971434871482}",RELATED_TO
286731,240727,"{'time': 1.6655642200293137, 'inv_time': 0.6003971434871482}",RELATED_TO
286731,240737,"{'time': 1.6655642200293137, 'inv_time': 0.6003971434871482}",RELATED_TO
286731,240805,"{'time': 1.6655642200293137, 'inv_time': 0.6003971434871482}",RELATED_TO
286731,240793,"{'time': 1.6655642200293137, 'inv_time': 0.6003971434871482}",RELATED_TO
286731,240917,"{'time': 1.6655642200293137, 'inv_time': 0.6003971434871482}",RELATED_TO
286731,240929,"{'time': 1.6655642200293137, 'inv_time': 0.6003971434871482}",RELATED_TO
286731,240997,"{'time': 1.6655642200293137, 'inv_time': 0.6003971434871482}",RELATED_TO
286731,241075,"{'time': 1.6655642200293137, 'inv_time': 0.6003971434871482}",RELATED_TO
286811,240727,"{'time': 1.6655642200293137, 'inv_time': 0.6003971434871482}",RELATED_TO
286811,240737,"{'time': 1.6655642200293137, 'inv_time': 0.6003971434871482}",RELATED_TO
286811,240805,"{'time': 1.6655642200293137, 'inv_time': 0.6003971434871482}",RELATED_TO
286811,240793,"{'time': 1.6655642200293137, 'inv_time': 0.6003971434871482}",RELATED_TO
286811,240917,"{'time': 1.6655642200293137, 'inv_time': 0.6003971434871482}",RELATED_TO
286811,240929,"{'time': 1.6655642200293137, 'inv_time': 0.6003971434871482}",RELATED_TO
286811,240997,"{'time': 1.6655642200293137, 'inv_time': 0.6003971434871482}",RELATED_TO
286811,241075,"{'time': 1.6655642200293137, 'inv_time': 0.6003971434871482}",RELATED_TO
286963,240727,"{'time': 1.6655642200293137, 'inv_time': 0.6003971434871482}",RELATED_TO
286963,240737,"{'time': 1.6655642200293137, 'inv_time': 0.6003971434871482}",RELATED_TO
286963,240805,"{'time': 1.6655642200293137, 'inv_time': 0.6003971434871482}",RELATED_TO
286963,240793,"{'time': 1.6655642200293137, 'inv_time': 0.6003971434871482}",RELATED_TO
286963,240917,"{'time': 1.6655642200293137, 'inv_time': 0.6003971434871482}",RELATED_TO
286963,240929,"{'time': 1.6655642200293137, 'inv_time': 0.6003971434871482}",RELATED_TO
286963,240997,"{'time': 1.6655642200293137, 'inv_time': 0.6003971434871482}",RELATED_TO
286963,241075,"{'time': 1.6655642200293137, 'inv_time': 0.6003971434871482}",RELATED_TO
240727,287123,"{'time': 4.841279999999999, 'inv_time': 0.2065569436182167}",RELATED_TO
240727,287193,"{'time': 4.841279999999999, 'inv_time': 0.2065569436182167}",RELATED_TO
240727,287145,"{'time': 4.841279999999999, 'inv_time': 0.2065569436182167}",RELATED_TO
240727,287101,"{'time': 4.841279999999999, 'inv_time': 0.2065569436182167}",RELATED_TO
240727,287078,"{'time': 4.841279999999999, 'inv_time': 0.2065569436182167}",RELATED_TO
240727,287170,"{'time': 4.841279999999999, 'inv_time': 0.2065569436182167}",RELATED_TO
240727,287420,"{'time': 4.841279999999999, 'inv_time': 0.2065569436182167}",RELATED_TO
240727,287487,"{'time': 4.841279999999999, 'inv_time': 0.2065569436182167}",RELATED_TO
240727,287215,"{'time': 9.682559999999999, 'inv_time': 0.10327847180910835}",RELATED_TO
240727,287397,"{'time': 4.841279999999999, 'inv_time': 0.2065569436182167}",RELATED_TO
240727,287525,"{'time': 4.841279999999999, 'inv_time': 0.2065569436182167}",RELATED_TO
240727,287567,"{'time': 4.841279999999999, 'inv_time': 0.2065569436182167}",RELATED_TO
240727,287789,"{'time': 14.52384, 'inv_time': 0.06885231453940556}",RELATED_TO
240727,288351,"{'time': 4.841279999999999, 'inv_time': 0.2065569436182167}",RELATED_TO
240727,288387,"{'time': 4.841279999999999, 'inv_time': 0.2065569436182167}",RELATED_TO
240727,288297,"{'time': 4.841279999999999, 'inv_time': 0.2065569436182167}",RELATED_TO
240737,287123,"{'time': 4.841279999999999, 'inv_time': 0.2065569436182167}",RELATED_TO
240737,287193,"{'time': 4.841279999999999, 'inv_time': 0.2065569436182167}",RELATED_TO
240737,287145,"{'time': 4.841279999999999, 'inv_time': 0.2065569436182167}",RELATED_TO
240737,287101,"{'time': 4.841279999999999, 'inv_time': 0.2065569436182167}",RELATED_TO
240737,287078,"{'time': 4.841279999999999, 'inv_time': 0.2065569436182167}",RELATED_TO
240737,287170,"{'time': 4.841279999999999, 'inv_time': 0.2065569436182167}",RELATED_TO
240737,287420,"{'time': 4.841279999999999, 'inv_time': 0.2065569436182167}",RELATED_TO
240737,287487,"{'time': 4.841279999999999, 'inv_time': 0.2065569436182167}",RELATED_TO
240737,287215,"{'time': 9.682559999999999, 'inv_time': 0.10327847180910835}",RELATED_TO
240737,287397,"{'time': 4.841279999999999, 'inv_time': 0.2065569436182167}",RELATED_TO
240737,287525,"{'time': 4.841279999999999, 'inv_time': 0.2065569436182167}",RELATED_TO
240737,287567,"{'time': 4.841279999999999, 'inv_time': 0.2065569436182167}",RELATED_TO
240737,287789,"{'time': 14.52384, 'inv_time': 0.06885231453940556}",RELATED_TO
240737,288351,"{'time': 4.841279999999999, 'inv_time': 0.2065569436182167}",RELATED_TO
240737,288387,"{'time': 4.841279999999999, 'inv_time': 0.2065569436182167}",RELATED_TO
240737,288297,"{'time': 4.841279999999999, 'inv_time': 0.2065569436182167}",RELATED_TO
240805,287123,"{'time': 4.841279999999999, 'inv_time': 0.2065569436182167}",RELATED_TO
240805,287193,"{'time': 4.841279999999999, 'inv_time': 0.2065569436182167}",RELATED_TO
240805,287145,"{'time': 4.841279999999999, 'inv_time': 0.2065569436182167}",RELATED_TO
240805,287101,"{'time': 4.841279999999999, 'inv_time': 0.2065569436182167}",RELATED_TO
240805,287078,"{'time': 4.841279999999999, 'inv_time': 0.2065569436182167}",RELATED_TO
240805,287170,"{'time': 4.841279999999999, 'inv_time': 0.2065569436182167}",RELATED_TO
240805,287420,"{'time': 4.841279999999999, 'inv_time': 0.2065569436182167}",RELATED_TO
240805,287487,"{'time': 4.841279999999999, 'inv_time': 0.2065569436182167}",RELATED_TO
240805,287215,"{'time': 9.682559999999999, 'inv_time': 0.10327847180910835}",RELATED_TO
240805,287397,"{'time': 4.841279999999999, 'inv_time': 0.2065569436182167}",RELATED_TO
240805,287525,"{'time': 4.841279999999999, 'inv_time': 0.2065569436182167}",RELATED_TO
240805,287567,"{'time': 4.841279999999999, 'inv_time': 0.2065569436182167}",RELATED_TO
240805,287789,"{'time': 14.52384, 'inv_time': 0.06885231453940556}",RELATED_TO
240805,288351,"{'time': 4.841279999999999, 'inv_time': 0.2065569436182167}",RELATED_TO
240805,288387,"{'time': 4.841279999999999, 'inv_time': 0.2065569436182167}",RELATED_TO
240805,288297,"{'time': 4.841279999999999, 'inv_time': 0.2065569436182167}",RELATED_TO
240793,287123,"{'time': 4.841279999999999, 'inv_time': 0.2065569436182167}",RELATED_TO
240793,287193,"{'time': 4.841279999999999, 'inv_time': 0.2065569436182167}",RELATED_TO
240793,287145,"{'time': 4.841279999999999, 'inv_time': 0.2065569436182167}",RELATED_TO
240793,287101,"{'time': 4.841279999999999, 'inv_time': 0.2065569436182167}",RELATED_TO
240793,287078,"{'time': 4.841279999999999, 'inv_time': 0.2065569436182167}",RELATED_TO
240793,287170,"{'time': 4.841279999999999, 'inv_time': 0.2065569436182167}",RELATED_TO
240793,287420,"{'time': 4.841279999999999, 'inv_time': 0.2065569436182167}",RELATED_TO
240793,287487,"{'time': 4.841279999999999, 'inv_time': 0.2065569436182167}",RELATED_TO
240793,287215,"{'time': 9.682559999999999, 'inv_time': 0.10327847180910835}",RELATED_TO
240793,287397,"{'time': 4.841279999999999, 'inv_time': 0.2065569436182167}",RELATED_TO
240793,287525,"{'time': 4.841279999999999, 'inv_time': 0.2065569436182167}",RELATED_TO
240793,287567,"{'time': 4.841279999999999, 'inv_time': 0.2065569436182167}",RELATED_TO
240793,287789,"{'time': 14.52384, 'inv_time': 0.06885231453940556}",RELATED_TO
240793,288351,"{'time': 4.841279999999999, 'inv_time': 0.2065569436182167}",RELATED_TO
240793,288387,"{'time': 4.841279999999999, 'inv_time': 0.2065569436182167}",RELATED_TO
240793,288297,"{'time': 4.841279999999999, 'inv_time': 0.2065569436182167}",RELATED_TO
240917,287123,"{'time': 4.841279999999999, 'inv_time': 0.2065569436182167}",RELATED_TO
240917,287193,"{'time': 4.841279999999999, 'inv_time': 0.2065569436182167}",RELATED_TO
240917,287145,"{'time': 4.841279999999999, 'inv_time': 0.2065569436182167}",RELATED_TO
240917,287101,"{'time': 4.841279999999999, 'inv_time': 0.2065569436182167}",RELATED_TO
240917,287078,"{'time': 4.841279999999999, 'inv_time': 0.2065569436182167}",RELATED_TO
240917,287170,"{'time': 4.841279999999999, 'inv_time': 0.2065569436182167}",RELATED_TO
240917,287420,"{'time': 4.841279999999999, 'inv_time': 0.2065569436182167}",RELATED_TO
240917,287487,"{'time': 4.841279999999999, 'inv_time': 0.2065569436182167}",RELATED_TO
240917,287215,"{'time': 9.682559999999999, 'inv_time': 0.10327847180910835}",RELATED_TO
240917,287397,"{'time': 4.841279999999999, 'inv_time': 0.2065569436182167}",RELATED_TO
240917,287525,"{'time': 4.841279999999999, 'inv_time': 0.2065569436182167}",RELATED_TO
240917,287567,"{'time': 4.841279999999999, 'inv_time': 0.2065569436182167}",RELATED_TO
240917,287789,"{'time': 14.52384, 'inv_time': 0.06885231453940556}",RELATED_TO
240917,288351,"{'time': 4.841279999999999, 'inv_time': 0.2065569436182167}",RELATED_TO
240917,288387,"{'time': 4.841279999999999, 'inv_time': 0.2065569436182167}",RELATED_TO
240917,288297,"{'time': 4.841279999999999, 'inv_time': 0.2065569436182167}",RELATED_TO
240929,287123,"{'time': 4.841279999999999, 'inv_time': 0.2065569436182167}",RELATED_TO
240929,287193,"{'time': 4.841279999999999, 'inv_time': 0.2065569436182167}",RELATED_TO
240929,287145,"{'time': 4.841279999999999, 'inv_time': 0.2065569436182167}",RELATED_TO
240929,287101,"{'time': 4.841279999999999, 'inv_time': 0.2065569436182167}",RELATED_TO
240929,287078,"{'time': 4.841279999999999, 'inv_time': 0.2065569436182167}",RELATED_TO
240929,287170,"{'time': 4.841279999999999, 'inv_time': 0.2065569436182167}",RELATED_TO
240929,287420,"{'time': 4.841279999999999, 'inv_time': 0.2065569436182167}",RELATED_TO
240929,287487,"{'time': 4.841279999999999, 'inv_time': 0.2065569436182167}",RELATED_TO
240929,287215,"{'time': 9.682559999999999, 'inv_time': 0.10327847180910835}",RELATED_TO
240929,287397,"{'time': 4.841279999999999, 'inv_time': 0.2065569436182167}",RELATED_TO
240929,287525,"{'time': 4.841279999999999, 'inv_time': 0.2065569436182167}",RELATED_TO
240929,287567,"{'time': 4.841279999999999, 'inv_time': 0.2065569436182167}",RELATED_TO
240929,287789,"{'time': 14.52384, 'inv_time': 0.06885231453940556}",RELATED_TO
240929,288351,"{'time': 4.841279999999999, 'inv_time': 0.2065569436182167}",RELATED_TO
240929,288387,"{'time': 4.841279999999999, 'inv_time': 0.2065569436182167}",RELATED_TO
240929,288297,"{'time': 4.841279999999999, 'inv_time': 0.2065569436182167}",RELATED_TO
240997,287123,"{'time': 4.841279999999999, 'inv_time': 0.2065569436182167}",RELATED_TO
240997,287193,"{'time': 4.841279999999999, 'inv_time': 0.2065569436182167}",RELATED_TO
240997,287145,"{'time': 4.841279999999999, 'inv_time': 0.2065569436182167}",RELATED_TO
240997,287101,"{'time': 4.841279999999999, 'inv_time': 0.2065569436182167}",RELATED_TO
240997,287078,"{'time': 4.841279999999999, 'inv_time': 0.2065569436182167}",RELATED_TO
240997,287170,"{'time': 4.841279999999999, 'inv_time': 0.2065569436182167}",RELATED_TO
240997,287420,"{'time': 4.841279999999999, 'inv_time': 0.2065569436182167}",RELATED_TO
240997,287487,"{'time': 4.841279999999999, 'inv_time': 0.2065569436182167}",RELATED_TO
240997,287215,"{'time': 9.682559999999999, 'inv_time': 0.10327847180910835}",RELATED_TO
240997,287397,"{'time': 4.841279999999999, 'inv_time': 0.2065569436182167}",RELATED_TO
240997,287525,"{'time': 4.841279999999999, 'inv_time': 0.2065569436182167}",RELATED_TO
240997,287567,"{'time': 4.841279999999999, 'inv_time': 0.2065569436182167}",RELATED_TO
240997,287789,"{'time': 14.52384, 'inv_time': 0.06885231453940556}",RELATED_TO
240997,288351,"{'time': 4.841279999999999, 'inv_time': 0.2065569436182167}",RELATED_TO
240997,288387,"{'time': 4.841279999999999, 'inv_time': 0.2065569436182167}",RELATED_TO
240997,288297,"{'time': 4.841279999999999, 'inv_time': 0.2065569436182167}",RELATED_TO
241075,287123,"{'time': 4.841279999999999, 'inv_time': 0.2065569436182167}",RELATED_TO
241075,287193,"{'time': 4.841279999999999, 'inv_time': 0.2065569436182167}",RELATED_TO
241075,287145,"{'time': 4.841279999999999, 'inv_time': 0.2065569436182167}",RELATED_TO
241075,287101,"{'time': 4.841279999999999, 'inv_time': 0.2065569436182167}",RELATED_TO
241075,287078,"{'time': 4.841279999999999, 'inv_time': 0.2065569436182167}",RELATED_TO
241075,287170,"{'time': 4.841279999999999, 'inv_time': 0.2065569436182167}",RELATED_TO
241075,287420,"{'time': 4.841279999999999, 'inv_time': 0.2065569436182167}",RELATED_TO
241075,287487,"{'time': 4.841279999999999, 'inv_time': 0.2065569436182167}",RELATED_TO
241075,287215,"{'time': 9.682559999999999, 'inv_time': 0.10327847180910835}",RELATED_TO
241075,287397,"{'time': 4.841279999999999, 'inv_time': 0.2065569436182167}",RELATED_TO
241075,287525,"{'time': 4.841279999999999, 'inv_time': 0.2065569436182167}",RELATED_TO
241075,287567,"{'time': 4.841279999999999, 'inv_time': 0.2065569436182167}",RELATED_TO
241075,287789,"{'time': 14.52384, 'inv_time': 0.06885231453940556}",RELATED_TO
241075,288351,"{'time': 4.841279999999999, 'inv_time': 0.2065569436182167}",RELATED_TO
241075,288387,"{'time': 4.841279999999999, 'inv_time': 0.2065569436182167}",RELATED_TO
241075,288297,"{'time': 4.841279999999999, 'inv_time': 0.2065569436182167}",RELATED_TO
287123,241367,"{'time': 1.6655642200293137, 'inv_time': 0.6003971434871482}",RELATED_TO
287123,241401,"{'time': 1.6655642200293137, 'inv_time': 0.6003971434871482}",RELATED_TO
287123,241379,"{'time': 1.6655642200293137, 'inv_time': 0.6003971434871482}",RELATED_TO
287123,241413,"{'time': 1.6655642200293137, 'inv_time': 0.6003971434871482}",RELATED_TO
287123,241481,"{'time': 1.6655642200293137, 'inv_time': 0.6003971434871482}",RELATED_TO
287123,241525,"{'time': 1.6655642200293137, 'inv_time': 0.6003971434871482}",RELATED_TO
287123,241503,"{'time': 1.6655642200293137, 'inv_time': 0.6003971434871482}",RELATED_TO
287123,241513,"{'time': 1.6655642200293137, 'inv_time': 0.6003971434871482}",RELATED_TO
287193,241367,"{'time': 1.6655642200293137, 'inv_time': 0.6003971434871482}",RELATED_TO
287193,241401,"{'time': 1.6655642200293137, 'inv_time': 0.6003971434871482}",RELATED_TO
287193,241379,"{'time': 1.6655642200293137, 'inv_time': 0.6003971434871482}",RELATED_TO
287193,241413,"{'time': 1.6655642200293137, 'inv_time': 0.6003971434871482}",RELATED_TO
287193,241481,"{'time': 1.6655642200293137, 'inv_time': 0.6003971434871482}",RELATED_TO
287193,241525,"{'time': 1.6655642200293137, 'inv_time': 0.6003971434871482}",RELATED_TO
287193,241503,"{'time': 1.6655642200293137, 'inv_time': 0.6003971434871482}",RELATED_TO
287193,241513,"{'time': 1.6655642200293137, 'inv_time': 0.6003971434871482}",RELATED_TO
287145,241367,"{'time': 1.6655642200293137, 'inv_time': 0.6003971434871482}",RELATED_TO
287145,241401,"{'time': 1.6655642200293137, 'inv_time': 0.6003971434871482}",RELATED_TO
287145,241379,"{'time': 1.6655642200293137, 'inv_time': 0.6003971434871482}",RELATED_TO
287145,241413,"{'time': 1.6655642200293137, 'inv_time': 0.6003971434871482}",RELATED_TO
287145,241481,"{'time': 1.6655642200293137, 'inv_time': 0.6003971434871482}",RELATED_TO
287145,241525,"{'time': 1.6655642200293137, 'inv_time': 0.6003971434871482}",RELATED_TO
287145,241503,"{'time': 1.6655642200293137, 'inv_time': 0.6003971434871482}",RELATED_TO
287145,241513,"{'time': 1.6655642200293137, 'inv_time': 0.6003971434871482}",RELATED_TO
287101,241367,"{'time': 1.6655642200293137, 'inv_time': 0.6003971434871482}",RELATED_TO
287101,241401,"{'time': 1.6655642200293137, 'inv_time': 0.6003971434871482}",RELATED_TO
287101,241379,"{'time': 1.6655642200293137, 'inv_time': 0.6003971434871482}",RELATED_TO
287101,241413,"{'time': 1.6655642200293137, 'inv_time': 0.6003971434871482}",RELATED_TO
287101,241481,"{'time': 1.6655642200293137, 'inv_time': 0.6003971434871482}",RELATED_TO
287101,241525,"{'time': 1.6655642200293137, 'inv_time': 0.6003971434871482}",RELATED_TO
287101,241503,"{'time': 1.6655642200293137, 'inv_time': 0.6003971434871482}",RELATED_TO
287101,241513,"{'time': 1.6655642200293137, 'inv_time': 0.6003971434871482}",RELATED_TO
287078,241367,"{'time': 1.6655642200293137, 'inv_time': 0.6003971434871482}",RELATED_TO
287078,241401,"{'time': 1.6655642200293137, 'inv_time': 0.6003971434871482}",RELATED_TO
287078,241379,"{'time': 1.6655642200293137, 'inv_time': 0.6003971434871482}",RELATED_TO
287078,241413,"{'time': 1.6655642200293137, 'inv_time': 0.6003971434871482}",RELATED_TO
287078,241481,"{'time': 1.6655642200293137, 'inv_time': 0.6003971434871482}",RELATED_TO
287078,241525,"{'time': 1.6655642200293137, 'inv_time': 0.6003971434871482}",RELATED_TO
287078,241503,"{'time': 1.6655642200293137, 'inv_time': 0.6003971434871482}",RELATED_TO
287078,241513,"{'time': 1.6655642200293137, 'inv_time': 0.6003971434871482}",RELATED_TO
287170,241367,"{'time': 1.6655642200293137, 'inv_time': 0.6003971434871482}",RELATED_TO
287170,241401,"{'time': 1.6655642200293137, 'inv_time': 0.6003971434871482}",RELATED_TO
287170,241379,"{'time': 1.6655642200293137, 'inv_time': 0.6003971434871482}",RELATED_TO
287170,241413,"{'time': 1.6655642200293137, 'inv_time': 0.6003971434871482}",RELATED_TO
287170,241481,"{'time': 1.6655642200293137, 'inv_time': 0.6003971434871482}",RELATED_TO
287170,241525,"{'time': 1.6655642200293137, 'inv_time': 0.6003971434871482}",RELATED_TO
287170,241503,"{'time': 1.6655642200293137, 'inv_time': 0.6003971434871482}",RELATED_TO
287170,241513,"{'time': 1.6655642200293137, 'inv_time': 0.6003971434871482}",RELATED_TO
287420,241367,"{'time': 1.6655642200293137, 'inv_time': 0.6003971434871482}",RELATED_TO
287420,241401,"{'time': 1.6655642200293137, 'inv_time': 0.6003971434871482}",RELATED_TO
287420,241379,"{'time': 1.6655642200293137, 'inv_time': 0.6003971434871482}",RELATED_TO
287420,241413,"{'time': 1.6655642200293137, 'inv_time': 0.6003971434871482}",RELATED_TO
287420,241481,"{'time': 1.6655642200293137, 'inv_time': 0.6003971434871482}",RELATED_TO
287420,241525,"{'time': 1.6655642200293137, 'inv_time': 0.6003971434871482}",RELATED_TO
287420,241503,"{'time': 1.6655642200293137, 'inv_time': 0.6003971434871482}",RELATED_TO
287420,241513,"{'time': 1.6655642200293137, 'inv_time': 0.6003971434871482}",RELATED_TO
287487,241367,"{'time': 1.6655642200293137, 'inv_time': 0.6003971434871482}",RELATED_TO
287487,241401,"{'time': 1.6655642200293137, 'inv_time': 0.6003971434871482}",RELATED_TO
287487,241379,"{'time': 1.6655642200293137, 'inv_time': 0.6003971434871482}",RELATED_TO
287487,241413,"{'time': 1.6655642200293137, 'inv_time': 0.6003971434871482}",RELATED_TO
287487,241481,"{'time': 1.6655642200293137, 'inv_time': 0.6003971434871482}",RELATED_TO
287487,241525,"{'time': 1.6655642200293137, 'inv_time': 0.6003971434871482}",RELATED_TO
287487,241503,"{'time': 1.6655642200293137, 'inv_time': 0.6003971434871482}",RELATED_TO
287487,241513,"{'time': 1.6655642200293137, 'inv_time': 0.6003971434871482}",RELATED_TO
287215,241367,"{'time': 1.6655642200293137, 'inv_time': 0.6003971434871482}",RELATED_TO
287215,241401,"{'time': 1.6655642200293137, 'inv_time': 0.6003971434871482}",RELATED_TO
287215,241379,"{'time': 1.6655642200293137, 'inv_time': 0.6003971434871482}",RELATED_TO
287215,241413,"{'time': 1.6655642200293137, 'inv_time': 0.6003971434871482}",RELATED_TO
287215,241481,"{'time': 1.6655642200293137, 'inv_time': 0.6003971434871482}",RELATED_TO
287215,241525,"{'time': 1.6655642200293137, 'inv_time': 0.6003971434871482}",RELATED_TO
287215,241503,"{'time': 1.6655642200293137, 'inv_time': 0.6003971434871482}",RELATED_TO
287215,241513,"{'time': 1.6655642200293137, 'inv_time': 0.6003971434871482}",RELATED_TO
287397,241367,"{'time': 1.6655642200293137, 'inv_time': 0.6003971434871482}",RELATED_TO
287397,241401,"{'time': 1.6655642200293137, 'inv_time': 0.6003971434871482}",RELATED_TO
287397,241379,"{'time': 1.6655642200293137, 'inv_time': 0.6003971434871482}",RELATED_TO
287397,241413,"{'time': 1.6655642200293137, 'inv_time': 0.6003971434871482}",RELATED_TO
287397,241481,"{'time': 1.6655642200293137, 'inv_time': 0.6003971434871482}",RELATED_TO
287397,241525,"{'time': 1.6655642200293137, 'inv_time': 0.6003971434871482}",RELATED_TO
287397,241503,"{'time': 1.6655642200293137, 'inv_time': 0.6003971434871482}",RELATED_TO
287397,241513,"{'time': 1.6655642200293137, 'inv_time': 0.6003971434871482}",RELATED_TO
287525,241367,"{'time': 1.6655642200293137, 'inv_time': 0.6003971434871482}",RELATED_TO
287525,241401,"{'time': 1.6655642200293137, 'inv_time': 0.6003971434871482}",RELATED_TO
287525,241379,"{'time': 1.6655642200293137, 'inv_time': 0.6003971434871482}",RELATED_TO
287525,241413,"{'time': 1.6655642200293137, 'inv_time': 0.6003971434871482}",RELATED_TO
287525,241481,"{'time': 1.6655642200293137, 'inv_time': 0.6003971434871482}",RELATED_TO
287525,241525,"{'time': 1.6655642200293137, 'inv_time': 0.6003971434871482}",RELATED_TO
287525,241503,"{'time': 1.6655642200293137, 'inv_time': 0.6003971434871482}",RELATED_TO
287525,241513,"{'time': 1.6655642200293137, 'inv_time': 0.6003971434871482}",RELATED_TO
287567,241367,"{'time': 1.6655642200293137, 'inv_time': 0.6003971434871482}",RELATED_TO
287567,241401,"{'time': 1.6655642200293137, 'inv_time': 0.6003971434871482}",RELATED_TO
287567,241379,"{'time': 1.6655642200293137, 'inv_time': 0.6003971434871482}",RELATED_TO
287567,241413,"{'time': 1.6655642200293137, 'inv_time': 0.6003971434871482}",RELATED_TO
287567,241481,"{'time': 1.6655642200293137, 'inv_time': 0.6003971434871482}",RELATED_TO
287567,241525,"{'time': 1.6655642200293137, 'inv_time': 0.6003971434871482}",RELATED_TO
287567,241503,"{'time': 1.6655642200293137, 'inv_time': 0.6003971434871482}",RELATED_TO
287567,241513,"{'time': 1.6655642200293137, 'inv_time': 0.6003971434871482}",RELATED_TO
287789,241367,"{'time': 1.6655642200293137, 'inv_time': 0.6003971434871482}",RELATED_TO
287789,241401,"{'time': 1.6655642200293137, 'inv_time': 0.6003971434871482}",RELATED_TO
287789,241379,"{'time': 1.6655642200293137, 'inv_time': 0.6003971434871482}",RELATED_TO
287789,241413,"{'time': 1.6655642200293137, 'inv_time': 0.6003971434871482}",RELATED_TO
287789,241481,"{'time': 1.6655642200293137, 'inv_time': 0.6003971434871482}",RELATED_TO
287789,241525,"{'time': 1.6655642200293137, 'inv_time': 0.6003971434871482}",RELATED_TO
287789,241503,"{'time': 1.6655642200293137, 'inv_time': 0.6003971434871482}",RELATED_TO
287789,241513,"{'time': 1.6655642200293137, 'inv_time': 0.6003971434871482}",RELATED_TO
288351,241367,"{'time': 1.6655642200293137, 'inv_time': 0.6003971434871482}",RELATED_TO
288351,241401,"{'time': 1.6655642200293137, 'inv_time': 0.6003971434871482}",RELATED_TO
288351,241379,"{'time': 1.6655642200293137, 'inv_time': 0.6003971434871482}",RELATED_TO
288351,241413,"{'time': 1.6655642200293137, 'inv_time': 0.6003971434871482}",RELATED_TO
288351,241481,"{'time': 1.6655642200293137, 'inv_time': 0.6003971434871482}",RELATED_TO
288351,241525,"{'time': 1.6655642200293137, 'inv_time': 0.6003971434871482}",RELATED_TO
288351,241503,"{'time': 1.6655642200293137, 'inv_time': 0.6003971434871482}",RELATED_TO
288351,241513,"{'time': 1.6655642200293137, 'inv_time': 0.6003971434871482}",RELATED_TO
288387,241367,"{'time': 1.6655642200293137, 'inv_time': 0.6003971434871482}",RELATED_TO
288387,241401,"{'time': 1.6655642200293137, 'inv_time': 0.6003971434871482}",RELATED_TO
288387,241379,"{'time': 1.6655642200293137, 'inv_time': 0.6003971434871482}",RELATED_TO
288387,241413,"{'time': 1.6655642200293137, 'inv_time': 0.6003971434871482}",RELATED_TO
288387,241481,"{'time': 1.6655642200293137, 'inv_time': 0.6003971434871482}",RELATED_TO
288387,241525,"{'time': 1.6655642200293137, 'inv_time': 0.6003971434871482}",RELATED_TO
288387,241503,"{'time': 1.6655642200293137, 'inv_time': 0.6003971434871482}",RELATED_TO
288387,241513,"{'time': 1.6655642200293137, 'inv_time': 0.6003971434871482}",RELATED_TO
288297,241367,"{'time': 1.6655642200293137, 'inv_time': 0.6003971434871482}",RELATED_TO
288297,241401,"{'time': 1.6655642200293137, 'inv_time': 0.6003971434871482}",RELATED_TO
288297,241379,"{'time': 1.6655642200293137, 'inv_time': 0.6003971434871482}",RELATED_TO
288297,241413,"{'time': 1.6655642200293137, 'inv_time': 0.6003971434871482}",RELATED_TO
288297,241481,"{'time': 1.6655642200293137, 'inv_time': 0.6003971434871482}",RELATED_TO
288297,241525,"{'time': 1.6655642200293137, 'inv_time': 0.6003971434871482}",RELATED_TO
288297,241503,"{'time': 1.6655642200293137, 'inv_time': 0.6003971434871482}",RELATED_TO
288297,241513,"{'time': 1.6655642200293137, 'inv_time': 0.6003971434871482}",RELATED_TO
241367,288459,"{'time': 72.61919999999999, 'inv_time': 0.013770462907881113}",RELATED_TO
241401,288459,"{'time': 72.61919999999999, 'inv_time': 0.013770462907881113}",RELATED_TO
241379,288459,"{'time': 72.61919999999999, 'inv_time': 0.013770462907881113}",RELATED_TO
241413,288459,"{'time': 72.61919999999999, 'inv_time': 0.013770462907881113}",RELATED_TO
241481,288459,"{'time': 72.61919999999999, 'inv_time': 0.013770462907881113}",RELATED_TO
241525,288459,"{'time': 72.61919999999999, 'inv_time': 0.013770462907881113}",RELATED_TO
241503,288459,"{'time': 72.61919999999999, 'inv_time': 0.013770462907881113}",RELATED_TO
241513,288459,"{'time': 72.61919999999999, 'inv_time': 0.013770462907881113}",RELATED_TO
288459,241717,"{'time': 1.6655642200293137, 'inv_time': 0.6003971434871482}",RELATED_TO
288459,241693,"{'time': 1.6655642200293137, 'inv_time': 0.6003971434871482}",RELATED_TO
288459,241739,"{'time': 1.6655642200293137, 'inv_time': 0.6003971434871482}",RELATED_TO
288459,241773,"{'time': 1.6655642200293137, 'inv_time': 0.6003971434871482}",RELATED_TO
288459,241751,"{'time': 1.6655642200293137, 'inv_time': 0.6003971434871482}",RELATED_TO
288459,241761,"{'time': 1.6655642200293137, 'inv_time': 0.6003971434871482}",RELATED_TO
288459,241885,"{'time': 1.6655642200293137, 'inv_time': 0.6003971434871482}",RELATED_TO
288459,241897,"{'time': 1.6655642200293137, 'inv_time': 0.6003971434871482}",RELATED_TO
241717,288783,"{'time': 4.841279999999999, 'inv_time': 0.2065569436182167}",RELATED_TO
241717,288639,"{'time': 38.730239999999995, 'inv_time': 0.025819617952277087}",RELATED_TO
241693,288783,"{'time': 4.841279999999999, 'inv_time': 0.2065569436182167}",RELATED_TO
241693,288639,"{'time': 38.730239999999995, 'inv_time': 0.025819617952277087}",RELATED_TO
241739,288783,"{'time': 4.841279999999999, 'inv_time': 0.2065569436182167}",RELATED_TO
241739,288639,"{'time': 38.730239999999995, 'inv_time': 0.025819617952277087}",RELATED_TO
241773,288783,"{'time': 4.841279999999999, 'inv_time': 0.2065569436182167}",RELATED_TO
241773,288639,"{'time': 38.730239999999995, 'inv_time': 0.025819617952277087}",RELATED_TO
241751,288783,"{'time': 4.841279999999999, 'inv_time': 0.2065569436182167}",RELATED_TO
241751,288639,"{'time': 38.730239999999995, 'inv_time': 0.025819617952277087}",RELATED_TO
241761,288783,"{'time': 4.841279999999999, 'inv_time': 0.2065569436182167}",RELATED_TO
241761,288639,"{'time': 38.730239999999995, 'inv_time': 0.025819617952277087}",RELATED_TO
241885,288783,"{'time': 4.841279999999999, 'inv_time': 0.2065569436182167}",RELATED_TO
241885,288639,"{'time': 38.730239999999995, 'inv_time': 0.025819617952277087}",RELATED_TO
241897,288783,"{'time': 4.841279999999999, 'inv_time': 0.2065569436182167}",RELATED_TO
241897,288639,"{'time': 38.730239999999995, 'inv_time': 0.025819617952277087}",RELATED_TO
288783,241941,"{'time': 1.6655642200293137, 'inv_time': 0.6003971434871482}",RELATED_TO
288783,242043,"{'time': 1.6655642200293137, 'inv_time': 0.6003971434871482}",RELATED_TO
288783,241997,"{'time': 1.6655642200293137, 'inv_time': 0.6003971434871482}",RELATED_TO
288783,241953,"{'time': 1.6655642200293137, 'inv_time': 0.6003971434871482}",RELATED_TO
288783,241987,"{'time': 1.6655642200293137, 'inv_time': 0.6003971434871482}",RELATED_TO
288639,241941,"{'time': 1.6655642200293137, 'inv_time': 0.6003971434871482}",RELATED_TO
288639,242043,"{'time': 1.6655642200293137, 'inv_time': 0.6003971434871482}",RELATED_TO
288639,241997,"{'time': 1.6655642200293137, 'inv_time': 0.6003971434871482}",RELATED_TO
288639,241953,"{'time': 1.6655642200293137, 'inv_time': 0.6003971434871482}",RELATED_TO
288639,241987,"{'time': 1.6655642200293137, 'inv_time': 0.6003971434871482}",RELATED_TO
241941,238996,"{'time': 1.6655642200293137, 'inv_time': 0.6003971434871482}",RELATED_TO
241941,239030,"{'time': 1.6655642200293137, 'inv_time': 0.6003971434871482}",RELATED_TO
241941,239097,"{'time': 1.6655642200293137, 'inv_time': 0.6003971434871482}",RELATED_TO
241941,239086,"{'time': 1.6655642200293137, 'inv_time': 0.6003971434871482}",RELATED_TO
241941,239120,"{'time': 1.6655642200293137, 'inv_time': 0.6003971434871482}",RELATED_TO
241941,239379,"{'time': 1.6655642200293137, 'inv_time': 0.6003971434871482}",RELATED_TO
241941,239413,"{'time': 1.6655642200293137, 'inv_time': 0.6003971434871482}",RELATED_TO
241941,239435,"{'time': 1.6655642200293137, 'inv_time': 0.6003971434871482}",RELATED_TO
242043,238996,"{'time': 1.6655642200293137, 'inv_time': 0.6003971434871482}",RELATED_TO
242043,239030,"{'time': 1.6655642200293137, 'inv_time': 0.6003971434871482}",RELATED_TO
242043,239097,"{'time': 1.6655642200293137, 'inv_time': 0.6003971434871482}",RELATED_TO
242043,239086,"{'time': 1.6655642200293137, 'inv_time': 0.6003971434871482}",RELATED_TO
242043,239120,"{'time': 1.6655642200293137, 'inv_time': 0.6003971434871482}",RELATED_TO
242043,239379,"{'time': 1.6655642200293137, 'inv_time': 0.6003971434871482}",RELATED_TO
242043,239413,"{'time': 1.6655642200293137, 'inv_time': 0.6003971434871482}",RELATED_TO
242043,239435,"{'time': 1.6655642200293137, 'inv_time': 0.6003971434871482}",RELATED_TO
241997,238996,"{'time': 1.6655642200293137, 'inv_time': 0.6003971434871482}",RELATED_TO
241997,239030,"{'time': 1.6655642200293137, 'inv_time': 0.6003971434871482}",RELATED_TO
241997,239097,"{'time': 1.6655642200293137, 'inv_time': 0.6003971434871482}",RELATED_TO
241997,239086,"{'time': 1.6655642200293137, 'inv_time': 0.6003971434871482}",RELATED_TO
241997,239120,"{'time': 1.6655642200293137, 'inv_time': 0.6003971434871482}",RELATED_TO
241997,239379,"{'time': 1.6655642200293137, 'inv_time': 0.6003971434871482}",RELATED_TO
241997,239413,"{'time': 1.6655642200293137, 'inv_time': 0.6003971434871482}",RELATED_TO
241997,239435,"{'time': 1.6655642200293137, 'inv_time': 0.6003971434871482}",RELATED_TO
241953,238996,"{'time': 1.6655642200293137, 'inv_time': 0.6003971434871482}",RELATED_TO
241953,239030,"{'time': 1.6655642200293137, 'inv_time': 0.6003971434871482}",RELATED_TO
241953,239097,"{'time': 1.6655642200293137, 'inv_time': 0.6003971434871482}",RELATED_TO
241953,239086,"{'time': 1.6655642200293137, 'inv_time': 0.6003971434871482}",RELATED_TO
241953,239120,"{'time': 1.6655642200293137, 'inv_time': 0.6003971434871482}",RELATED_TO
241953,239379,"{'time': 1.6655642200293137, 'inv_time': 0.6003971434871482}",RELATED_TO
241953,239413,"{'time': 1.6655642200293137, 'inv_time': 0.6003971434871482}",RELATED_TO
241953,239435,"{'time': 1.6655642200293137, 'inv_time': 0.6003971434871482}",RELATED_TO
241987,238996,"{'time': 1.6655642200293137, 'inv_time': 0.6003971434871482}",RELATED_TO
241987,239030,"{'time': 1.6655642200293137, 'inv_time': 0.6003971434871482}",RELATED_TO
241987,239097,"{'time': 1.6655642200293137, 'inv_time': 0.6003971434871482}",RELATED_TO
241987,239086,"{'time': 1.6655642200293137, 'inv_time': 0.6003971434871482}",RELATED_TO
241987,239120,"{'time': 1.6655642200293137, 'inv_time': 0.6003971434871482}",RELATED_TO
241987,239379,"{'time': 1.6655642200293137, 'inv_time': 0.6003971434871482}",RELATED_TO
241987,239413,"{'time': 1.6655642200293137, 'inv_time': 0.6003971434871482}",RELATED_TO
241987,239435,"{'time': 1.6655642200293137, 'inv_time': 0.6003971434871482}",RELATED_TO
